scenario,policy,seed,mode_transitions,channel_switches,detection_latency_s,false_alarms,surfacing_commanded,surfaced,completed,waypoints_captured,waypoints_surveyed,waypoints_total,coverage_fraction,elapsed_s,rms_cross_track_m,max_cross_track_m,safety_violations,path_length_m,path_overhead,mean_altitude_m,swath_coverage,terminal_error_m,aiding_availability,rms_position_error_m,p95_position_error_m
E10_current_steady,ablation_a1,20001000,1,0,,1,False,False,True,8,8,8,1.0,191.19999999999342,0.09255571427906009,0.21805946865678338,0,95.21743789757797,-0.028393490841041147,2.998989718271183,0.9996632394237276,0.09737977880125379,0.46548117154811713,0.17471240906492175,0.3049861302489444
E10_current_steady,ablation_a2,20001000,1,0,,1,False,False,True,8,8,8,1.0,191.19999999999342,0.09255571427906009,0.21805946865678338,0,95.21743789757797,-0.028393490841041147,2.998989718271183,0.9996632394237276,0.09737977880125379,0.46548117154811713,0.17471240906492175,0.3049861302489444
E10_current_steady,covariance_only,20001000,0,0,,0,False,False,True,8,8,8,1.0,190.89999999999344,0.08913362930991281,0.3132467967493322,0,95.06737533481383,-0.02992474148149149,2.99906841987373,0.9996894732912432,0.2402061289719029,0.998952331063384,0.1855490010543851,0.2798099217871475
E10_current_steady,dead_reckoning,20001000,0,0,,0,False,False,True,8,8,8,1.0,191.5999999999934,0.2104844644399969,0.3255027848659928,0,95.42282102850744,-0.02629774460706691,2.9990741541931496,0.9996913847310499,0.3435239387193984,0.0005219206680584551,0.319639066888505,0.49431207040813346
E10_current_steady,fixed,20001000,0,1,,0,False,False,True,8,8,8,1.0,378.80000000001763,0.08688968925882883,0.28165751076179424,0,94.46691002892265,-0.03605193848038102,2.9998447096805982,0.9999482365601994,0.15665550972004727,0.7243928194297783,0.12293043450775612,0.17931600998140002
E10_current_steady,oracle,20001000,0,1,,0,False,False,True,8,8,8,1.0,378.7000000000176,0.05950052983029412,0.28624152488824706,0,95.21946822440681,-0.02837277322033871,1.0193791457335586,0.33979304857785286,0.019878806322171864,1.0,0.03010002296351956,0.036414811719793556
E10_current_steady,proposed,20001000,1,0,,1,False,False,True,8,8,8,1.0,191.19999999999342,0.09255571427906009,0.21805946865678338,0,95.21743789757797,-0.028393490841041147,2.998989718271183,0.9996632394237276,0.09737977880125379,0.46548117154811713,0.17471240906492175,0.3049861302489444
E10_current_steady,residual_only,20001000,0,0,,0,False,False,True,8,8,8,1.0,191.19999999999342,0.09255571427906009,0.21805946865678338,0,95.21743789757797,-0.028393490841041147,2.998989718271183,0.9996632394237276,0.09737977880125379,0.46548117154811713,0.17471240906492175,0.3049861302489444
E10_current_steady,ablation_a1,20001001,1,0,,1,False,False,True,8,8,8,1.0,190.99999999999343,0.07780110851356795,0.2710243443410043,0,94.72289152053551,-0.033439882443515145,2.999499360176214,0.9998331200587379,0.12008597552241768,0.7198952879581152,0.10209578933324989,0.15272179036470296
E10_current_steady,ablation_a2,20001001,1,0,,1,False,False,True,8,8,8,1.0,190.99999999999343,0.07780110851356795,0.2710243443410043,0,94.72289152053551,-0.033439882443515145,2.999499360176214,0.9998331200587379,0.12008597552241768,0.7198952879581152,0.10209578933324989,0.15272179036470296
E10_current_steady,covariance_only,20001001,0,0,,0,False,False,True,8,8,8,1.0,191.4999999999934,0.0637473690797801,0.25014484511006874,0,94.98790809369584,-0.030735631696981236,2.9994385110317205,0.9998128370105736,0.16712228250622838,0.9994778067885117,0.13452372502155846,0.20254046721414706
E10_current_steady,dead_reckoning,20001001,0,0,,0,False,False,True,8,8,8,1.0,191.7999999999934,0.14051645736491972,0.21007955808966194,0,95.14080221568018,-0.029175487595100136,2.9994281209162867,0.9998093736387622,0.22213102077231778,0.0005213764337851929,0.2330766824066187,0.3579447220798344
E10_current_steady,fixed,20001001,0,1,,0,False,False,True,8,8,8,1.0,378.7000000000176,0.0810380979566555,0.2726719669020694,0,94.49647915047663,-0.035750212750238486,3.0012387864240537,1.000412928808018,0.11409939744234375,0.7272247161341431,0.08347885820811997,0.11729877663931085
E10_current_steady,oracle,20001001,0,0,,0,False,False,True,8,8,8,1.0,191.4999999999934,0.05406286643047272,0.32997001709682294,0,95.64671801819412,-0.024013081446998763,1.0365828419026042,0.34552761396753473,0.3074420872673398,0.07415143603133159,0.19542163659948883,0.31110876512094576
E10_current_steady,proposed,20001001,1,0,,1,False,False,True,8,8,8,1.0,190.99999999999343,0.07780110851356795,0.2710243443410043,0,94.72289152053551,-0.033439882443515145,2.999499360176214,0.9998331200587379,0.12008597552241768,0.7198952879581152,0.10209578933324989,0.15272179036470296
E10_current_steady,residual_only,20001001,0,0,,0,False,False,True,8,8,8,1.0,190.99999999999343,0.07780110851356795,0.2710243443410043,0,94.72289152053551,-0.033439882443515145,2.999499360176214,0.9998331200587379,0.12008597552241768,0.7198952879581152,0.10209578933324989,0.15272179036470296
E10_current_steady,ablation_a1,20001002,1,0,,1,False,False,True,8,8,8,1.0,190.79999999999345,0.0713845435263637,0.19077381353274125,0,94.70139288019445,-0.03365925632454647,2.9987219272837735,0.9995739757612578,0.044896415626285845,0.9465408805031447,0.06628851315705875,0.09544242488752308
E10_current_steady,ablation_a2,20001002,1,0,,1,False,False,True,8,8,8,1.0,190.79999999999345,0.0713845435263637,0.19077381353274125,0,94.70139288019445,-0.03365925632454647,2.9987219272837735,0.9995739757612578,0.044896415626285845,0.9465408805031447,0.06628851315705875,0.09544242488752308
E10_current_steady,covariance_only,20001002,0,0,,0,False,False,True,8,8,8,1.0,190.69999999999345,0.0734409330468121,0.22738493619441646,0,94.6707301010447,-0.03397214182607455,2.998748623853957,0.9995828746179857,0.08693245593227251,0.9979024646040902,0.08821604759068832,0.12321612824747123
E10_current_steady,dead_reckoning,20001002,0,0,,0,False,False,True,8,8,8,1.0,191.09999999999343,0.08068305933210197,0.13203332127425726,0,94.86657703836269,-0.0319737036901766,2.9987525026642854,0.9995841675547618,0.1301362657217544,0.0005232862375719519,0.16117401966565206,0.23530456970396912
E10_current_steady,fixed,20001002,0,1,,0,False,False,True,8,8,8,1.0,378.7000000000176,0.09716789145257804,0.2574299223620242,0,94.41882151034764,-0.03654263764951382,2.998989850307058,0.999663283435686,0.05090958201745253,0.7475574333245313,0.04270314292724514,0.0662177183362097
E10_current_steady,oracle,20001002,0,1,,0,False,False,True,8,8,8,1.0,190.69999999999345,0.06152086885429054,0.19257657380979865,0,95.16323899648589,-0.028946540852184843,1.0412663186534958,0.34708877288449863,0.032222347540938764,1.0,0.05248901203260611,0.06787566236315862
E10_current_steady,proposed,20001002,1,0,,1,False,False,True,8,8,8,1.0,190.79999999999345,0.0713845435263637,0.19077381353274125,0,94.70139288019445,-0.03365925632454647,2.9987219272837735,0.9995739757612578,0.044896415626285845,0.9465408805031447,0.06628851315705875,0.09544242488752308
E10_current_steady,residual_only,20001002,0,0,,0,False,False,True,8,8,8,1.0,190.79999999999345,0.0713845435263637,0.19077381353274125,0,94.70139288019445,-0.03365925632454647,2.9987219272837735,0.9995739757612578,0.044896415626285845,0.9465408805031447,0.06628851315705875,0.09544242488752308
E10_current_steady,ablation_a1,20001003,1,0,,1,False,False,True,8,8,8,1.0,190.09999999999349,0.0664660158387378,0.23965476360310145,0,94.52146784607835,-0.03549522606042499,3.0000820174850262,1.0000273391616754,0.11390616736599793,0.6801683324566018,0.11110427793162347,0.24465647275961233
E10_current_steady,ablation_a2,20001003,1,0,,1,False,False,True,8,8,8,1.0,190.09999999999349,0.0664660158387378,0.23965476360310145,0,94.52146784607835,-0.03549522606042499,3.0000820174850262,1.0000273391616754,0.11390616736599793,0.6801683324566018,0.11110427793162347,0.24465647275961233
E10_current_steady,covariance_only,20001003,0,0,,0,False,False,True,8,8,8,1.0,189.9999999999935,0.1039324655076057,0.28505690857925536,0,94.43957251484345,-0.03633089270567913,3.0001207010399518,1.0000402336799838,0.10632705466393604,0.9989473684210526,0.09714123760584714,0.1837291324515866
E10_current_steady,dead_reckoning,20001003,0,0,,0,False,False,True,8,8,8,1.0,189.9999999999935,0.20317818751408365,0.4287292336955648,0,94.43864528933902,-0.036340354190418145,3.0001275568722665,1.0000425189574222,0.20476938455687946,0.0005263157894736842,0.19319947321798964,0.2796787947050516
E10_current_steady,fixed,20001003,0,1,,0,False,False,True,8,8,8,1.0,379.70000000001784,0.11115456498911705,0.30342788954968647,0,94.19236365897027,-0.038853432051323855,3.000239375357064,1.000079791785688,0.10763545191800827,0.7421648670002634,0.07380390713812202,0.1246715761449813
E10_current_steady,oracle,20001003,0,1,,0,False,False,True,8,8,8,1.0,190.29999999999347,0.06187371674368977,0.2653814571691857,0,94.79844643890947,-0.032668913888678874,2.013918748513418,0.6713062495044726,0.1466347779207585,0.4997372569626905,0.12626714309179204,0.2684745202668297
E10_current_steady,proposed,20001003,1,0,,1,False,False,True,8,8,8,1.0,190.09999999999349,0.0664660158387378,0.23965476360310145,0,94.52146784607835,-0.03549522606042499,3.0000820174850262,1.0000273391616754,0.11390616736599793,0.6801683324566018,0.11110427793162347,0.24465647275961233
E10_current_steady,residual_only,20001003,0,0,,0,False,False,True,8,8,8,1.0,190.09999999999349,0.0664660158387378,0.23965476360310145,0,94.52146784607835,-0.03549522606042499,3.0000820174850262,1.0000273391616754,0.11390616736599793,0.6801683324566018,0.11110427793162347,0.24465647275961233
E10_current_steady,ablation_a1,20001004,1,0,,1,False,False,True,8,8,8,1.0,190.59999999999346,0.07273465335764442,0.24275063811249353,0,94.58181499444825,-0.034879438832160714,2.9983892737808095,0.9994630912602699,0.157113853050031,0.6327387198321092,0.12300157586097851,0.2629669763015534
E10_current_steady,ablation_a2,20001004,1,0,,1,False,False,True,8,8,8,1.0,190.59999999999346,0.07273465335764442,0.24275063811249353,0,94.58181499444825,-0.034879438832160714,2.9983892737808095,0.9994630912602699,0.157113853050031,0.6327387198321092,0.12300157586097851,0.2629669763015534
E10_current_steady,covariance_only,20001004,0,0,,0,False,False,True,8,8,8,1.0,190.59999999999346,0.11601104733103446,0.33564601029378593,0,94.56750442945902,-0.03502546500552017,2.998367860986629,0.9994559536622097,0.11426931867385673,0.9989506820566632,0.11402578520695704,0.20160290411209886
E10_current_steady,dead_reckoning,20001004,0,0,,0,False,False,True,8,8,8,1.0,190.39999999999347,0.26783722371485746,0.5510829337038405,0,94.46792253803221,-0.0360416067547733,2.9983703404781057,0.9994567801593686,0.181655149985985,0.0005252100840336134,0.228773230122373,0.33370771908129504
E10_current_steady,fixed,20001004,0,1,,0,False,False,True,8,8,8,1.0,379.0000000000177,0.11684075812053203,0.3238208592622911,0,94.43694878785604,-0.036357665430040376,3.00065346271115,1.0002178209037167,0.12716537942645037,0.7401055408970977,0.0857385888098933,0.1326967618509627
E10_current_steady,oracle,20001004,0,1,,0,False,False,True,8,8,8,1.0,190.59999999999346,0.06378519247254427,0.28872021529069336,0,94.91955891685215,-0.03143307227701886,2.0099593849130777,0.6699864616376926,0.19048962225470836,0.4260230849947534,0.1407642775033663,0.28763587782165245
E10_current_steady,proposed,20001004,1,0,,1,False,False,True,8,8,8,1.0,190.59999999999346,0.07273465335764442,0.24275063811249353,0,94.58181499444825,-0.034879438832160714,2.9983892737808095,0.9994630912602699,0.157113853050031,0.6327387198321092,0.12300157586097851,0.2629669763015534
E10_current_steady,residual_only,20001004,0,0,,0,False,False,True,8,8,8,1.0,190.59999999999346,0.07273465335764442,0.24275063811249353,0,94.58181499444825,-0.034879438832160714,2.9983892737808095,0.9994630912602699,0.157113853050031,0.6327387198321092,0.12300157586097851,0.2629669763015534
E10_current_steady,ablation_a1,20001005,1,0,,1,False,False,True,8,8,8,1.0,189.29999999999353,0.08577422770091384,0.25062492482319954,0,94.35346791734216,-0.03720951104752901,3.0021355260135487,1.0007118420045162,0.014947202224463538,0.9281563655573164,0.05305071326761902,0.09929980701532282
E10_current_steady,ablation_a2,20001005,1,0,,1,False,False,True,8,8,8,1.0,189.29999999999353,0.08577422770091384,0.25062492482319954,0,94.35346791734216,-0.03720951104752901,3.0021355260135487,1.0007118420045162,0.014947202224463538,0.9281563655573164,0.05305071326761902,0.09929980701532282
E10_current_steady,covariance_only,20001005,0,0,,0,False,False,True,8,8,8,1.0,189.09999999999354,0.10062004280120894,0.25798553594437656,0,94.24223839165079,-0.03834450620764507,3.0022313883083975,1.0007437961027992,0.05206355175055058,0.9994711792702274,0.08438337667012837,0.14857838244401986
E10_current_steady,dead_reckoning,20001005,0,0,,0,False,False,True,8,8,8,1.0,189.09999999999354,0.086588455354299,0.3617121216846755,0,94.24338828764716,-0.038332772575028984,3.0022323448606003,1.0007441149535334,0.16750084678171065,0.0005288207297726071,0.16533082469102806,0.2635306125898744
E10_current_steady,fixed,20001005,0,1,,0,False,False,True,8,8,8,1.0,376.100000000017,0.09483269874150227,0.29170134637010925,0,94.02664245764579,-0.040544464717900075,3.001352949299257,1.0004509830997523,0.05518739709973962,0.7505982451475671,0.04026865762766964,0.07406638024607824
E10_current_steady,oracle,20001005,0,1,,0,False,False,True,8,8,8,1.0,189.8999999999935,0.06522362998535468,0.21062842074139354,0,94.62992397447425,-0.034388530872711764,2.0123561146559688,0.6707853715519896,0.004867473084480339,0.9310163243812533,0.045760247352688715,0.08310478793694319
E10_current_steady,proposed,20001005,1,0,,1,False,False,True,8,8,8,1.0,189.29999999999353,0.08577422770091384,0.25062492482319954,0,94.35346791734216,-0.03720951104752901,3.0021355260135487,1.0007118420045162,0.014947202224463538,0.9281563655573164,0.05305071326761902,0.09929980701532282
E10_current_steady,residual_only,20001005,0,0,,0,False,False,True,8,8,8,1.0,189.29999999999353,0.08577422770091384,0.25062492482319954,0,94.35346791734216,-0.03720951104752901,3.0021355260135487,1.0007118420045162,0.014947202224463538,0.9281563655573164,0.05305071326761902,0.09929980701532282
E10_current_steady,ablation_a1,20001006,1,0,,1,False,False,True,8,8,8,1.0,191.19999999999342,0.06406231284886849,0.1947024284918255,0,94.97788122341483,-0.03083794669984874,3.0012242238463385,1.0004080746154462,0.09328913100142082,0.8666317991631799,0.09108352443234582,0.11482216673797487
E10_current_steady,ablation_a2,20001006,1,0,,1,False,False,True,8,8,8,1.0,191.19999999999342,0.06406231284886849,0.1947024284918255,0,94.97788122341483,-0.03083794669984874,3.0012242238463385,1.0004080746154462,0.09328913100142082,0.8666317991631799,0.09108352443234582,0.11482216673797487
E10_current_steady,covariance_only,20001006,0,0,,0,False,False,True,8,8,8,1.0,191.5999999999934,0.05129006780174549,0.19645625542993628,0,95.21518715018453,-0.028416457651178284,3.0012762095669108,1.0004254031889703,0.1488503935236848,0.9994780793319415,0.11907900320362073,0.16320074843491214
E10_current_steady,dead_reckoning,20001006,0,0,,0,False,False,True,8,8,8,1.0,192.09999999999337,0.15869280189706658,0.22173617932493528,0,95.47349315226687,-0.02578068211972584,3.0012691251469787,1.0004230417156597,0.2286213172767399,0.0005205622071837585,0.23587281399386048,0.34347431121165617
E10_current_steady,fixed,20001006,0,1,,0,False,False,True,8,8,8,1.0,380.8000000000181,0.07570899966876744,0.2324325437797108,0,94.64465570527868,-0.034238207088993056,2.999273495038112,0.9997578316793706,0.08989568913188775,0.751313025210084,0.06990716016665423,0.10466096062720419
E10_current_steady,oracle,20001006,0,1,,0,False,False,True,8,8,8,1.0,191.29999999999342,0.042678564385949504,0.18957905722698287,0,95.10011310813985,-0.029590682570001525,3.002583419909878,1.0008611399699594,0.11486215719206319,0.7548353371667538,0.11014943090759131,0.1689693204872739
E10_current_steady,proposed,20001006,1,0,,1,False,False,True,8,8,8,1.0,191.19999999999342,0.06406231284886849,0.1947024284918255,0,94.97788122341483,-0.03083794669984874,3.0012242238463385,1.0004080746154462,0.09328913100142082,0.8666317991631799,0.09108352443234582,0.11482216673797487
E10_current_steady,residual_only,20001006,0,0,,0,False,False,True,8,8,8,1.0,191.19999999999342,0.06406231284886849,0.1947024284918255,0,94.97788122341483,-0.03083794669984874,3.0012242238463385,1.0004080746154462,0.09328913100142082,0.8666317991631799,0.09108352443234582,0.11482216673797487
E10_current_steady,ablation_a1,20001007,1,0,,1,False,False,True,8,8,8,1.0,190.89999999999344,0.07831004103075073,0.20208851917154114,0,94.84195959616737,-0.03222490207992479,3.0003526342278284,1.0001175447426094,0.06895827493332571,0.9135673127291776,0.07022895541359041,0.11584535694049179
E10_current_steady,ablation_a2,20001007,1,0,,1,False,False,True,8,8,8,1.0,190.89999999999344,0.07831004103075073,0.20208851917154114,0,94.84195959616737,-0.03222490207992479,3.0003526342278284,1.0001175447426094,0.06895827493332571,0.9135673127291776,0.07022895541359041,0.11584535694049179
E10_current_steady,covariance_only,20001007,0,0,,0,False,False,True,8,8,8,1.0,190.79999999999345,0.09547441142713772,0.2641170058653586,0,94.79776579873783,-0.0326758591965528,3.0003352203284823,1.000111740109494,0.07474098365637204,0.999475890985325,0.08771714182137864,0.1502266529222625
E10_current_steady,dead_reckoning,20001007,0,0,,0,False,False,True,8,8,8,1.0,191.09999999999343,0.14604621571050172,0.3267582109778342,0,94.95066006213166,-0.031115713651717725,3.0003271472056254,1.0001090490685418,0.15095043654296345,0.0005232862375719519,0.16094914282729914,0.24536774907211764
E10_current_steady,fixed,20001007,0,1,,0,False,False,True,8,8,8,1.0,379.2000000000177,0.09206074883367475,0.26416275853346427,0,94.50438988554559,-0.03566949096382044,3.000537470393654,1.0001791567978846,0.07409913861321643,0.7550105485232067,0.059141136808199206,0.0973244949210959
E10_current_steady,oracle,20001007,0,1,,0,False,False,True,8,8,8,1.0,190.99999999999343,0.04756710678816644,0.1793877594844644,0,95.35790375188054,-0.026960165797137337,1.0393330817547781,0.34644436058492606,0.1784577510650024,0.2942408376963351,0.119558519672907,0.20876395835238615
E10_current_steady,proposed,20001007,1,0,,1,False,False,True,8,8,8,1.0,190.89999999999344,0.07831004103075073,0.20208851917154114,0,94.84195959616737,-0.03222490207992479,3.0003526342278284,1.0001175447426094,0.06895827493332571,0.9135673127291776,0.07022895541359041,0.11584535694049179
E10_current_steady,residual_only,20001007,0,0,,0,False,False,True,8,8,8,1.0,190.89999999999344,0.07831004103075073,0.20208851917154114,0,94.84195959616737,-0.03222490207992479,3.0003526342278284,1.0001175447426094,0.06895827493332571,0.9135673127291776,0.07022895541359041,0.11584535694049179
E10_current_steady,ablation_a1,20001008,1,0,,1,False,False,True,8,8,8,1.0,189.8999999999935,0.12711636715412308,0.38673433249999967,0,94.52649096469116,-0.03544396974804931,2.9990664047679125,0.9996888015893042,0.20689915580877627,0.44075829383886256,0.1385979615605544,0.22648153509592486
E10_current_steady,ablation_a2,20001008,1,0,,1,False,False,True,8,8,8,1.0,189.8999999999935,0.12711636715412308,0.38673433249999967,0,94.52649096469116,-0.03544396974804931,2.9990664047679125,0.9996888015893042,0.20689915580877627,0.44075829383886256,0.1385979615605544,0.22648153509592486
E10_current_steady,covariance_only,20001008,0,0,,0,False,False,True,8,8,8,1.0,189.7999999999935,0.13524796283640825,0.3648663014363116,0,94.46589413603148,-0.03606230473437266,2.999137724961898,0.9997125749872993,0.16754373645826245,1.0,0.15047038415991984,0.24777114309908693
E10_current_steady,dead_reckoning,20001008,0,0,,0,False,False,True,8,8,8,1.0,189.5999999999935,0.29775956987835306,0.5974644687342732,0,94.3613980910163,-0.03712859090799692,2.999139628679731,0.9997132095599103,0.2584719224110348,0.0005274261603375527,0.28094199836655825,0.4116582316291736
E10_current_steady,fixed,20001008,0,1,,0,False,False,True,8,8,8,1.0,378.80000000001763,0.12381630848717742,0.30110365430254404,0,94.42117835702642,-0.03651858819360798,3.000085785454186,1.0000285951513954,0.1478740288357842,0.7225448785638859,0.10676966239687129,0.16853186366138947
E10_current_steady,oracle,20001008,0,1,,0,False,False,True,8,8,8,1.0,190.39999999999347,0.06823553402088375,0.19588298056585352,0,95.21673801876328,-0.028400632461599185,1.0416175972207533,0.3472058657402511,0.10747556501410492,0.9847689075630253,0.08153970533567703,0.1464117304501901
E10_current_steady,proposed,20001008,1,0,,1,False,False,True,8,8,8,1.0,189.8999999999935,0.12711636715412308,0.38673433249999967,0,94.52649096469116,-0.03544396974804931,2.9990664047679125,0.9996888015893042,0.20689915580877627,0.44075829383886256,0.1385979615605544,0.22648153509592486
E10_current_steady,residual_only,20001008,0,0,,0,False,False,True,8,8,8,1.0,189.8999999999935,0.12711636715412308,0.38673433249999967,0,94.52649096469116,-0.03544396974804931,2.9990664047679125,0.9996888015893042,0.20689915580877627,0.44075829383886256,0.1385979615605544,0.22648153509592486
E10_current_steady,ablation_a1,20001009,1,0,,1,False,False,True,8,8,8,1.0,190.19999999999348,0.07567859048041771,0.20952046819915093,0,94.622352362321,-0.034465792221214375,2.9981022812660987,0.9993674270886995,0.029600691085426473,0.9558359621451105,0.059164639105502397,0.08706411662555445
E10_current_steady,ablation_a2,20001009,1,0,,1,False,False,True,8,8,8,1.0,190.19999999999348,0.07567859048041771,0.20952046819915093,0,94.622352362321,-0.034465792221214375,2.9981022812660987,0.9993674270886995,0.029600691085426473,0.9558359621451105,0.059164639105502397,0.08706411662555445
E10_current_steady,covariance_only,20001009,0,0,,0,False,False,True,8,8,8,1.0,190.19999999999348,0.07496153513608352,0.2024495227280685,0,94.63097402205726,-0.034377816101456515,2.9981576039666398,0.99938586798888,0.05623172238900852,1.0,0.0763215478871594,0.10983234059918079
E10_current_steady,dead_reckoning,20001009,0,0,,0,False,False,True,8,8,8,1.0,190.59999999999346,0.05175351882419479,0.2517097629032694,0,94.82846260792672,-0.032362626449727316,2.998162257596832,0.999387419198944,0.09038588709395481,0.0005246589716684155,0.11373861417028569,0.16105572215967048
E10_current_steady,fixed,20001009,0,1,,0,False,False,True,8,8,8,1.0,378.80000000001763,0.08795658633778901,0.2564219318653187,0,94.42121494471496,-0.0365182148498473,3.0005046945361027,1.0001682315120342,0.02634289332532009,0.7457761351636748,0.03472294073194714,0.054787931973134016
E10_current_steady,oracle,20001009,0,1,,0,False,False,True,8,8,8,1.0,190.49999999999346,0.06311069951641711,0.1912136329275098,0,95.24116332822106,-0.028151394609989167,1.0372711093035636,0.3457570364345212,0.025815825792665524,0.9858267716535433,0.0510928878562095,0.06780036584294696
E10_current_steady,proposed,20001009,1,0,,1,False,False,True,8,8,8,1.0,190.19999999999348,0.07567859048041771,0.20952046819915093,0,94.622352362321,-0.034465792221214375,2.9981022812660987,0.9993674270886995,0.029600691085426473,0.9558359621451105,0.059164639105502397,0.08706411662555445
E10_current_steady,residual_only,20001009,0,0,,0,False,False,True,8,8,8,1.0,190.19999999999348,0.07567859048041771,0.20952046819915093,0,94.622352362321,-0.034465792221214375,2.9981022812660987,0.9993674270886995,0.029600691085426473,0.9558359621451105,0.059164639105502397,0.08706411662555445
E11_current_building,ablation_a1,20001000,3,0,,3,False,False,True,8,8,8,1.0,192.29999999999336,0.08287667961421316,0.3582642455229692,0,95.35257590219864,-0.02701453161021794,2.9988651345145096,0.9996217115048366,0.4100965425913839,0.20228809152366095,0.25676435458514163,0.4084039211723268
E11_current_building,ablation_a2,20001000,5,0,,5,False,False,True,8,8,8,1.0,192.29999999999336,0.0733825578634676,0.372402938010751,0,95.31172972272292,-0.02743132935997028,3.0012180659301,1.0004060219767001,0.4249286118377317,0.16640665626625065,0.2629693730885302,0.4175558037786067
E11_current_building,covariance_only,20001000,0,0,,0,False,False,True,8,8,8,1.0,192.39999999999336,0.11207637424229279,0.2108987993365128,0,95.40538634463744,-0.026475649544515978,2.9988920034473807,0.9996306678157936,0.3688698564587957,0.23284823284823286,0.27244054369046605,0.42623932803940434
E11_current_building,dead_reckoning,20001000,0,0,,0,False,False,True,8,8,8,1.0,192.49999999999335,0.17591752964625937,0.27237024899404005,0,95.45642679661681,-0.025954828605950886,2.9988926501766144,0.9996308833922048,0.30829165501719347,0.0005194805194805195,0.30104168450903185,0.46127216740136084
E11_current_building,fixed,20001000,0,1,,0,False,False,True,8,8,8,1.0,380.0000000000179,0.08630799492962704,0.28888130377518184,0,94.91637258761226,-0.03146558584069126,2.9994395099976425,0.9998131699992142,0.21418841398312585,0.08921052631578948,0.17097994375634568,0.2873645985650038
E11_current_building,oracle,20001000,0,1,,0,False,False,True,8,8,8,1.0,191.99999999999338,0.060703465351603564,0.2199927561605617,0,95.35384892550462,-0.02700154157648349,2.0100245251336237,0.6700081750445412,0.22260704591743088,0.6864583333333333,0.17685127528560174,0.3151935923222546
E11_current_building,proposed,20001000,5,0,,5,False,False,True,8,8,8,1.0,192.29999999999336,0.0733825578634676,0.372402938010751,0,95.31172972272292,-0.02743132935997028,3.0012180659301,1.0004060219767001,0.4249286118377317,0.16640665626625065,0.2629693730885302,0.4175558037786067
E11_current_building,residual_only,20001000,0,62,,0,False,False,True,8,8,8,1.0,192.49999999999335,0.09407924461806488,0.320444359630665,0,95.31134988570034,-0.02743520524795573,2.998738279025053,0.9995794263416844,0.4127436065215736,0.3236363636363636,0.23980718985694782,0.39104962862616566
E11_current_building,ablation_a1,20001001,3,0,,3,False,False,True,8,8,8,1.0,192.09999999999337,0.07605758805766184,0.3558702184873166,0,95.01943828932099,-0.030413895006928704,2.9998013706888904,0.9999337902296301,0.3417343699919716,0.22644456012493494,0.20713148198007517,0.33984927271110965
E11_current_building,ablation_a2,20001001,3,0,,3,False,False,True,8,8,8,1.0,192.29999999999336,0.06687920330129626,0.3533492010411532,0,95.13251191166482,-0.02926008253403245,3.0010475640992254,1.000349188033075,0.32469055620608234,0.1918876755070203,0.2059273703006071,0.3280869731662886
E11_current_building,covariance_only,20001001,0,0,,0,False,False,True,8,8,8,1.0,192.29999999999336,0.06806488485696567,0.3359912019469036,0,95.11518107302881,-0.029436927826236636,2.9997737214079256,0.9999245738026419,0.30250010015840445,0.23400936037441497,0.211801609840212,0.32743816399977327
E11_current_building,dead_reckoning,20001001,0,0,,0,False,False,True,8,8,8,1.0,192.49999999999335,0.11247362210287051,0.19705526146103658,0,95.20192661892095,-0.028551769194684162,2.999750905732196,0.9999169685773986,0.23084664004282443,0.0005194805194805195,0.22509998220871247,0.33911762098910775
E11_current_building,fixed,20001001,0,1,,0,False,False,True,8,8,8,1.0,378.7000000000176,0.06801166341559167,0.27583424028436987,0,94.66265149863382,-0.034054576544552795,2.9985125050097317,0.9995041683365772,0.14176392557873954,0.08555584895695802,0.12636404779058055,0.20779524771704108
E11_current_building,oracle,20001001,0,0,,0,False,False,True,8,8,8,1.0,191.5999999999934,0.04898534539807316,0.2039798797591903,0,95.5231247149735,-0.025274237602311178,1.037855306874494,0.34595176895816465,0.07695834304090672,0.2781837160751566,0.13854228599043278,0.22718702616273825
E11_current_building,proposed,20001001,3,0,,3,False,False,True,8,8,8,1.0,192.29999999999336,0.06687920330129626,0.3533492010411532,0,95.13251191166482,-0.02926008253403245,3.0010475640992254,1.000349188033075,0.32469055620608234,0.1918876755070203,0.2059273703006071,0.3280869731662886
E11_current_building,residual_only,20001001,0,60,,0,False,False,True,8,8,8,1.0,191.7999999999934,0.109128911254862,0.3238210364302301,0,95.00874620008642,-0.030522997958301823,2.998097993402451,0.999365997800817,0.32082487245150587,0.35818561001042754,0.18512729388429208,0.3130741130143825
E11_current_building,ablation_a1,20001002,3,0,,3,False,False,True,8,8,8,1.0,191.4999999999934,0.07055984206781551,0.2767423061485168,0,94.89604851416524,-0.031672974345252625,3.0008147543122923,1.0002715847707642,0.17200044082085517,0.22767624020887728,0.11986763856448915,0.19171238849798108
E11_current_building,ablation_a2,20001002,3,0,,3,False,False,True,8,8,8,1.0,191.6999999999934,0.07979110244417359,0.24385575461837794,0,94.90740559282695,-0.03155708578748018,2.998518983473887,0.999506327824629,0.10913192320128255,0.20292123109024518,0.09368662794486002,0.1315156905578914
E11_current_building,covariance_only,20001002,0,0,,0,False,False,True,8,8,8,1.0,191.4999999999934,0.05254807621335909,0.2036983142214166,0,94.89691390193326,-0.0316641438578239,3.0008364272374446,1.0002788090791481,0.1525896040285367,0.2318537859007833,0.12069654465640549,0.18559465334802555
E11_current_building,dead_reckoning,20001002,0,0,,0,False,False,True,8,8,8,1.0,191.5999999999934,0.06911178639523205,0.11532297077186504,0,94.94541771564424,-0.03116920698322201,3.000835566978085,1.0002785223260282,0.13529842642100062,0.0005219206680584551,0.16272624741098377,0.23310204565175752
E11_current_building,fixed,20001002,0,1,,0,False,False,True,8,8,8,1.0,377.4000000000173,0.06353914629411274,0.28497665366594127,0,94.50307463603205,-0.035682911877223944,3.0006229846526944,1.0002076615508981,0.07901563380520601,0.08850026497085321,0.0763719174611429,0.11861656053239289
E11_current_building,oracle,20001002,0,1,,0,False,False,True,8,8,8,1.0,191.29999999999342,0.05376729326442517,0.2730564616348534,0,94.9164129073776,-0.03146517441451424,3.0019201363107695,1.000640045436923,0.15657129042515394,0.13434396236278098,0.1264030918859096,0.19390657177478732
E11_current_building,proposed,20001002,3,0,,3,False,False,True,8,8,8,1.0,191.6999999999934,0.07979110244417359,0.24385575461837794,0,94.90740559282695,-0.03155708578748018,2.998518983473887,0.999506327824629,0.10913192320128255,0.20292123109024518,0.09368662794486002,0.1315156905578914
E11_current_building,residual_only,20001002,0,59,,0,False,False,True,8,8,8,1.0,191.89999999999338,0.08158050738436216,0.2635383462990024,0,94.94191273835625,-0.03120497205758932,2.9965454671819325,0.9988484890606442,0.14349433575729267,0.3658155289213132,0.10307261517715292,0.16000389375377863
E11_current_building,ablation_a1,20001003,3,0,,3,False,False,True,8,8,8,1.0,191.3999999999934,0.15550234083996642,0.36950927079811713,0,94.68877655756319,-0.03378799431057977,2.999559832737,0.999853277579,0.17579200548082616,0.22100313479623823,0.1433741621644361,0.2202535177317138
E11_current_building,ablation_a2,20001003,3,0,,3,False,False,True,8,8,8,1.0,191.19999999999342,0.14872195282121342,0.34686729706770203,0,94.72126211985753,-0.033456508981045685,2.9975702254764816,0.9991900751588272,0.16905342948891236,0.18305439330543932,0.1318451140052976,0.20811998249681837
E11_current_building,covariance_only,20001003,0,0,,0,False,False,True,8,8,8,1.0,191.29999999999342,0.20527870968646567,0.43287429695294577,0,94.63633537872694,-0.034323108380337364,2.9995536003048486,0.9998512001016162,0.1625848854785442,0.23575535807631992,0.1598419443281193,0.24076652789709665
E11_current_building,dead_reckoning,20001003,0,0,,0,False,False,True,8,8,8,1.0,191.3999999999934,0.23611063951551617,0.4687150665554167,0,94.68622405887363,-0.033814040215575214,2.9995493167727894,0.9998497722575964,0.2074471542698942,0.0005224660397074191,0.1973884513598734,0.29043344775883273
E11_current_building,fixed,20001003,0,1,,0,False,False,True,8,8,8,1.0,377.60000000001736,0.18992114254007372,0.4265702401314515,0,94.31118646776741,-0.03764095441053661,2.9989488082380156,0.9996496027460052,0.11730625856825942,0.09004237288135593,0.10628195320064215,0.17067396243835917
E11_current_building,oracle,20001003,0,1,,0,False,False,True,8,8,8,1.0,190.99999999999343,0.07179211404599432,0.20639240524633173,0,95.19621127737464,-0.02861008900638118,1.0373049590708185,0.34576831969027283,0.3034828371379168,0.3020942408376963,0.18781189484682564,0.33464848303076883
E11_current_building,proposed,20001003,3,0,,3,False,False,True,8,8,8,1.0,191.19999999999342,0.14872195282121342,0.34686729706770203,0,94.72126211985753,-0.033456508981045685,2.9975702254764816,0.9991900751588272,0.16905342948891236,0.18305439330543932,0.1318451140052976,0.20811998249681837
E11_current_building,residual_only,20001003,0,59,,0,False,False,True,8,8,8,1.0,190.79999999999345,0.12011845624639662,0.3105958465625207,0,94.62510914392375,-0.034437661796696384,2.9972915135417852,0.999097171180595,0.21162522201597542,0.36268343815513626,0.14566517647728802,0.2500295025329559
E11_current_building,ablation_a1,20001004,3,0,,3,False,False,True,8,8,8,1.0,191.19999999999342,0.14984857539986107,0.3664853531847134,0,94.68700792985643,-0.033806041532077225,2.998808948299267,0.9996029827664223,0.20109801509776737,0.2186192468619247,0.15479487164668987,0.23367885194146942
E11_current_building,ablation_a2,20001004,5,0,,5,False,False,True,8,8,8,1.0,191.3999999999934,0.14977226121460174,0.3615305209970572,0,94.77342908134366,-0.032924193047513595,2.9981639580829085,0.9993879860276361,0.18446928285009445,0.17920585161964472,0.1448809525144876,0.22262650268629233
E11_current_building,covariance_only,20001004,0,0,,0,False,False,True,8,8,8,1.0,191.09999999999343,0.20484433804913926,0.4242456903286196,0,94.63642620192306,-0.03432218161303002,2.998790089021517,0.9995966963405056,0.17766538976433938,0.23757195185766614,0.17389652503739195,0.2590696669033896
E11_current_building,dead_reckoning,20001004,0,0,,0,False,False,True,8,8,8,1.0,191.09999999999343,0.27724752828529775,0.5071269325615564,0,94.63609581569692,-0.03432555290105188,2.998789820265449,0.9995966067551496,0.1771593822349638,0.0005232862375719519,0.22337282192051866,0.3231838433129288
E11_current_building,fixed,20001004,0,1,,0,False,False,True,8,8,8,1.0,377.7000000000174,0.19090091274544255,0.4838790336531682,0,94.48922553339717,-0.03582422925104922,2.9989580706988854,0.9996526902329618,0.13898009818972398,0.08684140852528462,0.13228149918780183,0.18415861282110707
E11_current_building,oracle,20001004,0,1,,0,False,False,True,8,8,8,1.0,191.29999999999342,0.08412227497948765,0.27147661043485627,0,95.03339834214785,-0.030271445488287307,2.012052718737285,0.670684239579095,0.14599364155751984,0.9681129116570831,0.12055954137161039,0.25665991085934625
E11_current_building,proposed,20001004,5,0,,5,False,False,True,8,8,8,1.0,191.3999999999934,0.14977226121460174,0.3615305209970572,0,94.77342908134366,-0.032924193047513595,2.9981639580829085,0.9993879860276361,0.18446928285009445,0.17920585161964472,0.1448809525144876,0.22262650268629233
E11_current_building,residual_only,20001004,0,59,,0,False,False,True,8,8,8,1.0,190.99999999999343,0.11625717400207518,0.3143113112451754,0,94.76718337802782,-0.032987924714001804,2.9990759841734533,0.9996919947244844,0.22050033935766913,0.34450261780104713,0.15206367129319104,0.2514467425605573
E11_current_building,ablation_a1,20001005,3,0,,3,False,False,True,8,8,8,1.0,190.39999999999347,0.12579270441616458,0.2816459614243403,0,94.4887162355581,-0.035829426167774514,3.0003372269848785,1.0001124089949596,0.14245546987680302,0.23004201680672268,0.11482092118127972,0.19442962424324736
E11_current_building,ablation_a2,20001005,5,0,,5,False,False,True,8,8,8,1.0,190.49999999999346,0.1252641741717122,0.26187381754765227,0,94.56230581286876,-0.03507851211358415,3.0005242509958725,1.0001747503319576,0.10312838128763548,0.1931758530183727,0.10043809929257576,0.16719560696278057
E11_current_building,covariance_only,20001005,0,0,,0,False,False,True,8,8,8,1.0,190.29999999999347,0.1122117926604031,0.31498196704798076,0,94.4359321246887,-0.036368039543992814,3.0003553907776706,1.0001184635925569,0.13008079991261226,0.23804519180241723,0.12371274445183825,0.20636622980795857
E11_current_building,dead_reckoning,20001005,0,0,,0,False,False,True,8,8,8,1.0,190.29999999999347,0.08215743544751115,0.2253882932085407,0,94.43491692713519,-0.0363783987027021,3.0003548099525346,1.0001182699841782,0.14259647104992457,0.0005254860746190226,0.1537229094930673,0.24223943640465895
E11_current_building,fixed,20001005,0,1,,0,False,False,True,8,8,8,1.0,375.1000000000168,0.10581499852686538,0.3165910720442433,0,94.09956118411401,-0.03980039608046926,2.9999343482288108,0.9999781160762703,0.06079711740678476,0.09037589976006398,0.0788888288128183,0.14793948813523433
E11_current_building,oracle,20001005,0,0,,0,False,False,True,8,8,8,1.0,377.9000000000174,0.07985889691306919,0.2582785844151285,0,95.31919916284743,-0.027355110583189512,1.019809072895562,0.339936357631854,0.009170967204211485,0.7501984652024345,0.02012500789949081,0.039167117416006224
E11_current_building,proposed,20001005,5,0,,5,False,False,True,8,8,8,1.0,190.49999999999346,0.1252641741717122,0.26187381754765227,0,94.56230581286876,-0.03507851211358415,3.0005242509958725,1.0001747503319576,0.10312838128763548,0.1931758530183727,0.10043809929257576,0.16719560696278057
E11_current_building,residual_only,20001005,0,59,,0,False,False,True,8,8,8,1.0,190.49999999999346,0.12479280096174543,0.26359010081290357,0,94.48009113172947,-0.03591743743133202,2.999455100887645,0.9998183669625483,0.12731462267606644,0.35118110236220473,0.09803085632887985,0.15395719804887315
E11_current_building,ablation_a1,20001006,5,0,,5,False,False,True,8,8,8,1.0,192.49999999999335,0.06301673907006002,0.20497855943569032,0,95.36073994749803,-0.026931225025530248,2.999422522800876,0.999807507600292,0.27607519404853914,0.22857142857142856,0.17243360512917466,0.28380923295401617
E11_current_building,ablation_a2,20001006,3,0,,3,False,False,True,8,8,8,1.0,192.29999999999336,0.057479175454218615,0.18435136929671314,0,95.35890582190011,-0.026949940592856048,3.0015156753436325,1.000505225114544,0.2000682693703112,0.19656786271450857,0.13389703552484217,0.1962512805407981
E11_current_building,covariance_only,20001006,0,0,,0,False,False,True,8,8,8,1.0,192.59999999999334,0.06968207028575185,0.15399423707349813,0,95.41322819837602,-0.026395630628816114,2.9994236226950246,0.9998078742316748,0.2463619731443837,0.23572170301142265,0.1778292087871214,0.2645431613350835
E11_current_building,dead_reckoning,20001006,0,0,,0,False,False,True,8,8,8,1.0,192.69999999999334,0.1425919090274053,0.23962890459380048,0,95.46462933740199,-0.025871129210183752,2.9994215524330756,0.9998071841443585,0.22816123009399572,0.0005189413596263622,0.23926147975293752,0.3457831932932244
E11_current_building,fixed,20001006,0,1,,0,False,False,True,8,8,8,1.0,381.60000000001827,0.06413591283760406,0.25907581161122195,0,95.2058602788231,-0.02851162980792754,3.0013218092993927,1.0004406030997977,0.12462950076358671,0.0870020964360587,0.09473280374661076,0.15589381856192894
E11_current_building,oracle,20001006,0,1,,0,False,False,True,8,8,8,1.0,192.79999999999333,0.043438510018459796,0.23441000971009274,0,95.6278609446095,-0.024205500565209204,2.011468934467106,0.6704896448223687,0.18199498807143127,0.1825726141078838,0.13956995841716516,0.20492612488037146
E11_current_building,proposed,20001006,3,0,,3,False,False,True,8,8,8,1.0,192.29999999999336,0.057479175454218615,0.18435136929671314,0,95.35890582190011,-0.026949940592856048,3.0015156753436325,1.000505225114544,0.2000682693703112,0.19656786271450857,0.13389703552484217,0.1962512805407981
E11_current_building,residual_only,20001006,0,62,,0,False,False,True,8,8,8,1.0,192.59999999999334,0.08916688280803095,0.23912672598662432,0,95.34758832640537,-0.027065425240761498,2.9980164231350273,0.9993388077116757,0.24685728342967914,0.37383177570093457,0.1465816094993899,0.24441130340347514
E11_current_building,ablation_a1,20001007,3,0,,3,False,False,True,8,8,8,1.0,192.09999999999337,0.11466154004134774,0.2699882041462689,0,94.9697928857184,-0.030920480757975488,2.997246953571792,0.999082317857264,0.08679071444471616,0.22904737116085372,0.100346753797261,0.16531408193386055
E11_current_building,ablation_a2,20001007,3,0,,3,False,False,True,8,8,8,1.0,191.3999999999934,0.10496614265654365,0.2863410816421408,0,94.91457749296153,-0.03148390313304561,3.0002053453510626,1.0000684484503541,0.09818445771759893,0.1922675026123302,0.09828463648166669,0.17972829392636178
E11_current_building,covariance_only,20001007,0,0,,0,False,False,True,8,8,8,1.0,191.89999999999338,0.15325414565036652,0.3315758789519676,0,94.87354397397603,-0.03190261251044868,2.99724825731205,0.9990827524373499,0.08820619035481829,0.23710265763418448,0.11904808829678093,0.19221616394944102
E11_current_building,dead_reckoning,20001007,0,0,,0,False,False,True,8,8,8,1.0,191.99999999999338,0.17527675294407033,0.3563576813506555,0,94.92278006992184,-0.03140020336814442,2.997249816569329,0.9990832721897763,0.1525718943534986,0.0005208333333333333,0.1685279367655177,0.25872028097543615
E11_current_building,fixed,20001007,0,1,,0,False,False,True,8,8,8,1.0,379.5000000000178,0.14965002026684976,0.36495036251236046,0,94.85176072793354,-0.03212489053129042,2.9998880996243913,0.9999626998747971,0.08768325139736798,0.0906455862977602,0.0752292009495092,0.1120790856131812
E11_current_building,oracle,20001007,0,1,,0,False,False,True,8,8,8,1.0,191.89999999999338,0.0689993832877002,0.2177396934321396,0,95.53715333759487,-0.025131088391889045,1.0401549325827495,0.3467183108609165,0.2038967049722814,0.3017196456487754,0.1396273662366783,0.2519690463330332
E11_current_building,proposed,20001007,3,0,,3,False,False,True,8,8,8,1.0,191.3999999999934,0.10496614265654365,0.2863410816421408,0,94.91457749296153,-0.03148390313304561,3.0002053453510626,1.0000684484503541,0.09818445771759893,0.1922675026123302,0.09828463648166669,0.17972829392636178
E11_current_building,residual_only,20001007,0,58,,0,False,False,True,8,8,8,1.0,191.5999999999934,0.1057927172492355,0.2784014228254894,0,94.89679500442519,-0.03166535709770213,2.9993852804446477,0.9997950934815493,0.10212542442525076,0.35908141962421714,0.09731637801523689,0.1800828938022544
E11_current_building,ablation_a1,20001008,3,0,,3,False,False,True,8,8,8,1.0,190.89999999999344,0.19887348235044514,0.43969536227179384,0,94.4978818516938,-0.03573589947251221,3.0000474195256044,1.0000158065085347,0.2507253665320428,0.18648507071765322,0.19921503958458142,0.2872862305820242
E11_current_building,ablation_a2,20001008,3,0,,3,False,False,True,8,8,8,1.0,190.69999999999345,0.2021305581776265,0.4534635338765476,0,94.53266157271156,-0.035381004360086066,3.0011363278201286,1.0003787759400429,0.27001730308124156,0.15049816465652857,0.19801014924280386,0.2821700224365667
E11_current_building,covariance_only,20001008,0,0,,0,False,False,True,8,8,8,1.0,190.89999999999344,0.24473806425722885,0.4930663691187398,0,94.49515205193191,-0.03576375457212333,3.0000817538986015,1.0000272512995338,0.2383391583628602,0.2357255107386066,0.22344346654378544,0.3325229485930767
E11_current_building,dead_reckoning,20001008,0,0,,0,False,False,True,8,8,8,1.0,190.89999999999344,0.31659744499798165,0.5796913933240493,0,94.49459002542076,-0.035769489536522814,3.0000820808041704,1.0000273602680567,0.22929613209773336,0.0005238344683080147,0.2735154326000926,0.39785221134713794
E11_current_building,fixed,20001008,0,1,,0,False,False,True,8,8,8,1.0,378.50000000001756,0.2399116483676383,0.5662505494077141,0,94.42730298677593,-0.03645609197167421,3.0005854801843754,1.0001951600614585,0.18271635740026926,0.07582562747688243,0.17693449264781583,0.24925594615781063
E11_current_building,oracle,20001008,0,1,,0,False,False,True,8,8,8,1.0,191.09999999999343,0.07927227866132883,0.19974094098054307,0,95.23345204119912,-0.0282300812122539,1.0414662315893881,0.34715541052979604,0.1084294201868208,1.0,0.09282915759894059,0.18414970325328617
E11_current_building,proposed,20001008,3,0,,3,False,False,True,8,8,8,1.0,190.69999999999345,0.2021305581776265,0.4534635338765476,0,94.53266157271156,-0.035381004360086066,3.0011363278201286,1.0003787759400429,0.27001730308124156,0.15049816465652857,0.19801014924280386,0.2821700224365667
E11_current_building,residual_only,20001008,0,59,,0,False,False,True,8,8,8,1.0,190.29999999999347,0.15302096343698376,0.3653796017868185,0,94.49685401038461,-0.035746387649136624,3.000994568228472,1.000331522742824,0.2920478969681478,0.31266421439831843,0.19406898228173858,0.29843100260899436
E11_current_building,ablation_a1,20001009,5,0,,5,False,False,True,8,8,8,1.0,191.6999999999934,0.06863447749325226,0.20706174059757787,0,94.89921801637222,-0.0316406324859978,2.9999123432233974,0.9999707810744658,0.11870362061260975,0.2310902451747522,0.10269380153224832,0.16132168319481816
E11_current_building,ablation_a2,20001009,3,0,,3,False,False,True,8,8,8,1.0,191.3999999999934,0.08114074716227077,0.21090273226581102,0,94.84052047935253,-0.032239586945382315,2.998268696024204,0.9994228986747347,0.07122164591366288,0.2027168234064786,0.09015509771124366,0.13937126027034297
E11_current_building,covariance_only,20001009,0,0,,0,False,False,True,8,8,8,1.0,191.6999999999934,0.05920649535872678,0.2654759094700321,0,94.89952738760711,-0.03163747563666219,2.9999198976622687,0.9999732992207563,0.10380019754264606,0.23735002608242045,0.10103468206257053,0.15321820196466435
E11_current_building,dead_reckoning,20001009,0,0,,0,False,False,True,8,8,8,1.0,191.7999999999934,0.055478168892737934,0.2513457713077436,0,94.95029005629227,-0.031119489221507424,2.9999190012855133,0.9999730004285045,0.09193443904407693,0.0005213764337851929,0.11427698522033954,0.15763241729698588
E11_current_building,fixed,20001009,0,1,,0,False,False,True,8,8,8,1.0,378.90000000001766,0.10523316845085537,0.2528891495835155,0,94.6033326103082,-0.03465987132338566,3.000101877345755,1.0000339591152516,0.04231658159782619,0.09158089205595144,0.04209087983042054,0.07685056795499574
E11_current_building,oracle,20001009,0,0,,0,False,False,True,8,8,8,1.0,191.6999999999934,0.06863447749325226,0.20706174059757787,0,94.89921801637222,-0.0316406324859978,2.9999123432233974,0.9999707810744658,0.11870362061260975,0.2310902451747522,0.10269380153224832,0.16132168319481816
E11_current_building,proposed,20001009,3,0,,3,False,False,True,8,8,8,1.0,191.3999999999934,0.08114074716227077,0.21090273226581102,0,94.84052047935253,-0.032239586945382315,2.998268696024204,0.9994228986747347,0.07122164591366288,0.2027168234064786,0.09015509771124366,0.13937126027034297
E11_current_building,residual_only,20001009,0,60,,0,False,False,True,8,8,8,1.0,191.3999999999934,0.102027529019729,0.23200640225830416,0,94.82613456300247,-0.03238638201017885,2.999138865314506,0.9997129551048354,0.10838922130871753,0.35266457680250785,0.09155477678899282,0.14526015334549616
E12_current_rotating,ablation_a1,20001000,3,0,0.5000000000005898,2,False,False,True,8,8,8,1.0,192.49999999999335,0.10000744764296597,0.2650828927870754,0,95.14871790365795,-0.029094715268796367,2.997283991871807,0.999094663957269,0.12384940595922865,0.5657142857142857,0.15499207279058363,0.2715982706027064
E12_current_rotating,ablation_a2,20001000,3,0,0.5000000000005898,2,False,False,True,8,8,8,1.0,192.49999999999335,0.10000744764296597,0.2650828927870754,0,95.14871790365795,-0.029094715268796367,2.997283991871807,0.999094663957269,0.12384940595922865,0.5657142857142857,0.15499207279058363,0.2715982706027064
E12_current_rotating,covariance_only,20001000,0,0,,0,False,False,True,8,8,8,1.0,192.09999999999337,0.11300212458040339,0.28680713240366185,0,95.15435457970948,-0.02903719816622985,2.9972651999173228,0.9990883999724409,0.21560827752763778,0.9989588755856325,0.17177875030019443,0.2720249473636047
E12_current_rotating,dead_reckoning,20001000,0,0,,0,False,False,True,8,8,8,1.0,192.59999999999334,0.18802589752802706,0.31282016549499403,0,95.59220784253799,-0.02456930772920418,2.997151862664652,0.9990506208882173,0.3840720947417228,0.0005192107995846313,0.35385883198943485,0.533832949898051
E12_current_rotating,fixed,20001000,0,1,,0,False,False,True,8,8,8,1.0,383.5000000000187,0.25407590700424193,0.36651246584268726,0,94.3365520636275,-0.03738212179971945,2.998010724202411,0.9993369080674704,0.15593715154594925,0.7408083441981748,0.1124133513223654,0.1728754613668924
E12_current_rotating,oracle,20001000,0,1,,0,False,False,True,8,8,8,1.0,192.59999999999334,0.09918710147015866,0.26216478448358993,0,95.19365087656266,-0.028636215545279065,2.997613839930868,0.9992046133102893,0.11720862573135095,0.5233644859813084,0.15802999533995427,0.27963430324527083
E12_current_rotating,proposed,20001000,3,0,0.5000000000005898,2,False,False,True,8,8,8,1.0,192.49999999999335,0.10000744764296597,0.2650828927870754,0,95.14871790365795,-0.029094715268796367,2.997283991871807,0.999094663957269,0.12384940595922865,0.5657142857142857,0.15499207279058363,0.2715982706027064
E12_current_rotating,residual_only,20001000,0,0,,0,False,False,True,8,8,8,1.0,192.49999999999335,0.10000744764296597,0.2650828927870754,0,95.14871790365795,-0.029094715268796367,2.997283991871807,0.999094663957269,0.12384940595922865,0.5657142857142857,0.15499207279058363,0.2715982706027064
E12_current_rotating,ablation_a1,20001001,3,0,0.5000000000005898,2,False,False,True,8,8,8,1.0,192.09999999999337,0.12523773962495793,0.25958903590689086,0,94.93920891505378,-0.031232562091287885,3.002042681456224,1.0006808938187415,0.13133082777815697,0.8261322228006247,0.09130195000804799,0.13438402699249966
E12_current_rotating,ablation_a2,20001001,3,0,0.5000000000005898,2,False,False,True,8,8,8,1.0,192.09999999999337,0.12523773962495793,0.25958903590689086,0,94.93920891505378,-0.031232562091287885,3.002042681456224,1.0006808938187415,0.13133082777815697,0.8261322228006247,0.09130195000804799,0.13438402699249966
E12_current_rotating,covariance_only,20001001,0,0,,0,False,False,True,8,8,8,1.0,192.09999999999337,0.11513400585685514,0.2677702555022443,0,95.07548164938393,-0.029842023985878208,3.0019451530140153,1.0006483843380052,0.1557720219016802,1.0,0.13266194993322866,0.20676749256109103
E12_current_rotating,dead_reckoning,20001001,0,0,,0,False,False,True,8,8,8,1.0,192.19999999999337,0.14345486781721434,0.27375670888363857,0,95.3452126202898,-0.02708966713990002,3.0019472670383793,1.000649089012793,0.32959661688399305,0.0005202913631633715,0.2955205845581023,0.43936025792290617
E12_current_rotating,fixed,20001001,0,1,,0,False,False,True,8,8,8,1.0,381.4000000000182,0.2160939818469915,0.3653970560961888,0,94.26566714942804,-0.03810543725073423,2.9998425828547886,0.9999475276182629,0.10068982923170126,0.7566858940744625,0.07973285664586093,0.11283167968512112
E12_current_rotating,oracle,20001001,0,1,,0,False,False,True,8,8,8,1.0,192.29999999999336,0.10239525682938791,0.25799226014385646,0,95.28979157452498,-0.02765518801505118,2.0101851074089816,0.6700617024696606,0.22752225311962393,0.46437857514300573,0.11788001834217454,0.19645917281360772
E12_current_rotating,proposed,20001001,3,0,0.5000000000005898,2,False,False,True,8,8,8,1.0,192.09999999999337,0.12523773962495793,0.25958903590689086,0,94.93920891505378,-0.031232562091287885,3.002042681456224,1.0006808938187415,0.13133082777815697,0.8261322228006247,0.09130195000804799,0.13438402699249966
E12_current_rotating,residual_only,20001001,0,0,,0,False,False,True,8,8,8,1.0,192.09999999999337,0.12523773962495793,0.25958903590689086,0,94.93920891505378,-0.031232562091287885,3.002042681456224,1.0006808938187415,0.13133082777815697,0.8261322228006247,0.09130195000804799,0.13438402699249966
E12_current_rotating,ablation_a1,20001002,3,0,0.5000000000005898,2,False,False,True,8,8,8,1.0,191.19999999999342,0.11680481631397406,0.24928859152245453,0,94.6703392717098,-0.03397612988051213,2.9994004782442456,0.9998001594147485,0.053784753814617246,0.9440376569037657,0.06864055200805969,0.10223003207560176
E12_current_rotating,ablation_a2,20001002,3,0,0.5000000000005898,2,False,False,True,8,8,8,1.0,191.19999999999342,0.11680481631397406,0.24928859152245453,0,94.6703392717098,-0.03397612988051213,2.9994004782442456,0.9998001594147485,0.053784753814617246,0.9440376569037657,0.06864055200805969,0.10223003207560176
E12_current_rotating,covariance_only,20001002,0,0,,0,False,False,True,8,8,8,1.0,191.3999999999934,0.10826845314705964,0.2778793031738669,0,94.88065777349287,-0.03183002271946045,2.9992907990132007,0.9997635996710669,0.08824360367635911,1.0,0.09379640997544754,0.1380344400528805
E12_current_rotating,dead_reckoning,20001002,0,0,,0,False,False,True,8,8,8,1.0,191.29999999999342,0.09848460741768869,0.21590614816410003,0,95.0122636402095,-0.030487105712147966,2.999189745171647,0.9997299150572156,0.1645639412869669,0.0005227391531625719,0.1901962042083943,0.2617191550867742
E12_current_rotating,fixed,20001002,0,1,,0,False,False,True,8,8,8,1.0,381.2000000000182,0.2091517781483377,0.3515433454703061,0,94.27304425035162,-0.03803016071069776,2.999741533904361,0.9999138446347869,0.04171154944391366,0.7612801678908709,0.0423898983541248,0.06557479999785272
E12_current_rotating,oracle,20001002,0,1,,0,False,False,True,8,8,8,1.0,191.5999999999934,0.10118528718228408,0.2277284681641718,0,95.34761742644524,-0.027065128301579144,1.0373720896322909,0.34579069654409694,0.03165644777319772,1.0,0.05278174154103925,0.06884490775661209
E12_current_rotating,proposed,20001002,3,0,0.5000000000005898,2,False,False,True,8,8,8,1.0,191.19999999999342,0.11680481631397406,0.24928859152245453,0,94.6703392717098,-0.03397612988051213,2.9994004782442456,0.9998001594147485,0.053784753814617246,0.9440376569037657,0.06864055200805969,0.10223003207560176
E12_current_rotating,residual_only,20001002,0,0,,0,False,False,True,8,8,8,1.0,191.19999999999342,0.11680481631397406,0.24928859152245453,0,94.6703392717098,-0.03397612988051213,2.9994004782442456,0.9998001594147485,0.053784753814617246,0.9440376569037657,0.06864055200805969,0.10223003207560176
E12_current_rotating,ablation_a1,20001003,3,0,0.5000000000005898,2,False,False,True,8,8,8,1.0,191.3999999999934,0.11391923798740512,0.28360125925570046,0,94.76267869834682,-0.033033890833195745,2.999985852452335,0.9999952841507783,0.12148425637287878,0.8145245559038663,0.07372323597802066,0.12620694964278031
E12_current_rotating,ablation_a2,20001003,3,0,0.5000000000005898,2,False,False,True,8,8,8,1.0,191.3999999999934,0.11391923798740512,0.28360125925570046,0,94.76267869834682,-0.033033890833195745,2.999985852452335,0.9999952841507783,0.12148425637287878,0.8145245559038663,0.07372323597802066,0.12620694964278031
E12_current_rotating,covariance_only,20001003,0,0,,0,False,False,True,8,8,8,1.0,190.89999999999344,0.13952083609379906,0.34509264526916894,0,94.5810586304266,-0.03488715683238164,2.999916785475843,0.999972261825281,0.09817246178920701,0.997904662126768,0.09099555687390647,0.13932224819513267
E12_current_rotating,dead_reckoning,20001003,0,0,,0,False,False,True,8,8,8,1.0,190.69999999999345,0.2181019381750852,0.47088869186373117,0,94.6458535051986,-0.0342259846408306,2.9999865993756507,0.9999955331252169,0.1473398541627238,0.0005243838489774515,0.18006953559634975,0.26018558749136306
E12_current_rotating,fixed,20001003,0,1,,0,False,False,True,8,8,8,1.0,382.40000000001845,0.1484003358386698,0.3404096893688848,0,94.10925009301668,-0.039701529663095037,3.0000158811009903,1.00000529370033,0.09769097652742235,0.7518305439330544,0.07144476182831641,0.12296572498457693
E12_current_rotating,oracle,20001003,0,1,,0,False,False,True,8,8,8,1.0,191.4999999999934,0.09904010548274748,0.22832215186834937,0,95.44627033657139,-0.02605846595335315,1.0387959519560348,0.34626531731867827,0.03452279476852052,0.9874673629242819,0.052380619442392286,0.07626853052543167
E12_current_rotating,proposed,20001003,3,0,0.5000000000005898,2,False,False,True,8,8,8,1.0,191.3999999999934,0.11391923798740512,0.28360125925570046,0,94.76267869834682,-0.033033890833195745,2.999985852452335,0.9999952841507783,0.12148425637287878,0.8145245559038663,0.07372323597802066,0.12620694964278031
E12_current_rotating,residual_only,20001003,0,0,,0,False,False,True,8,8,8,1.0,191.3999999999934,0.11391923798740512,0.28360125925570046,0,94.76267869834682,-0.033033890833195745,2.999985852452335,0.9999952841507783,0.12148425637287878,0.8145245559038663,0.07372323597802066,0.12620694964278031
E12_current_rotating,ablation_a1,20001004,3,0,0.5000000000005898,2,False,False,True,8,8,8,1.0,191.29999999999342,0.10280402563974604,0.2705909705889731,0,94.83004759603077,-0.0323464531017269,2.9974676829051004,0.9991558943017002,0.15538824758034742,0.7433350757971772,0.0883040295228735,0.1472943040065901
E12_current_rotating,ablation_a2,20001004,3,0,0.5000000000005898,2,False,False,True,8,8,8,1.0,191.29999999999342,0.10280402563974604,0.2705909705889731,0,94.83004759603077,-0.0323464531017269,2.9974676829051004,0.9991558943017002,0.15538824758034742,0.7433350757971772,0.0883040295228735,0.1472943040065901
E12_current_rotating,covariance_only,20001004,0,0,,0,False,False,True,8,8,8,1.0,190.99999999999343,0.1378984690654694,0.3450116058900665,0,94.77440064058135,-0.03291427917774137,2.997240876605644,0.9990802922018814,0.11046324794367177,0.9989528795811519,0.10656556132942309,0.15533178658948715
E12_current_rotating,dead_reckoning,20001004,0,0,,0,False,False,True,8,8,8,1.0,190.69999999999345,0.27204505077148666,0.5236471427107521,0,94.73434566641376,-0.03332300340394123,2.9972371873789956,0.9990790624596652,0.1299983457139222,0.0005243838489774515,0.22237217681675633,0.3217795448973432
E12_current_rotating,fixed,20001004,0,1,,0,False,False,True,8,8,8,1.0,379.1000000000177,0.12783914392750412,0.38351594057488647,0,94.08488938095454,-0.03995010835760682,2.9990608338512157,0.9996869446170719,0.11278516300183647,0.7499340543392244,0.08191806058700067,0.14167979237924688
E12_current_rotating,oracle,20001004,0,1,,0,False,False,True,8,8,8,1.0,191.09999999999343,0.09757393076143721,0.21798975725228997,0,95.3692669020504,-0.02684421528519998,1.0392803485888311,0.3464267828629437,0.03397629976950518,0.9863945578231292,0.05546213990954168,0.0832997889208137
E12_current_rotating,proposed,20001004,3,0,0.5000000000005898,2,False,False,True,8,8,8,1.0,191.29999999999342,0.10280402563974604,0.2705909705889731,0,94.83004759603077,-0.0323464531017269,2.9974676829051004,0.9991558943017002,0.15538824758034742,0.7433350757971772,0.0883040295228735,0.1472943040065901
E12_current_rotating,residual_only,20001004,0,0,,0,False,False,True,8,8,8,1.0,191.29999999999342,0.10280402563974604,0.2705909705889731,0,94.83004759603077,-0.0323464531017269,2.9974676829051004,0.9991558943017002,0.15538824758034742,0.7433350757971772,0.0883040295228735,0.1472943040065901
E12_current_rotating,ablation_a1,20001005,3,0,0.5000000000005898,2,False,False,True,8,8,8,1.0,190.59999999999346,0.1268609875560096,0.2936512386476764,0,94.56905159087059,-0.03500967764417773,2.998560914905903,0.9995203049686343,0.015520568830023314,0.9270724029380902,0.05390295038369539,0.09810125634122925
E12_current_rotating,ablation_a2,20001005,3,0,0.5000000000005898,2,False,False,True,8,8,8,1.0,190.59999999999346,0.1268609875560096,0.2936512386476764,0,94.56905159087059,-0.03500967764417773,2.998560914905903,0.9995203049686343,0.015520568830023314,0.9270724029380902,0.05390295038369539,0.09810125634122925
E12_current_rotating,covariance_only,20001005,0,0,,0,False,False,True,8,8,8,1.0,190.29999999999347,0.1344427463396978,0.28386453069872086,0,94.42960518567881,-0.036432600146134586,2.998621483242326,0.9995404944141087,0.05178873851382993,0.998949027850762,0.0833764279082238,0.14542057281763013
E12_current_rotating,dead_reckoning,20001005,0,0,,0,False,False,True,8,8,8,1.0,190.09999999999349,0.10414006130037429,0.40595019187998815,0,94.45615335961317,-0.03616170041211053,2.998626659590071,0.9995422198633569,0.0947242360599259,0.0005260389268805891,0.16083345297959992,0.25342857380910744
E12_current_rotating,fixed,20001005,0,1,,0,False,False,True,8,8,8,1.0,379.70000000001784,0.1931296860515773,0.38660393185246633,0,93.92847716394094,-0.04154615138835771,3.0004100482920117,1.000136682764004,0.026053832711028294,0.7692915459573347,0.039623161642441666,0.0723057862600324
E12_current_rotating,oracle,20001005,0,1,,0,False,False,True,8,8,8,1.0,191.19999999999342,0.09421709420523515,0.22393576616032052,0,95.27205894224461,-0.02783613324240186,1.0378796090929217,0.34595986969764053,0.021710017703515133,0.9874476987447699,0.04575806594702616,0.06608560620716138
E12_current_rotating,proposed,20001005,3,0,0.5000000000005898,2,False,False,True,8,8,8,1.0,190.59999999999346,0.1268609875560096,0.2936512386476764,0,94.56905159087059,-0.03500967764417773,2.998560914905903,0.9995203049686343,0.015520568830023314,0.9270724029380902,0.05390295038369539,0.09810125634122925
E12_current_rotating,residual_only,20001005,0,0,,0,False,False,True,8,8,8,1.0,190.59999999999346,0.1268609875560096,0.2936512386476764,0,94.56905159087059,-0.03500967764417773,2.998560914905903,0.9995203049686343,0.015520568830023314,0.9270724029380902,0.05390295038369539,0.09810125634122925
E12_current_rotating,ablation_a1,20001006,3,0,0.5000000000005898,2,False,False,True,8,8,8,1.0,192.19999999999337,0.11079519721134237,0.25038278207529174,0,95.08689047905732,-0.029725607356557937,2.99928512343016,0.9997617078100532,0.09879881327895745,0.8995837669094693,0.08397622461121773,0.11518055546601103
E12_current_rotating,ablation_a2,20001006,3,0,0.5000000000005898,2,False,False,True,8,8,8,1.0,192.19999999999337,0.11079519721134237,0.25038278207529174,0,95.08689047905732,-0.029725607356557937,2.99928512343016,0.9997617078100532,0.09879881327895745,0.8995837669094693,0.08397622461121773,0.11518055546601103
E12_current_rotating,covariance_only,20001006,0,0,,0,False,False,True,8,8,8,1.0,192.29999999999336,0.1051175632616571,0.24081931926343136,0,95.28071817108628,-0.02774777376442572,2.9992008116643754,0.9997336038881252,0.13893944085045212,1.0,0.11505230851616942,0.16595683749216505
E12_current_rotating,dead_reckoning,20001006,0,0,,0,False,False,True,8,8,8,1.0,192.69999999999334,0.13128518591706995,0.23870292150687789,0,95.62184388394968,-0.024266899143370657,2.9991942355091576,0.9997314118363859,0.19732107282085845,0.0005189413596263622,0.21910133026281522,0.3224083683642978
E12_current_rotating,fixed,20001006,0,1,,0,False,False,True,8,8,8,1.0,382.6000000000185,0.2136254637592022,0.34644459600553823,0,94.43810638803002,-0.03634585318336714,2.9988950298999386,0.9996316766333129,0.10306754340359855,0.7532671197072661,0.06748472886444994,0.10012211329873205
E12_current_rotating,oracle,20001006,0,1,,0,False,False,True,8,8,8,1.0,192.59999999999334,0.08550001191329908,0.2176763464592244,0,95.27093233319466,-0.02784762925311568,2.999671334223285,0.9998904447410949,0.13672462799485946,0.7876427829698858,0.10500631232643635,0.15066327900348145
E12_current_rotating,proposed,20001006,3,0,0.5000000000005898,2,False,False,True,8,8,8,1.0,192.19999999999337,0.11079519721134237,0.25038278207529174,0,95.08689047905732,-0.029725607356557937,2.99928512343016,0.9997617078100532,0.09879881327895745,0.8995837669094693,0.08397622461121773,0.11518055546601103
E12_current_rotating,residual_only,20001006,0,0,,0,False,False,True,8,8,8,1.0,192.19999999999337,0.11079519721134237,0.25038278207529174,0,95.08689047905732,-0.029725607356557937,2.99928512343016,0.9997617078100532,0.09879881327895745,0.8995837669094693,0.08397622461121773,0.11518055546601103
E12_current_rotating,ablation_a1,20001007,3,0,0.5000000000005898,2,False,False,True,8,8,8,1.0,191.4999999999934,0.11066744872364784,0.23500130338991632,0,94.9418646036938,-0.031205463227614305,2.998656452504003,0.9995521508346678,0.06433534352722417,0.9201044386422976,0.06794895353866398,0.10519198481207548
E12_current_rotating,ablation_a2,20001007,3,0,0.5000000000005898,2,False,False,True,8,8,8,1.0,191.4999999999934,0.11066744872364784,0.23500130338991632,0,94.9418646036938,-0.031205463227614305,2.998656452504003,0.9995521508346678,0.06433534352722417,0.9201044386422976,0.06794895353866398,0.10519198481207548
E12_current_rotating,covariance_only,20001007,0,0,,0,False,False,True,8,8,8,1.0,191.19999999999342,0.1239054625268907,0.2834959831516599,0,94.89886484305565,-0.031644236295350514,2.998777159154531,0.9995923863848436,0.06527975024382729,0.9989539748953975,0.08672928581077972,0.12957090084001602
E12_current_rotating,dead_reckoning,20001007,0,0,,0,False,False,True,8,8,8,1.0,191.09999999999343,0.11058235063667281,0.289878790927403,0,94.93143902417448,-0.03131184669209719,2.9988413353564205,0.9996137784521402,0.18901691313177213,0.0005232862375719519,0.17357511176848783,0.25308621339696336
E12_current_rotating,fixed,20001007,0,1,,0,False,False,True,8,8,8,1.0,380.300000000018,0.13739694000059233,0.36415511155061075,0,94.19596031096411,-0.03881673152077436,2.999518537812373,0.9998395126041243,0.08082768787162807,0.7628188272416513,0.058759893218035826,0.08779194813218122
E12_current_rotating,oracle,20001007,0,1,,0,False,False,True,8,8,8,1.0,191.4999999999934,0.0867024810992287,0.2157490946507341,0,95.06580400518877,-0.029940775457257485,2.0118734846889486,0.6706244948963161,0.04367177173038132,1.0,0.05866747775850814,0.0823102249165766
E12_current_rotating,proposed,20001007,3,0,0.5000000000005898,2,False,False,True,8,8,8,1.0,191.4999999999934,0.11066744872364784,0.23500130338991632,0,94.9418646036938,-0.031205463227614305,2.998656452504003,0.9995521508346678,0.06433534352722417,0.9201044386422976,0.06794895353866398,0.10519198481207548
E12_current_rotating,residual_only,20001007,0,0,,0,False,False,True,8,8,8,1.0,191.4999999999934,0.11066744872364784,0.23500130338991632,0,94.9418646036938,-0.031205463227614305,2.998656452504003,0.9995521508346678,0.06433534352722417,0.9201044386422976,0.06794895353866398,0.10519198481207548
E12_current_rotating,ablation_a1,20001008,3,0,0.5000000000005898,2,False,False,True,8,8,8,1.0,190.49999999999346,0.16860406120759375,0.4401714658150375,0,94.5127825684315,-0.03558385134253572,2.99936083342001,0.9997869444733367,0.08219532545573126,0.38110236220472443,0.1527798584608803,0.23374889439563346
E12_current_rotating,ablation_a2,20001008,3,0,0.5000000000005898,2,False,False,True,8,8,8,1.0,190.49999999999346,0.16860406120759375,0.4401714658150375,0,94.5127825684315,-0.03558385134253572,2.99936083342001,0.9997869444733367,0.08219532545573126,0.38110236220472443,0.1527798584608803,0.23374889439563346
E12_current_rotating,covariance_only,20001008,0,0,,0,False,False,True,8,8,8,1.0,190.29999999999347,0.14689004889955087,0.3835572059138883,0,94.52984520084712,-0.03540974284849874,2.9993000177792615,0.9997666725930872,0.1559687550552505,1.0,0.133690741942373,0.19215711270135946
E12_current_rotating,dead_reckoning,20001008,0,0,,0,False,False,True,8,8,8,1.0,190.09999999999349,0.2852962223093588,0.5784142836333448,0,94.4911081123435,-0.03580501926180102,2.999313297324645,0.9997710991082149,0.23941619184708982,0.0005260389268805891,0.2747840070926075,0.39469578761626206
E12_current_rotating,fixed,20001008,0,1,,0,False,False,True,8,8,8,1.0,380.20000000001795,0.1297172355592838,0.38311816219800754,0,94.05216453562963,-0.04028403535071812,2.9988370188229663,0.9996123396076554,0.15993830589191033,0.7251446607048921,0.10847850205211747,0.1872128378652582
E12_current_rotating,oracle,20001008,0,1,,0,False,False,True,8,8,8,1.0,190.99999999999343,0.09162200286855238,0.23751400373518372,0,94.99906149514572,-0.030621821478104883,2.0106997111886464,0.6702332370628822,0.12585176879912283,1.0,0.07611564935984574,0.13552555510475664
E12_current_rotating,proposed,20001008,3,0,0.5000000000005898,2,False,False,True,8,8,8,1.0,190.49999999999346,0.16860406120759375,0.4401714658150375,0,94.5127825684315,-0.03558385134253572,2.99936083342001,0.9997869444733367,0.08219532545573126,0.38110236220472443,0.1527798584608803,0.23374889439563346
E12_current_rotating,residual_only,20001008,0,0,,0,False,False,True,8,8,8,1.0,190.49999999999346,0.16860406120759375,0.4401714658150375,0,94.5127825684315,-0.03558385134253572,2.99936083342001,0.9997869444733367,0.08219532545573126,0.38110236220472443,0.1527798584608803,0.23374889439563346
E12_current_rotating,ablation_a1,20001009,3,0,0.5000000000005898,2,False,False,True,8,8,8,1.0,191.4999999999934,0.12419657965811023,0.25779801171735306,0,94.71823549685375,-0.0334873928892474,2.997744782813527,0.9992482609378422,0.029739493153279478,0.9608355091383812,0.05937228250454373,0.089747097937143
E12_current_rotating,ablation_a2,20001009,3,0,0.5000000000005898,2,False,False,True,8,8,8,1.0,191.4999999999934,0.12419657965811023,0.25779801171735306,0,94.71823549685375,-0.0334873928892474,2.997744782813527,0.9992482609378422,0.029739493153279478,0.9608355091383812,0.05937228250454373,0.089747097937143
E12_current_rotating,covariance_only,20001009,0,0,,0,False,False,True,8,8,8,1.0,191.29999999999342,0.1258365184081433,0.26941141765268206,0,94.71824282565487,-0.0334873181055626,2.9977589286611708,0.9992529762203902,0.05293044430958563,0.9994772608468374,0.0808276845895069,0.12362528276091757
E12_current_rotating,dead_reckoning,20001009,0,0,,0,False,False,True,8,8,8,1.0,191.3999999999934,0.09392746524695497,0.2660650567245586,0,94.89863547116188,-0.031646576824878814,2.9976953041671974,0.9992317680557324,0.08529559424773371,0.0005224660397074191,0.13298710017586632,0.16646007039936667
E12_current_rotating,fixed,20001009,0,1,,0,False,False,True,8,8,8,1.0,382.00000000001836,0.19490443668291937,0.3853231641213455,0,94.10779624202391,-0.03971636487730701,2.999848619350321,0.9999495397834403,0.018406882357640927,0.7560209424083769,0.03464782710937441,0.061045514962818806
E12_current_rotating,oracle,20001009,0,1,,0,False,False,True,8,8,8,1.0,191.4999999999934,0.10573400683323421,0.21842095828479602,0,95.32152658380305,-0.027331361389764774,1.0403799442634183,0.3467933147544728,0.0316609027091682,1.0,0.05096945387769477,0.06753713950158602
E12_current_rotating,proposed,20001009,3,0,0.5000000000005898,2,False,False,True,8,8,8,1.0,191.4999999999934,0.12419657965811023,0.25779801171735306,0,94.71823549685375,-0.0334873928892474,2.997744782813527,0.9992482609378422,0.029739493153279478,0.9608355091383812,0.05937228250454373,0.089747097937143
E12_current_rotating,residual_only,20001009,0,0,,0,False,False,True,8,8,8,1.0,191.4999999999934,0.12419657965811023,0.25779801171735306,0,94.71823549685375,-0.0334873928892474,2.997744782813527,0.9992482609378422,0.029739493153279478,0.9608355091383812,0.05937228250454373,0.089747097937143
E13_acoustic_noise,ablation_a1,20001000,1,0,,1,False,False,True,8,8,8,1.0,191.19999999999342,0.08393255168161308,0.243174560737915,0,95.16672633801444,-0.028910955734546495,2.9989872179085912,0.9996624059695304,0.09834237878743188,0.46338912133891214,0.1746867968321943,0.30493825792069196
E13_acoustic_noise,ablation_a2,20001000,1,0,,1,False,False,True,8,8,8,1.0,191.19999999999342,0.08393255168161308,0.243174560737915,0,95.16672633801444,-0.028910955734546495,2.9989872179085912,0.9996624059695304,0.09834237878743188,0.46338912133891214,0.1746867968321943,0.30493825792069196
E13_acoustic_noise,covariance_only,20001000,0,0,,0,False,False,True,8,8,8,1.0,191.09999999999343,0.08586354796087761,0.31157375041418733,0,95.11517341610579,-0.029437005958104168,2.999069428569543,0.999689809523181,0.24190946760606025,0.998953427524856,0.18553620728244302,0.2799473388668351
E13_acoustic_noise,dead_reckoning,20001000,0,0,,0,False,False,True,8,8,8,1.0,191.5999999999934,0.200644235817875,0.31889993205216527,0,95.36993133725557,-0.026837435334126858,2.9990741541931496,0.9996913847310499,0.3466715235974277,0.0005219206680584551,0.31963108411062513,0.49437313818245954
E13_acoustic_noise,fixed,20001000,0,1,,0,False,False,True,8,8,8,1.0,379.5000000000178,0.09692186840877369,0.30369796913401137,0,94.53023945577876,-0.03540571983899232,2.999864851303444,0.9999549504344812,0.15821120675340117,0.7206851119894598,0.12372364522897668,0.18129939767567477
E13_acoustic_noise,oracle,20001000,0,0,,0,False,False,True,8,8,8,1.0,191.09999999999343,0.058459973983422876,0.21032560628216013,0,95.09563047249392,-0.029636423750062035,3.000576657479982,1.0001922191599941,0.11882331078819088,0.43275771847200417,0.17021462795743958,0.2843529361286291
E13_acoustic_noise,proposed,20001000,1,0,,1,False,False,True,8,8,8,1.0,191.19999999999342,0.08393255168161308,0.243174560737915,0,95.16672633801444,-0.028910955734546495,2.9989872179085912,0.9996624059695304,0.09834237878743188,0.46338912133891214,0.1746867968321943,0.30493825792069196
E13_acoustic_noise,residual_only,20001000,0,0,,0,False,False,True,8,8,8,1.0,191.19999999999342,0.08393255168161308,0.243174560737915,0,95.16672633801444,-0.028910955734546495,2.9989872179085912,0.9996624059695304,0.09834237878743188,0.46338912133891214,0.1746867968321943,0.30493825792069196
E13_acoustic_noise,ablation_a1,20001001,1,0,,1,False,False,True,8,8,8,1.0,191.19999999999342,0.08030950114669065,0.2615599377639768,0,94.78285266926343,-0.03282803398710776,2.999497053062415,0.999832351020805,0.12142297014924097,0.7175732217573222,0.1019454213947629,0.15143612942971232
E13_acoustic_noise,ablation_a2,20001001,1,0,,1,False,False,True,8,8,8,1.0,191.19999999999342,0.08030950114669065,0.2615599377639768,0,94.78285266926343,-0.03282803398710776,2.999497053062415,0.999832351020805,0.12142297014924097,0.7175732217573222,0.1019454213947629,0.15143612942971232
E13_acoustic_noise,covariance_only,20001001,0,0,,0,False,False,True,8,8,8,1.0,191.3999999999934,0.06694557261046778,0.2681349511716222,0,94.90337899938154,-0.03159817347569849,2.999441484412423,0.9998138281374743,0.16829609209699306,0.9994775339602926,0.1344745950521077,0.2019593787374249
E13_acoustic_noise,dead_reckoning,20001001,0,0,,0,False,False,True,8,8,8,1.0,192.09999999999337,0.13205395992370778,0.25775185364040887,0,95.24852313487371,-0.02807629454210503,2.999421093721911,0.999807031240637,0.22553708205650627,0.0005205622071837585,0.2330962904292409,0.3583988884095186
E13_acoustic_noise,fixed,20001001,0,1,,0,False,False,True,8,8,8,1.0,379.2000000000177,0.08831875175107883,0.28113158449506637,0,94.54471751752443,-0.035257984515056795,3.0012273337460447,1.0004091112486815,0.11427967178101901,0.7233649789029536,0.08397784894044083,0.11846478821580259
E13_acoustic_noise,oracle,20001001,0,1,,0,False,False,True,8,8,8,1.0,191.4999999999934,0.05445504482977957,0.32799802879178586,0,95.61137213201305,-0.024373753754968974,1.0365869172929276,0.34552897243097586,0.3044454382707191,0.06631853785900783,0.1980287562844357,0.3111568963990665
E13_acoustic_noise,proposed,20001001,1,0,,1,False,False,True,8,8,8,1.0,191.19999999999342,0.08030950114669065,0.2615599377639768,0,94.78285266926343,-0.03282803398710776,2.999497053062415,0.999832351020805,0.12142297014924097,0.7175732217573222,0.1019454213947629,0.15143612942971232
E13_acoustic_noise,residual_only,20001001,0,0,,0,False,False,True,8,8,8,1.0,191.19999999999342,0.08030950114669065,0.2615599377639768,0,94.78285266926343,-0.03282803398710776,2.999497053062415,0.999832351020805,0.12142297014924097,0.7175732217573222,0.1019454213947629,0.15143612942971232
E13_acoustic_noise,ablation_a1,20001002,1,0,,1,False,False,True,8,8,8,1.0,190.79999999999345,0.07653939854135827,0.22084467335409386,0,94.68714474952789,-0.03380464541298078,2.9987219088289123,0.9995739696096374,0.04617024694540219,0.9465408805031447,0.06627725215251624,0.09534368794608006
E13_acoustic_noise,ablation_a2,20001002,1,0,,1,False,False,True,8,8,8,1.0,190.79999999999345,0.07653939854135827,0.22084467335409386,0,94.68714474952789,-0.03380464541298078,2.9987219088289123,0.9995739696096374,0.04617024694540219,0.9465408805031447,0.06627725215251624,0.09534368794608006
E13_acoustic_noise,covariance_only,20001002,0,0,,0,False,False,True,8,8,8,1.0,190.89999999999344,0.07296565566388855,0.2352288020271187,0,94.75344140402292,-0.03312814893854166,2.9987500041048265,0.9995833347016089,0.08866495757380986,0.997904662126768,0.08824675191335501,0.12312808252520605
E13_acoustic_noise,dead_reckoning,20001002,0,0,,0,False,False,True,8,8,8,1.0,191.19999999999342,0.0779042944537763,0.12694143278846903,0,94.90157422349881,-0.031616589556134556,2.9987531427773675,0.9995843809257892,0.13352626436057097,0.0005230125523012552,0.16116629321042217,0.23520303842836657
E13_acoustic_noise,fixed,20001002,0,1,,0,False,False,True,8,8,8,1.0,378.90000000001766,0.10123319212610518,0.2595672003698226,0,94.43861546743734,-0.03634065849553725,2.998989247332713,0.9996630824442376,0.051437140726076004,0.7437318553708102,0.042522355313075536,0.06495497679450699
E13_acoustic_noise,oracle,20001002,0,1,,0,False,False,True,8,8,8,1.0,190.79999999999345,0.06202301352681988,0.19224907575860328,0,95.19939658413058,-0.028577585876218503,1.0412490481668477,0.3470830160556159,0.03513253565574511,1.0,0.05248106030064031,0.06783052856047789
E13_acoustic_noise,proposed,20001002,1,0,,1,False,False,True,8,8,8,1.0,190.79999999999345,0.07653939854135827,0.22084467335409386,0,94.68714474952789,-0.03380464541298078,2.9987219088289123,0.9995739696096374,0.04617024694540219,0.9465408805031447,0.06627725215251624,0.09534368794608006
E13_acoustic_noise,residual_only,20001002,0,0,,0,False,False,True,8,8,8,1.0,190.79999999999345,0.07653939854135827,0.22084467335409386,0,94.68714474952789,-0.03380464541298078,2.9987219088289123,0.9995739696096374,0.04617024694540219,0.9465408805031447,0.06627725215251624,0.09534368794608006
E13_acoustic_noise,ablation_a1,20001003,1,0,,1,False,False,True,8,8,8,1.0,189.9999999999935,0.06486291197479631,0.2854683716117279,0,94.50820474084914,-0.0356305638688863,3.000079380222402,1.000026460074134,0.11452145694530241,0.6742105263157895,0.10996506154668681,0.2406861146151626
E13_acoustic_noise,ablation_a2,20001003,1,0,,1,False,False,True,8,8,8,1.0,189.9999999999935,0.06486291197479631,0.2854683716117279,0,94.50820474084914,-0.0356305638688863,3.000079380222402,1.000026460074134,0.11452145694530241,0.6742105263157895,0.10996506154668681,0.2406861146151626
E13_acoustic_noise,covariance_only,20001003,0,0,,0,False,False,True,8,8,8,1.0,189.9999999999935,0.09862981996159075,0.2831881187282619,0,94.47688938672833,-0.0359501082986905,3.000120737749828,1.0000402459166093,0.10693027576284694,0.9989473684210526,0.09717741794629169,0.1837951462059812
E13_acoustic_noise,dead_reckoning,20001003,0,0,,0,False,False,True,8,8,8,1.0,189.7999999999935,0.20032053357979407,0.44008290319035126,0,94.37558998618758,-0.03698377565114719,3.00012701610961,1.0000423387032034,0.202173357831644,0.0005268703898840885,0.19322785146846835,0.2796991566262631
E13_acoustic_noise,fixed,20001003,0,1,,0,False,False,True,8,8,8,1.0,379.30000000001775,0.10298100623582918,0.3070624101367816,0,94.15886341817493,-0.03919527124311295,3.0002460971387515,1.0000820323795838,0.10781166329510605,0.7408383865014501,0.07403013474558023,0.12645307941620296
E13_acoustic_noise,oracle,20001003,0,1,,0,False,False,True,8,8,8,1.0,190.29999999999347,0.057283305518936754,0.1885561793867918,0,94.83535464420198,-0.03229229954895929,2.013920000140039,0.6713066667133463,0.14757804835873717,0.49658434051497635,0.12704022127251513,0.27061377740967385
E13_acoustic_noise,proposed,20001003,1,0,,1,False,False,True,8,8,8,1.0,189.9999999999935,0.06486291197479631,0.2854683716117279,0,94.50820474084914,-0.0356305638688863,3.000079380222402,1.000026460074134,0.11452145694530241,0.6742105263157895,0.10996506154668681,0.2406861146151626
E13_acoustic_noise,residual_only,20001003,0,0,,0,False,False,True,8,8,8,1.0,189.9999999999935,0.06486291197479631,0.2854683716117279,0,94.50820474084914,-0.0356305638688863,3.000079380222402,1.000026460074134,0.11452145694530241,0.6742105263157895,0.10996506154668681,0.2406861146151626
E13_acoustic_noise,ablation_a1,20001004,1,0,,1,False,False,True,8,8,8,1.0,190.69999999999345,0.06711533637840697,0.24310559829170408,0,94.67748296621593,-0.03390323503861292,2.9983877829170162,0.9994625943056721,0.1581260107822269,0.6276874672260094,0.12311904006169508,0.26385815741189006
E13_acoustic_noise,ablation_a2,20001004,1,0,,1,False,False,True,8,8,8,1.0,190.69999999999345,0.06711533637840697,0.24310559829170408,0,94.67748296621593,-0.03390323503861292,2.9983877829170162,0.9994625943056721,0.1581260107822269,0.6276874672260094,0.12311904006169508,0.26385815741189006
E13_acoustic_noise,covariance_only,20001004,0,0,,0,False,False,True,8,8,8,1.0,190.49999999999346,0.1100763994547919,0.31681771823425464,0,94.56609273972796,-0.035039870002775864,2.9983690633744184,0.9994563544581395,0.11460296196804075,0.9989501312335958,0.11404975576434481,0.20186923059621706
E13_acoustic_noise,dead_reckoning,20001004,0,0,,0,False,False,True,8,8,8,1.0,190.29999999999347,0.2569102873838838,0.5303789590509211,0,94.46605040463201,-0.03606071015681622,2.998371994018104,0.999457331339368,0.1786149351599159,0.0005254860746190226,0.2288659514918729,0.33402366738840406
E13_acoustic_noise,fixed,20001004,0,1,,0,False,False,True,8,8,8,1.0,378.3000000000175,0.10249235963963468,0.310127664754388,0,94.35915617151912,-0.037151467637560054,3.0006567111424807,1.0002189037141602,0.12958658564249373,0.7377742532381708,0.08639410644604452,0.1355713477834143
E13_acoustic_noise,oracle,20001004,0,1,,0,False,False,True,8,8,8,1.0,190.59999999999346,0.05917715019915938,0.2010629257266232,0,94.96642559670765,-0.03095484084992195,2.00996524939337,0.6699884164644567,0.19198542568070306,0.4181532004197272,0.14259903978268906,0.29201588427597447
E13_acoustic_noise,proposed,20001004,1,0,,1,False,False,True,8,8,8,1.0,190.69999999999345,0.06711533637840697,0.24310559829170408,0,94.67748296621593,-0.03390323503861292,2.9983877829170162,0.9994625943056721,0.1581260107822269,0.6276874672260094,0.12311904006169508,0.26385815741189006
E13_acoustic_noise,residual_only,20001004,0,0,,0,False,False,True,8,8,8,1.0,190.69999999999345,0.06711533637840697,0.24310559829170408,0,94.67748296621593,-0.03390323503861292,2.9983877829170162,0.9994625943056721,0.1581260107822269,0.6276874672260094,0.12311904006169508,0.26385815741189006
E13_acoustic_noise,ablation_a1,20001005,1,0,,1,False,False,True,8,8,8,1.0,189.49999999999352,0.08643288440255702,0.2409094346748497,0,94.43662678220858,-0.03636095120195326,3.0021266850967057,1.0007088950322351,0.012636334792505324,0.9266490765171504,0.053064452921940404,0.09947049047180889
E13_acoustic_noise,ablation_a2,20001005,1,0,,1,False,False,True,8,8,8,1.0,189.49999999999352,0.08643288440255702,0.2409094346748497,0,94.43662678220858,-0.03636095120195326,3.0021266850967057,1.0007088950322351,0.012636334792505324,0.9266490765171504,0.053064452921940404,0.09947049047180889
E13_acoustic_noise,covariance_only,20001005,0,0,,0,False,False,True,8,8,8,1.0,189.19999999999354,0.10275433217405179,0.2852920647092496,0,94.2762980035909,-0.03799695914703172,3.0022256695513194,1.0007418898504399,0.051347104553948184,0.9994714587737844,0.08443375684081958,0.1485292093545565
E13_acoustic_noise,dead_reckoning,20001005,0,0,,0,False,False,True,8,8,8,1.0,189.29999999999353,0.08859751233125487,0.370109527541171,0,94.32737480886756,-0.03747576725645352,3.002221218595412,1.0007404061984706,0.169595505554288,0.0005282620179609086,0.1653441221981122,0.2634486053750782
E13_acoustic_noise,fixed,20001005,0,1,,0,False,False,True,8,8,8,1.0,376.4000000000171,0.10038439294920483,0.2889808784320902,0,94.07159536651452,-0.04008576156617838,3.001352636951241,1.000450878983747,0.05270888131645164,0.7484059511158342,0.040511939853845234,0.07374534111069522
E13_acoustic_noise,oracle,20001005,0,1,,0,False,False,True,8,8,8,1.0,189.9999999999935,0.06218365146222338,0.2410947611620795,0,94.66399925158875,-0.03404082396338015,2.012354073181366,0.6707846910604554,0.004586103180908327,0.9310526315789474,0.045766997224467004,0.08329452933213079
E13_acoustic_noise,proposed,20001005,1,0,,1,False,False,True,8,8,8,1.0,189.49999999999352,0.08643288440255702,0.2409094346748497,0,94.43662678220858,-0.03636095120195326,3.0021266850967057,1.0007088950322351,0.012636334792505324,0.9266490765171504,0.053064452921940404,0.09947049047180889
E13_acoustic_noise,residual_only,20001005,0,0,,0,False,False,True,8,8,8,1.0,189.49999999999352,0.08643288440255702,0.2409094346748497,0,94.43662678220858,-0.03636095120195326,3.0021266850967057,1.0007088950322351,0.012636334792505324,0.9266490765171504,0.053064452921940404,0.09947049047180889
E13_acoustic_noise,ablation_a1,20001006,1,0,,1,False,False,True,8,8,8,1.0,191.4999999999934,0.06166546670789126,0.1715661747335795,0,95.11296488447444,-0.029459541995158767,3.0012089317028248,1.0004029772342748,0.09297424734328603,0.8668407310704961,0.09077513507121976,0.1153249646858532
E13_acoustic_noise,ablation_a2,20001006,1,0,,1,False,False,True,8,8,8,1.0,191.4999999999934,0.06166546670789126,0.1715661747335795,0,95.11296488447444,-0.029459541995158767,3.0012089317028248,1.0004029772342748,0.09297424734328603,0.8668407310704961,0.09077513507121976,0.1153249646858532
E13_acoustic_noise,covariance_only,20001006,0,0,,0,False,False,True,8,8,8,1.0,191.7999999999934,0.0514759495600165,0.2022674703129983,0,95.29986029397529,-0.027552445979844076,3.001273511278242,1.000424503759414,0.15068055071515532,0.9994786235662148,0.11907088685271097,0.1632896677751008
E13_acoustic_noise,dead_reckoning,20001006,0,0,,0,False,False,True,8,8,8,1.0,192.19999999999337,0.15289547630193093,0.21514031114061094,0,95.50841163282513,-0.025424371093621168,3.0012676383050834,1.0004225461016945,0.23207454179773268,0.0005202913631633715,0.23579615035271478,0.3432273631752993
E13_acoustic_noise,fixed,20001006,0,1,,0,False,False,True,8,8,8,1.0,381.00000000001813,0.07971365197056653,0.24895046506990104,0,94.66138954588668,-0.034067453613401244,2.9992745310239672,0.9997581770079891,0.09224646266017171,0.7493438320209974,0.07012758134853837,0.1039684537518201
E13_acoustic_noise,oracle,20001006,0,1,,0,False,False,True,8,8,8,1.0,191.3999999999934,0.04457249578716115,0.19308594485042052,0,95.14704803986295,-0.02911175469527605,3.0024171567494253,1.0008057189164752,0.11488299448863482,0.7847439916405433,0.10864260445840149,0.16682520821464694
E13_acoustic_noise,proposed,20001006,1,0,,1,False,False,True,8,8,8,1.0,191.4999999999934,0.06166546670789126,0.1715661747335795,0,95.11296488447444,-0.029459541995158767,3.0012089317028248,1.0004029772342748,0.09297424734328603,0.8668407310704961,0.09077513507121976,0.1153249646858532
E13_acoustic_noise,residual_only,20001006,0,0,,0,False,False,True,8,8,8,1.0,191.4999999999934,0.06166546670789126,0.1715661747335795,0,95.11296488447444,-0.029459541995158767,3.0012089317028248,1.0004029772342748,0.09297424734328603,0.8668407310704961,0.09077513507121976,0.1153249646858532
E13_acoustic_noise,ablation_a1,20001007,1,0,,1,False,False,True,8,8,8,1.0,190.59999999999346,0.07424151140350409,0.20949991241707977,0,94.72134289751128,-0.03345568471927263,3.000359229208852,1.0001197430696174,0.07328385982837313,0.9123819517313746,0.07021038854751036,0.11640283197841739
E13_acoustic_noise,ablation_a2,20001007,1,0,,1,False,False,True,8,8,8,1.0,190.59999999999346,0.07424151140350409,0.20949991241707977,0,94.72134289751128,-0.03345568471927263,3.000359229208852,1.0001197430696174,0.07328385982837313,0.9123819517313746,0.07021038854751036,0.11640283197841739
E13_acoustic_noise,covariance_only,20001007,0,0,,0,False,False,True,8,8,8,1.0,190.79999999999345,0.08731063434048761,0.24897526928113,0,94.8284402349268,-0.03236285474564493,3.000335238846071,1.0001117462820237,0.07643460003687258,0.999475890985325,0.08772162398515283,0.15035938981853417
E13_acoustic_noise,dead_reckoning,20001007,0,0,,0,False,False,True,8,8,8,1.0,190.79999999999345,0.14646756848986267,0.3402077420381051,0,94.83145296027578,-0.03233211265024716,3.0003344859241876,1.0001114953080625,0.1477779886386375,0.0005241090146750524,0.1609523406665669,0.24573061131660032
E13_acoustic_noise,fixed,20001007,0,1,,0,False,False,True,8,8,8,1.0,378.90000000001766,0.0848105261007535,0.2674375694246205,0,94.48919347626806,-0.03582455636461168,3.000528723419048,1.0001762411396826,0.07683881226223108,0.7511216679862761,0.05955454336009462,0.0977635001838839
E13_acoustic_noise,oracle,20001007,0,1,,0,False,False,True,8,8,8,1.0,190.89999999999344,0.04837152160618527,0.2610716988243933,0,95.34162849528424,-0.02712623984403839,1.0393504772313007,0.34645015907710025,0.1780154007968625,0.29387113672079623,0.11948753148905453,0.20941235784909082
E13_acoustic_noise,proposed,20001007,1,0,,1,False,False,True,8,8,8,1.0,190.59999999999346,0.07424151140350409,0.20949991241707977,0,94.72134289751128,-0.03345568471927263,3.000359229208852,1.0001197430696174,0.07328385982837313,0.9123819517313746,0.07021038854751036,0.11640283197841739
E13_acoustic_noise,residual_only,20001007,0,0,,0,False,False,True,8,8,8,1.0,190.59999999999346,0.07424151140350409,0.20949991241707977,0,94.72134289751128,-0.03345568471927263,3.000359229208852,1.0001197430696174,0.07328385982837313,0.9123819517313746,0.07021038854751036,0.11640283197841739
E13_acoustic_noise,ablation_a1,20001008,1,0,,1,False,False,True,8,8,8,1.0,189.5999999999935,0.12099446110659481,0.3884181790600958,0,94.43675452275394,-0.03635964772700062,2.9990626684661477,0.9996875561553825,0.20568080823558596,0.4388185654008439,0.13830580534462072,0.22667274106926122
E13_acoustic_noise,ablation_a2,20001008,1,0,,1,False,False,True,8,8,8,1.0,189.5999999999935,0.12099446110659481,0.3884181790600958,0,94.43675452275394,-0.03635964772700062,2.9990626684661477,0.9996875561553825,0.20568080823558596,0.4388185654008439,0.13830580534462072,0.22667274106926122
E13_acoustic_noise,covariance_only,20001008,0,0,,0,False,False,True,8,8,8,1.0,189.6999999999935,0.12608250953551645,0.36880693204406434,0,94.47592684975712,-0.035959930104519255,2.9991379239709928,0.9997126413236642,0.1666651788488044,1.0,0.15045260366095928,0.24839102713786634
E13_acoustic_noise,dead_reckoning,20001008,0,0,,0,False,False,True,8,8,8,1.0,189.39999999999353,0.2864509389456524,0.5747797814824729,0,94.31991826808759,-0.03755185440726949,2.999140842607406,0.9997136142024687,0.2558557056203708,0.0005279831045406547,0.28122986815074036,0.4123226287332622
E13_acoustic_noise,fixed,20001008,0,1,,0,False,False,True,8,8,8,1.0,377.8000000000174,0.11037746423591517,0.30235658706062907,0,94.29910676313247,-0.03776421670272989,3.000106850376124,1.0000356167920412,0.14890037581704105,0.7202223398623611,0.10702074654839194,0.17087028821380199
E13_acoustic_noise,oracle,20001008,0,1,,0,False,False,True,8,8,8,1.0,190.09999999999349,0.062154405455324524,0.18632755024016845,0,95.12216979823063,-0.02936561430376905,1.0416928868006456,0.3472309622668819,0.10874518166502253,0.9847448711204629,0.08147414171389285,0.1467551525647272
E13_acoustic_noise,proposed,20001008,1,0,,1,False,False,True,8,8,8,1.0,189.5999999999935,0.12099446110659481,0.3884181790600958,0,94.43675452275394,-0.03635964772700062,2.9990626684661477,0.9996875561553825,0.20568080823558596,0.4388185654008439,0.13830580534462072,0.22667274106926122
E13_acoustic_noise,residual_only,20001008,0,0,,0,False,False,True,8,8,8,1.0,189.5999999999935,0.12099446110659481,0.3884181790600958,0,94.43675452275394,-0.03635964772700062,2.9990626684661477,0.9996875561553825,0.20568080823558596,0.4388185654008439,0.13830580534462072,0.22667274106926122
E13_acoustic_noise,ablation_a1,20001009,1,0,,1,False,False,True,8,8,8,1.0,190.29999999999347,0.07842837571765951,0.21903943613948584,0,94.66508183979684,-0.03402977714493016,2.998102628937389,0.9993675429791297,0.03188332897188864,0.954808197582764,0.059149833559173096,0.08703446915709304
E13_acoustic_noise,ablation_a2,20001009,1,0,,1,False,False,True,8,8,8,1.0,190.29999999999347,0.07842837571765951,0.21903943613948584,0,94.66508183979684,-0.03402977714493016,2.998102628937389,0.9993675429791297,0.03188332897188864,0.954808197582764,0.059149833559173096,0.08703446915709304
E13_acoustic_noise,covariance_only,20001009,0,0,,0,False,False,True,8,8,8,1.0,190.29999999999347,0.07466556469949925,0.20642463262697675,0,94.67354906526826,-0.033943376885017695,2.9981580159950356,0.9993860053316785,0.057858196445781246,1.0,0.07632234247016118,0.10970388582246984
E13_acoustic_noise,dead_reckoning,20001009,0,0,,0,False,False,True,8,8,8,1.0,190.59999999999346,0.05093795321606429,0.13990676327485163,0,94.82141456057258,-0.03243454530027978,2.998162257596832,0.999387419198944,0.09367177674179893,0.0005246589716684155,0.11374080775959922,0.16103106832847155
E13_acoustic_noise,fixed,20001009,0,1,,0,False,False,True,8,8,8,1.0,379.0000000000177,0.09135337528705702,0.2525750303049712,0,94.45564368131674,-0.03616690121105359,3.000503493482374,1.0001678311607913,0.027140720985460352,0.7445910290237467,0.03484831924671979,0.054623416978188094
E13_acoustic_noise,oracle,20001009,0,1,,0,False,False,True,8,8,8,1.0,190.49999999999346,0.06536500796571515,0.19598325758514434,0,95.23410041598899,-0.028223465142969473,1.0372741274473083,0.3457580424824361,0.028671183593563736,0.9858267716535433,0.05108685200789679,0.06779748259378497
E13_acoustic_noise,proposed,20001009,1,0,,1,False,False,True,8,8,8,1.0,190.29999999999347,0.07842837571765951,0.21903943613948584,0,94.66508183979684,-0.03402977714493016,2.998102628937389,0.9993675429791297,0.03188332897188864,0.954808197582764,0.059149833559173096,0.08703446915709304
E13_acoustic_noise,residual_only,20001009,0,0,,0,False,False,True,8,8,8,1.0,190.29999999999347,0.07842837571765951,0.21903943613948584,0,94.66508183979684,-0.03402977714493016,2.998102628937389,0.9993675429791297,0.03188332897188864,0.954808197582764,0.059149833559173096,0.08703446915709304
E14_noisy_dvl_loss,ablation_a1,20001000,3,0,0.5000000000003055,2,False,False,True,8,8,8,1.0,191.5999999999934,0.11310062858449384,0.23523687586046105,0,94.85731705414898,-0.03206819332501043,2.998980113990351,0.9996600379967836,0.3348831945128767,0.755741127348643,0.1238156130966134,0.26318388521833713
E14_noisy_dvl_loss,ablation_a2,20001000,3,0,0.5000000000003055,2,False,False,True,8,8,8,1.0,191.5999999999934,0.11310062858449384,0.23523687586046105,0,94.85731705414898,-0.03206819332501043,2.998980113990351,0.9996600379967836,0.3348831945128767,0.755741127348643,0.1238156130966134,0.26318388521833713
E14_noisy_dvl_loss,covariance_only,20001000,0,0,,0,False,False,True,8,8,8,1.0,191.29999999999342,0.11848764606860382,0.2915985145339941,0,94.84135630548407,-0.03223105810730542,2.999000465363741,0.9996668217879137,0.23491332657017655,0.9994772608468374,0.12524996604919644,0.22145284244077632
E14_noisy_dvl_loss,dead_reckoning,20001000,0,0,,0,False,False,True,8,8,8,1.0,192.79999999999333,0.13801140399003675,0.21711593883238756,0,95.79870608853466,-0.022462182770054517,2.9990293696729466,0.9996764565576489,0.2507547348064294,0.0005186721991701245,0.29397257350513845,0.4261960865470424
E14_noisy_dvl_loss,fixed,20001000,0,1,,0,False,False,True,8,8,8,1.0,381.60000000001827,0.07881443792709159,0.23527860994873784,0,94.64520187247827,-0.034232633954303426,3.0011563769372462,1.0003854589790822,0.17673068616699925,0.7471174004192872,0.09037337542205728,0.16261789495210813
E14_noisy_dvl_loss,oracle,20001000,0,1,,0,False,False,True,8,8,8,1.0,380.20000000001795,0.05907575078731026,0.23413254340621759,0,95.22069386555962,-0.028360266677962986,2.0050940370119434,0.6683646790039811,0.2414689851496843,0.590215675960021,0.09783529780201648,0.18760262295594826
E14_noisy_dvl_loss,proposed,20001000,3,0,0.5000000000003055,2,False,False,True,8,8,8,1.0,191.5999999999934,0.11310062858449384,0.23523687586046105,0,94.85731705414898,-0.03206819332501043,2.998980113990351,0.9996600379967836,0.3348831945128767,0.755741127348643,0.1238156130966134,0.26318388521833713
E14_noisy_dvl_loss,residual_only,20001000,0,0,,0,False,False,True,8,8,8,1.0,191.5999999999934,0.11310062858449384,0.23523687586046105,0,94.85731705414898,-0.03206819332501043,2.998980113990351,0.9996600379967836,0.3348831945128767,0.755741127348643,0.1238156130966134,0.26318388521833713
E14_noisy_dvl_loss,ablation_a1,20001001,3,0,0.5000000000003055,2,False,False,True,8,8,8,1.0,191.19999999999342,0.08737307661203887,0.19292154750199275,0,94.78483046687974,-0.032807852378778146,3.0010340042291808,1.0003446680763937,0.16771706088751295,0.8802301255230126,0.08020763511557456,0.13935936708266608
E14_noisy_dvl_loss,ablation_a2,20001001,3,0,0.5000000000003055,2,False,False,True,8,8,8,1.0,191.19999999999342,0.08737307661203887,0.19292154750199275,0,94.78483046687974,-0.032807852378778146,3.0010340042291808,1.0003446680763937,0.16771706088751295,0.8802301255230126,0.08020763511557456,0.13935936708266608
E14_noisy_dvl_loss,covariance_only,20001001,0,0,,0,False,False,True,8,8,8,1.0,191.09999999999343,0.10146825852118875,0.30365239036912595,0,94.7018092665034,-0.033655007484659105,3.0008956983534856,1.0002985661178285,0.15545812307568296,0.9994767137624281,0.09521867599142192,0.15389071575910995
E14_noisy_dvl_loss,dead_reckoning,20001001,0,0,,0,False,False,True,8,8,8,1.0,194.59999999999323,0.22008577323068032,0.493966882773869,0,96.44822707844587,-0.015834417566878867,3.000857389798275,1.000285796599425,0.1357902001919472,0.0005138746145940391,0.23336054357418926,0.33860530080008694
E14_noisy_dvl_loss,fixed,20001001,0,1,,0,False,False,True,8,8,8,1.0,380.400000000018,0.08016452339488964,0.2709190231998928,0,94.65853832231181,-0.03409654773151216,3.000558201178532,1.0001860670595106,0.11188064842851186,0.7455310199789695,0.07308065563331935,0.12577130852422705
E14_noisy_dvl_loss,oracle,20001001,0,1,,0,False,False,True,8,8,8,1.0,379.6000000000178,0.06795287104576694,0.2366627275536528,0,95.4150448739165,-0.026377093123301054,1.0201487508302385,0.3400495836100795,0.023392856014783206,0.8917281348788199,0.028696389169707803,0.03509839931447339
E14_noisy_dvl_loss,proposed,20001001,3,0,0.5000000000003055,2,False,False,True,8,8,8,1.0,191.19999999999342,0.08737307661203887,0.19292154750199275,0,94.78483046687974,-0.032807852378778146,3.0010340042291808,1.0003446680763937,0.16771706088751295,0.8802301255230126,0.08020763511557456,0.13935936708266608
E14_noisy_dvl_loss,residual_only,20001001,0,0,,0,False,False,True,8,8,8,1.0,191.19999999999342,0.08737307661203887,0.19292154750199275,0,94.78483046687974,-0.032807852378778146,3.0010340042291808,1.0003446680763937,0.16771706088751295,0.8802301255230126,0.08020763511557456,0.13935936708266608
E14_noisy_dvl_loss,ablation_a1,20001002,3,0,0.5000000000003055,2,False,False,True,8,8,8,1.0,190.99999999999343,0.06629979752086732,0.1893994553278997,0,94.78898479079326,-0.03276546131843605,2.9984207999438914,0.9994735999812971,0.04349350726847777,0.9769633507853404,0.057928449037937486,0.08233517089186079
E14_noisy_dvl_loss,ablation_a2,20001002,3,0,0.5000000000003055,2,False,False,True,8,8,8,1.0,190.99999999999343,0.06629979752086732,0.1893994553278997,0,94.78898479079326,-0.03276546131843605,2.9984207999438914,0.9994735999812971,0.04349350726847777,0.9769633507853404,0.057928449037937486,0.08233517089186079
E14_noisy_dvl_loss,covariance_only,20001002,0,0,,0,False,False,True,8,8,8,1.0,190.79999999999345,0.07503589918401911,0.21611540815185304,0,94.69566335374077,-0.0337177208801962,2.9986157634139556,0.9995385878046519,0.07352225595121116,0.9989517819706499,0.0695494303809595,0.09774390529724403
E14_noisy_dvl_loss,dead_reckoning,20001002,0,0,,0,False,False,True,8,8,8,1.0,192.39999999999336,0.08376454208653611,0.3630009564413186,0,95.6127856945211,-0.0243593296477439,2.998672936515798,0.9995576455052659,0.32928483146986753,0.0005197505197505198,0.35124991176091497,0.5598107286721424
E14_noisy_dvl_loss,fixed,20001002,0,1,,0,False,False,True,8,8,8,1.0,379.0000000000177,0.09339124849039064,0.25195220243683947,0,94.49670729825176,-0.03574788471171675,2.997782823472323,0.999260941157441,0.06141708898312513,0.7693931398416887,0.04381940824287466,0.06666140219305403
E14_noisy_dvl_loss,oracle,20001002,0,1,,0,False,False,True,8,8,8,1.0,191.19999999999342,0.06089656351575127,0.1862360701903012,0,95.2264683910579,-0.028301342948388708,1.0405141106271274,0.34683803687570913,0.03334636718208134,1.0,0.051027959308995445,0.06273592867560407
E14_noisy_dvl_loss,proposed,20001002,3,0,0.5000000000003055,2,False,False,True,8,8,8,1.0,190.99999999999343,0.06629979752086732,0.1893994553278997,0,94.78898479079326,-0.03276546131843605,2.9984207999438914,0.9994735999812971,0.04349350726847777,0.9769633507853404,0.057928449037937486,0.08233517089186079
E14_noisy_dvl_loss,residual_only,20001002,0,0,,0,False,False,True,8,8,8,1.0,190.99999999999343,0.06629979752086732,0.1893994553278997,0,94.78898479079326,-0.03276546131843605,2.9984207999438914,0.9994735999812971,0.04349350726847777,0.9769633507853404,0.057928449037937486,0.08233517089186079
E14_noisy_dvl_loss,ablation_a1,20001003,3,0,0.5000000000003055,2,False,False,True,8,8,8,1.0,190.29999999999347,0.06865761047126483,0.19893634494319556,0,94.81073531410638,-0.032543517202996086,2.99940648511832,0.9998021617061067,0.11693463735647236,0.9138202837624803,0.05801839960504194,0.08899938310974082
E14_noisy_dvl_loss,ablation_a2,20001003,3,0,0.5000000000003055,2,False,False,True,8,8,8,1.0,190.29999999999347,0.06865761047126483,0.19893634494319556,0,94.81073531410638,-0.032543517202996086,2.99940648511832,0.9998021617061067,0.11693463735647236,0.9138202837624803,0.05801839960504194,0.08899938310974082
E14_noisy_dvl_loss,covariance_only,20001003,0,0,,0,False,False,True,8,8,8,1.0,190.39999999999347,0.06452661330563492,0.2242102103548511,0,94.83183519773226,-0.03232821226803817,2.999317398138436,0.9997724660461453,0.12693681097904608,0.9984243697478992,0.061839308004687794,0.10304065399477189
E14_noisy_dvl_loss,dead_reckoning,20001003,0,0,,0,False,False,True,8,8,8,1.0,190.09999999999349,0.11459282458759723,0.37147432839908,0,94.65149101386712,-0.03416845904217225,2.9992954377713397,0.9997651459237799,0.4885606670928282,0.0005260389268805891,0.2424808889424579,0.4301645878801322
E14_noisy_dvl_loss,fixed,20001003,0,1,,0,False,False,True,8,8,8,1.0,377.20000000001727,0.11194942052624882,0.30364031520866597,0,94.1804463051912,-0.03897503770213062,3.0006303736062145,1.000210124535405,0.10668746688440064,0.7470837751855779,0.06374725305621196,0.10009605324691061
E14_noisy_dvl_loss,oracle,20001003,0,1,,0,False,False,True,8,8,8,1.0,190.29999999999347,0.0595572824337893,0.21061230528023778,0,94.77825402733474,-0.032874958904747564,2.999715906052364,0.9999053020174546,0.1211068536553888,0.7682606410930111,0.06291514216808158,0.10479464728962364
E14_noisy_dvl_loss,proposed,20001003,3,0,0.5000000000003055,2,False,False,True,8,8,8,1.0,190.29999999999347,0.06865761047126483,0.19893634494319556,0,94.81073531410638,-0.032543517202996086,2.99940648511832,0.9998021617061067,0.11693463735647236,0.9138202837624803,0.05801839960504194,0.08899938310974082
E14_noisy_dvl_loss,residual_only,20001003,0,0,,0,False,False,True,8,8,8,1.0,190.29999999999347,0.06865761047126483,0.19893634494319556,0,94.81073531410638,-0.032543517202996086,2.99940648511832,0.9998021617061067,0.11693463735647236,0.9138202837624803,0.05801839960504194,0.08899938310974082
E14_noisy_dvl_loss,ablation_a1,20001004,3,0,0.5000000000003055,2,False,False,True,8,8,8,1.0,191.09999999999343,0.07808953015670005,0.19938191449711873,0,94.91971923095598,-0.031431436418816516,2.9997547459953897,0.9999182486651299,0.158670524218383,0.880167451596023,0.06705322177738791,0.11639916177676529
E14_noisy_dvl_loss,ablation_a2,20001004,3,0,0.5000000000003055,2,False,False,True,8,8,8,1.0,191.09999999999343,0.07808953015670005,0.19938191449711873,0,94.91971923095598,-0.031431436418816516,2.9997547459953897,0.9999182486651299,0.158670524218383,0.880167451596023,0.06705322177738791,0.11639916177676529
E14_noisy_dvl_loss,covariance_only,20001004,0,0,,0,False,False,True,8,8,8,1.0,191.19999999999342,0.07187985782860289,0.20754572170187258,0,94.89350503700632,-0.031698928193813036,2.9998071338679235,0.9999357112893078,0.15333494171616743,0.9994769874476988,0.07311120735235187,0.13522885316410854
E14_noisy_dvl_loss,dead_reckoning,20001004,0,0,,0,False,False,True,8,8,8,1.0,190.39999999999347,0.20406824573754795,0.5214438174543385,0,94.50698049504659,-0.035643056172994014,3.000013162172855,1.0000043873909517,0.0908679517346122,0.0005252100840336134,0.21121277762095494,0.31818622161772225
E14_noisy_dvl_loss,fixed,20001004,0,1,,0,False,False,True,8,8,8,1.0,377.7000000000174,0.12371436012217409,0.35957008971579185,0,94.33469190611902,-0.03740110299878552,2.999799442377603,0.9999331474592009,0.1309730917032974,0.7460947842202806,0.07378946833208214,0.11729823584687053
E14_noisy_dvl_loss,oracle,20001004,0,1,,0,False,False,True,8,8,8,1.0,190.39999999999347,0.06454902042607746,0.19256446345355194,0,95.02519883977337,-0.03035511387986356,2.0093741237872185,0.6697913745957395,0.07514229710868084,0.9537815126050421,0.05649266121194476,0.07750643513734852
E14_noisy_dvl_loss,proposed,20001004,3,0,0.5000000000003055,2,False,False,True,8,8,8,1.0,191.09999999999343,0.07808953015670005,0.19938191449711873,0,94.91971923095598,-0.031431436418816516,2.9997547459953897,0.9999182486651299,0.158670524218383,0.880167451596023,0.06705322177738791,0.11639916177676529
E14_noisy_dvl_loss,residual_only,20001004,0,0,,0,False,False,True,8,8,8,1.0,191.09999999999343,0.07808953015670005,0.19938191449711873,0,94.91971923095598,-0.031431436418816516,2.9997547459953897,0.9999182486651299,0.158670524218383,0.880167451596023,0.06705322177738791,0.11639916177676529
E14_noisy_dvl_loss,ablation_a1,20001005,3,0,0.5000000000003055,2,False,False,True,8,8,8,1.0,190.19999999999348,0.07688751732112184,0.23051465435793794,0,94.67684185788367,-0.033909776960370674,2.9998221253318045,0.9999407084439348,0.01634896753343326,0.9658254468980021,0.0459667621973147,0.06814660132782276
E14_noisy_dvl_loss,ablation_a2,20001005,3,0,0.5000000000003055,2,False,False,True,8,8,8,1.0,190.19999999999348,0.07688751732112184,0.23051465435793794,0,94.67684185788367,-0.033909776960370674,2.9998221253318045,0.9999407084439348,0.01634896753343326,0.9658254468980021,0.0459667621973147,0.06814660132782276
E14_noisy_dvl_loss,covariance_only,20001005,0,0,,0,False,False,True,8,8,8,1.0,189.9999999999935,0.08449558070658818,0.2314321022781769,0,94.52104730735546,-0.03549951727188305,2.9999837947533257,0.9999945982511086,0.046366470621973355,0.9989473684210526,0.05093344513611578,0.08513979431460372
E14_noisy_dvl_loss,dead_reckoning,20001005,0,0,,0,False,False,True,8,8,8,1.0,189.29999999999353,0.14382853406637947,0.41445941949694287,0,94.11079619622708,-0.039685753099723664,2.9999002293139596,0.9999667431046532,0.26592204291973803,0.0005282620179609086,0.2045630375205546,0.32034935697131345
E14_noisy_dvl_loss,fixed,20001005,0,1,,0,False,False,True,8,8,8,1.0,378.2000000000175,0.09490856778896614,0.282064856898554,0,94.28954759412879,-0.037861759243583815,2.998854184687757,0.9996180615625857,0.03813688850396491,0.75965097831835,0.03842692021199981,0.07309641489052845
E14_noisy_dvl_loss,oracle,20001005,0,1,,0,False,False,True,8,8,8,1.0,189.9999999999935,0.051570452358207855,0.22044360068172786,0,94.90832911897473,-0.031547662051278236,2.0121017666327146,0.6707005888775716,0.004815141903272249,0.9494736842105264,0.04587705213990028,0.06368089360550787
E14_noisy_dvl_loss,proposed,20001005,3,0,0.5000000000003055,2,False,False,True,8,8,8,1.0,190.19999999999348,0.07688751732112184,0.23051465435793794,0,94.67684185788367,-0.033909776960370674,2.9998221253318045,0.9999407084439348,0.01634896753343326,0.9658254468980021,0.0459667621973147,0.06814660132782276
E14_noisy_dvl_loss,residual_only,20001005,0,0,,0,False,False,True,8,8,8,1.0,190.19999999999348,0.07688751732112184,0.23051465435793794,0,94.67684185788367,-0.033909776960370674,2.9998221253318045,0.9999407084439348,0.01634896753343326,0.9658254468980021,0.0459667621973147,0.06814660132782276
E14_noisy_dvl_loss,ablation_a1,20001006,3,0,0.5000000000003055,2,False,False,True,8,8,8,1.0,191.09999999999343,0.0733353370270043,0.1973349239780804,0,94.85761769009476,-0.032065125611278056,2.9996475216164353,0.9998825072054784,0.09814607307639668,0.9408686551543695,0.07337309617412996,0.10991850657720112
E14_noisy_dvl_loss,ablation_a2,20001006,3,0,0.5000000000003055,2,False,False,True,8,8,8,1.0,191.09999999999343,0.0733353370270043,0.1973349239780804,0,94.85761769009476,-0.032065125611278056,2.9996475216164353,0.9998825072054784,0.09814607307639668,0.9408686551543695,0.07337309617412996,0.10991850657720112
E14_noisy_dvl_loss,covariance_only,20001006,0,0,,0,False,False,True,8,8,8,1.0,190.79999999999345,0.08330635123076906,0.24826515627506662,0,94.80514710230197,-0.03260053977242883,2.999572510434444,0.9998575034781481,0.13712608395082643,1.0,0.09283729536794659,0.14627325268362382
E14_noisy_dvl_loss,dead_reckoning,20001006,0,0,,0,False,False,True,8,8,8,1.0,192.29999999999336,0.224633807810054,0.3625638226790784,0,95.66262648393037,-0.023850750163975865,2.999615861306642,0.9998719537688806,0.31770441199295035,0.0005200208008320333,0.3424629278964622,0.5754753083374591
E14_noisy_dvl_loss,fixed,20001006,0,1,,0,False,False,True,8,8,8,1.0,379.9000000000179,0.07370757942745843,0.2599204280595462,0,94.70499982941115,-0.03362245072029435,2.9992463653246175,0.9997487884415391,0.09725371317251795,0.755988418004738,0.06030703527814485,0.09913513120893634
E14_noisy_dvl_loss,oracle,20001006,0,1,,0,False,False,True,8,8,8,1.0,191.09999999999343,0.06377343260414316,0.1953253833469475,0,95.20625044647973,-0.028507648505308847,1.0390870725177712,0.34636235750592376,0.04363789428620915,0.9832548403976975,0.053973868255235424,0.06530873644435217
E14_noisy_dvl_loss,proposed,20001006,3,0,0.5000000000003055,2,False,False,True,8,8,8,1.0,191.09999999999343,0.0733353370270043,0.1973349239780804,0,94.85761769009476,-0.032065125611278056,2.9996475216164353,0.9998825072054784,0.09814607307639668,0.9408686551543695,0.07337309617412996,0.10991850657720112
E14_noisy_dvl_loss,residual_only,20001006,0,0,,0,False,False,True,8,8,8,1.0,191.09999999999343,0.0733353370270043,0.1973349239780804,0,94.85761769009476,-0.032065125611278056,2.9996475216164353,0.9998825072054784,0.09814607307639668,0.9408686551543695,0.07337309617412996,0.10991850657720112
E14_noisy_dvl_loss,ablation_a1,20001007,3,0,0.5000000000003055,2,False,False,True,8,8,8,1.0,190.59999999999346,0.06510360339090109,0.19266484417797258,0,94.83443159951781,-0.03230171837226725,3.001186638727217,1.0003955462424057,0.06958824160342436,0.9695697796432319,0.05658149069989689,0.07229690529809327
E14_noisy_dvl_loss,ablation_a2,20001007,3,0,0.5000000000003055,2,False,False,True,8,8,8,1.0,190.59999999999346,0.06510360339090109,0.19266484417797258,0,94.83443159951781,-0.03230171837226725,3.001186638727217,1.0003955462424057,0.06958824160342436,0.9695697796432319,0.05658149069989689,0.07229690529809327
E14_noisy_dvl_loss,covariance_only,20001007,0,0,,0,False,False,True,8,8,8,1.0,190.59999999999346,0.067034988028938,0.20215944254060902,0,94.83569191471145,-0.032288858013148514,3.001278998273548,1.0004263327578493,0.09878056219096096,0.9994753410283316,0.06402665963820653,0.09595960513470336
E14_noisy_dvl_loss,dead_reckoning,20001007,0,0,,0,False,False,True,8,8,8,1.0,191.09999999999343,0.20758276028613362,0.359353024300447,0,95.01811342368241,-0.030427414044057022,3.001274194013502,1.000424731337834,0.13732940445366212,0.0005232862375719519,0.1922444766257326,0.34677213731489837
E14_noisy_dvl_loss,fixed,20001007,0,1,,0,False,False,True,8,8,8,1.0,379.30000000001775,0.10800387074227827,0.2811038400259527,0,94.3157693215848,-0.037594190596073496,2.999102905589746,0.9997009685299153,0.06964095486458821,0.7503295544423939,0.05502533831497806,0.08297036768654836
E14_noisy_dvl_loss,oracle,20001007,0,1,,0,False,False,True,8,8,8,1.0,190.89999999999344,0.05374627351909423,0.21418226623970682,0,94.7496941715065,-0.03316638600503563,2.9991711574112556,0.9997237191370852,0.1076509022123016,0.7663698271346254,0.06875362966800569,0.10433152659205427
E14_noisy_dvl_loss,proposed,20001007,3,0,0.5000000000003055,2,False,False,True,8,8,8,1.0,190.59999999999346,0.06510360339090109,0.19266484417797258,0,94.83443159951781,-0.03230171837226725,3.001186638727217,1.0003955462424057,0.06958824160342436,0.9695697796432319,0.05658149069989689,0.07229690529809327
E14_noisy_dvl_loss,residual_only,20001007,0,0,,0,False,False,True,8,8,8,1.0,190.59999999999346,0.06510360339090109,0.19266484417797258,0,94.83443159951781,-0.03230171837226725,3.001186638727217,1.0003955462424057,0.06958824160342436,0.9695697796432319,0.05658149069989689,0.07229690529809327
E14_noisy_dvl_loss,ablation_a1,20001008,3,0,0.5000000000003055,2,False,False,True,8,8,8,1.0,190.19999999999348,0.07294726501159327,0.20023879782769605,0,94.95859105664687,-0.03103478513625646,3.0010068858509915,1.000335628616997,0.2602728548918487,0.7875920084121977,0.09313870909230726,0.19687983704983958
E14_noisy_dvl_loss,ablation_a2,20001008,3,0,0.5000000000003055,2,False,False,True,8,8,8,1.0,190.19999999999348,0.07294726501159327,0.20023879782769605,0,94.95859105664687,-0.03103478513625646,3.0010068858509915,1.000335628616997,0.2602728548918487,0.7875920084121977,0.09313870909230726,0.19687983704983958
E14_noisy_dvl_loss,covariance_only,20001008,0,0,,0,False,False,True,8,8,8,1.0,190.39999999999347,0.07419309282620634,0.2323185431305217,0,94.7995012188128,-0.032658150828440924,3.0009895971950815,1.000329865731694,0.21592108953428735,1.0,0.08938635831714024,0.17833481501993892
E14_noisy_dvl_loss,dead_reckoning,20001008,0,0,,0,False,False,True,8,8,8,1.0,189.9999999999935,0.27886514791261363,0.5513171255745304,0,94.4818531527225,-0.035899457625280684,3.0010591259485273,1.0003530419828424,0.5957592926302739,0.0005263157894736842,0.38742164317583644,0.5716189789108966
E14_noisy_dvl_loss,fixed,20001008,0,1,,0,False,False,True,8,8,8,1.0,377.3000000000173,0.10726920248051701,0.3179448889865615,0,94.21603373982522,-0.038611900614028305,3.00075859538119,1.0002528651270632,0.16995051272577835,0.731513384574609,0.09202390043426682,0.15509591479515658
E14_noisy_dvl_loss,oracle,20001008,0,0,,0,False,False,True,8,8,8,1.0,190.29999999999347,0.06571102691474828,0.19790866263183915,0,95.06423794994153,-0.0299567556128415,2.013011818187115,0.671003939395705,0.12542543779528906,1.0,0.06085104092215294,0.10125523977431629
E14_noisy_dvl_loss,proposed,20001008,3,0,0.5000000000003055,2,False,False,True,8,8,8,1.0,190.19999999999348,0.07294726501159327,0.20023879782769605,0,94.95859105664687,-0.03103478513625646,3.0010068858509915,1.000335628616997,0.2602728548918487,0.7875920084121977,0.09313870909230726,0.19687983704983958
E14_noisy_dvl_loss,residual_only,20001008,0,0,,0,False,False,True,8,8,8,1.0,190.19999999999348,0.07294726501159327,0.20023879782769605,0,94.95859105664687,-0.03103478513625646,3.0010068858509915,1.000335628616997,0.2602728548918487,0.7875920084121977,0.09313870909230726,0.19687983704983958
E14_noisy_dvl_loss,ablation_a1,20001009,3,0,0.5000000000003055,2,False,False,True,8,8,8,1.0,190.69999999999345,0.06503317023395877,0.20028464750943442,0,94.74082756293357,-0.03325686160271868,2.998824587536612,0.9996081958455374,0.026241269410568112,0.9800734137388568,0.054476283461763045,0.0744931474387184
E14_noisy_dvl_loss,ablation_a2,20001009,3,0,0.5000000000003055,2,False,False,True,8,8,8,1.0,190.69999999999345,0.06503317023395877,0.20028464750943442,0,94.74082756293357,-0.03325686160271868,2.998824587536612,0.9996081958455374,0.026241269410568112,0.9800734137388568,0.054476283461763045,0.0744931474387184
E14_noisy_dvl_loss,covariance_only,20001009,0,0,,0,False,False,True,8,8,8,1.0,190.49999999999346,0.0763974757579403,0.22078165590269583,0,94.6025074854547,-0.034668290964747994,2.998763652838762,0.9995878842795873,0.03828392951248792,0.9989501312335958,0.05956653877340211,0.08688656575701313
E14_noisy_dvl_loss,dead_reckoning,20001009,0,0,,0,False,False,True,8,8,8,1.0,191.5999999999934,0.11248119635728328,0.19855985264238818,0,95.24449186649953,-0.028117429933678273,2.99875961668938,0.9995865388964601,0.21478732714169896,0.0005219206680584551,0.2044212767927721,0.3057223806960325
E14_noisy_dvl_loss,fixed,20001009,0,1,,0,False,False,True,8,8,8,1.0,378.3000000000175,0.0834005761647544,0.2668770812129395,0,94.48022361953714,-0.03591608551492709,3.0001973948759235,1.0000657982919745,0.025449971320310856,0.767644726407613,0.03751413664822661,0.0660344416379646
E14_noisy_dvl_loss,oracle,20001009,0,1,,0,False,False,True,8,8,8,1.0,190.49999999999346,0.055706196063079,0.18125920472892254,0,95.22495293094788,-0.028316806827062502,1.0363946901628753,0.3454648967209584,0.0330217114364245,0.9900262467191601,0.05043706485160655,0.060282554515851704
E14_noisy_dvl_loss,proposed,20001009,3,0,0.5000000000003055,2,False,False,True,8,8,8,1.0,190.69999999999345,0.06503317023395877,0.20028464750943442,0,94.74082756293357,-0.03325686160271868,2.998824587536612,0.9996081958455374,0.026241269410568112,0.9800734137388568,0.054476283461763045,0.0744931474387184
E14_noisy_dvl_loss,residual_only,20001009,0,0,,0,False,False,True,8,8,8,1.0,190.69999999999345,0.06503317023395877,0.20028464750943442,0,94.74082756293357,-0.03325686160271868,2.998824587536612,0.9996081958455374,0.026241269410568112,0.9800734137388568,0.054476283461763045,0.0744931474387184
E15_turbid_and_noisy,ablation_a1,20001000,3,0,,3,False,False,True,8,8,8,1.0,191.89999999999338,0.07500623011107059,0.39102694060573207,0,95.37775666104032,-0.02675758509142523,3.000230424229195,1.0000768080763984,0.43053806976050196,0.19228764981761334,0.27399906975148425,0.4368308491581059
E15_turbid_and_noisy,ablation_a2,20001000,3,0,,3,False,False,True,8,8,8,1.0,191.99999999999338,0.07595408309673714,0.38415214136747267,0,95.34220117648603,-0.02712039615830586,3.001017364504759,1.0003391215015862,0.43698505542009464,0.1546875,0.27214548932160776,0.4357112297903103
E15_turbid_and_noisy,covariance_only,20001000,0,0,,0,False,False,True,8,8,8,1.0,191.99999999999338,0.1140939427532423,0.3691889467194862,0,95.43198024736064,-0.02620428319019752,3.0002579932812887,1.0000859977604295,0.3987585113194235,0.21979166666666666,0.29142655671921175,0.45855000894817716
E15_turbid_and_noisy,dead_reckoning,20001000,0,0,,0,False,False,True,8,8,8,1.0,192.09999999999337,0.18096458502880128,0.3096722690305782,0,95.48370450597527,-0.025676484632905394,3.000259023387285,1.000086341129095,0.3454072235677839,0.0005205622071837585,0.3183948787168885,0.4880273750037849
E15_turbid_and_noisy,fixed,20001000,0,1,,0,False,False,True,8,8,8,1.0,381.10000000001816,0.09712082743123093,0.3106643559558222,0,94.75353287758757,-0.033127215534820675,2.9992333678864775,0.9997444559621592,0.20135242133645834,0.07373392810286014,0.18946657456085433,0.3007551754695864
E15_turbid_and_noisy,oracle,20001000,0,1,,0,False,False,True,8,8,8,1.0,380.300000000018,0.06728201860839945,0.4365455575009456,0,94.92137464171608,-0.03141454447228487,2.9999894284726936,0.9999964761575645,0.3617982088880609,0.15777018143570865,0.23105469515227484,0.35914806767429286
E15_turbid_and_noisy,proposed,20001000,3,0,,3,False,False,True,8,8,8,1.0,191.99999999999338,0.07595408309673714,0.38415214136747267,0,95.34220117648603,-0.02712039615830586,3.001017364504759,1.0003391215015862,0.43698505542009464,0.1546875,0.27214548932160776,0.4357112297903103
E15_turbid_and_noisy,residual_only,20001000,0,64,,0,False,False,True,8,8,8,1.0,191.6999999999934,0.08109270978346218,0.3657225302202374,0,95.22990442623,-0.02826628136500009,2.99869442896999,0.9995648096566634,0.43828779799822387,0.297339593114241,0.2571168532926803,0.4179717166882653
E15_turbid_and_noisy,ablation_a1,20001001,5,0,,5,False,False,True,8,8,8,1.0,191.3999999999934,0.07161482724160784,0.3319054506903303,0,95.12079171965303,-0.029379676330071103,2.9988739098675583,0.9996246366225194,0.33610548648167515,0.2084639498432602,0.20818413376140824,0.3350620116982865
E15_turbid_and_noisy,ablation_a2,20001001,3,0,,3,False,False,True,8,8,8,1.0,191.3999999999934,0.05527807718392417,0.3697581931018359,0,95.0453387614604,-0.0301496044748939,3.0020157352730923,1.0006719117576974,0.3175821065291255,0.17502612330198536,0.19969576620713517,0.3204807544714274
E15_turbid_and_noisy,covariance_only,20001001,0,0,,0,False,False,True,8,8,8,1.0,191.4999999999934,0.07851078658541769,0.30922691111456935,0,95.17382975191464,-0.028838471919238384,2.998847709854427,0.999615903284809,0.29976909933431,0.21618798955613577,0.2136653322485091,0.33194255988410737
E15_turbid_and_noisy,dead_reckoning,20001001,0,0,,0,False,False,True,8,8,8,1.0,191.5999999999934,0.1273032770559613,0.18107575684851085,0,95.22595674705951,-0.028306563805515217,2.99884901331014,0.9996163377700467,0.22950922387926367,0.0005219206680584551,0.22939439621463542,0.34786520781975044
E15_turbid_and_noisy,fixed,20001001,0,1,,0,False,False,True,8,8,8,1.0,380.500000000018,0.07184339381459802,0.28691336120347755,0,94.69678215763004,-0.03370630451397916,2.99947259815496,0.9998241993849867,0.13984365100283158,0.07752956636005257,0.1320683522581986,0.2208482834814045
E15_turbid_and_noisy,oracle,20001001,0,1,,0,False,False,True,8,8,8,1.0,191.4999999999934,0.0466842552735542,0.20435410038516055,0,95.60477704093476,-0.024441050602706516,1.03664552348791,0.3455485078293033,0.0923165914501133,0.3127937336814621,0.13492196761649503,0.2315090178422339
E15_turbid_and_noisy,proposed,20001001,3,0,,3,False,False,True,8,8,8,1.0,191.3999999999934,0.05527807718392417,0.3697581931018359,0,95.0453387614604,-0.0301496044748939,3.0020157352730923,1.0006719117576974,0.3175821065291255,0.17502612330198536,0.19969576620713517,0.3204807544714274
E15_turbid_and_noisy,residual_only,20001001,0,63,,0,False,False,True,8,8,8,1.0,191.09999999999343,0.09058343980037592,0.3471617033939509,0,94.96097480410856,-0.031010461182565674,2.9980832392473244,0.9993610797491081,0.31894683381462474,0.3212977498691784,0.1940417893913879,0.317599771115604
E15_turbid_and_noisy,ablation_a1,20001002,3,0,,3,False,False,True,8,8,8,1.0,190.89999999999344,0.05950007469615588,0.2064627718541976,0,94.9355492670393,-0.03126990543837438,2.9975656436587537,0.9991885478862512,0.1553773419670936,0.21267679413305396,0.11313349401937124,0.177804769697765
E15_turbid_and_noisy,ablation_a2,20001002,5,0,,5,False,False,True,8,8,8,1.0,190.59999999999346,0.06684720204365982,0.233178902999311,0,94.89092651584838,-0.031725239634200264,3.000070989388651,1.0000236631295503,0.12078949769793809,0.18572927597061908,0.10241181916445552,0.15095941512167482
E15_turbid_and_noisy,covariance_only,20001002,0,0,,0,False,False,True,8,8,8,1.0,190.89999999999344,0.04908213042363177,0.25334613752922586,0,94.93633822917612,-0.031261854804325306,2.9975858236753923,0.9991952745584641,0.13956327191370424,0.21843897328444212,0.11643792204370665,0.17437746199767937
E15_turbid_and_noisy,dead_reckoning,20001002,0,0,,0,False,False,True,8,8,8,1.0,190.89999999999344,0.08562780383964587,0.23037545902453438,0,94.93680173346709,-0.03125712516870316,2.99758610498357,0.9991953683278566,0.1337209632806308,0.0005238344683080147,0.16413446452983566,0.23809297436800744
E15_turbid_and_noisy,fixed,20001002,0,1,,0,False,False,True,8,8,8,1.0,378.90000000001766,0.07433899483868227,0.26255410712733473,0,94.53030367226759,-0.035405064568698075,3.000676752781748,1.0002255842605827,0.07563901890520762,0.07944048561625759,0.07282859037030867,0.11562623182897291
E15_turbid_and_noisy,oracle,20001002,0,1,,0,False,False,True,8,8,8,1.0,190.99999999999343,0.05100407355605864,0.21219292339073448,0,94.90225820065118,-0.03160961019743702,3.0007071898174393,1.0002357299391464,0.16085162915025306,0.12094240837696335,0.12580429415743152,0.19221811780088677
E15_turbid_and_noisy,proposed,20001002,5,0,,5,False,False,True,8,8,8,1.0,190.59999999999346,0.06684720204365982,0.233178902999311,0,94.89092651584838,-0.031725239634200264,3.000070989388651,1.0000236631295503,0.12078949769793809,0.18572927597061908,0.10241181916445552,0.15095941512167482
E15_turbid_and_noisy,residual_only,20001002,0,64,,0,False,False,True,8,8,8,1.0,190.69999999999345,0.07617270032846114,0.2502189241798778,0,94.77284242174555,-0.03293017936994336,2.9984217618837503,0.9994739206279167,0.16388947199919268,0.3361300471945464,0.11023579278770355,0.17768054756598994
E15_turbid_and_noisy,ablation_a1,20001003,3,0,,3,False,False,True,8,8,8,1.0,189.6999999999935,0.12488375096732045,0.33032865210718754,0,94.41942963059901,-0.036536432340826375,3.0000110053935862,1.0000036684645288,0.1609805986419071,0.20716921454928836,0.13368675282957357,0.20279449648287323
E15_turbid_and_noisy,ablation_a2,20001003,3,0,,3,False,False,True,8,8,8,1.0,190.09999999999349,0.12275269853649158,0.314808822768498,0,94.47344433347953,-0.035985261903270005,3.0007394806317307,1.0002464935439102,0.15980321548538762,0.174118884797475,0.12691193185102415,0.19491287888137435
E15_turbid_and_noisy,covariance_only,20001003,0,0,,0,False,False,True,8,8,8,1.0,189.7999999999935,0.1646322175900958,0.3861024262810293,0,94.4586610722006,-0.03613611150815721,2.999974529201744,0.9999915097339147,0.14495951474066582,0.22128556375131717,0.1501065695290398,0.2255107495292693
E15_turbid_and_noisy,dead_reckoning,20001003,0,0,,0,False,False,True,8,8,8,1.0,189.7999999999935,0.1919807805200899,0.42005935029547814,0,94.45841895639244,-0.03613858207762821,2.9999740366848444,0.9999913455616148,0.18666787401300103,0.0005268703898840885,0.186057473186206,0.2746430322304941
E15_turbid_and_noisy,fixed,20001003,0,1,,0,False,False,True,8,8,8,1.0,377.10000000001725,0.1647111524481849,0.4003872060381908,0,94.03262412347408,-0.04048342731148902,2.9988114191884745,0.9996038063961582,0.11619498885615515,0.0816759480243967,0.11171785485946623,0.1766810586704899
E15_turbid_and_noisy,oracle,20001003,0,1,,0,False,False,True,8,8,8,1.0,189.7999999999935,0.06270159945793793,0.3111387673466801,0,94.75442427683033,-0.03311811962418021,2.012084387671736,0.6706947958905786,0.1475089372391023,0.7766069546891464,0.12987829226870581,0.27959753270046767
E15_turbid_and_noisy,proposed,20001003,3,0,,3,False,False,True,8,8,8,1.0,190.09999999999349,0.12275269853649158,0.314808822768498,0,94.47344433347953,-0.035985261903270005,3.0007394806317307,1.0002464935439102,0.15980321548538762,0.174118884797475,0.12691193185102415,0.19491287888137435
E15_turbid_and_noisy,residual_only,20001003,0,63,,0,False,False,True,8,8,8,1.0,190.19999999999348,0.11001885343029023,0.31885026903368896,0,94.47591342651333,-0.03596006707639454,3.0007269680398165,1.0002423226799388,0.18277186115904545,0.3117770767613039,0.13877148340401252,0.22883667206486605
E15_turbid_and_noisy,ablation_a1,20001004,3,0,,3,False,False,True,8,8,8,1.0,190.39999999999347,0.13716679555878145,0.3492943913338493,0,94.6101836654842,-0.03458996259710001,2.998293848626377,0.999431282875459,0.19090521962808063,0.20430672268907563,0.1552704576336918,0.23190467881143406
E15_turbid_and_noisy,ablation_a2,20001004,5,0,,5,False,False,True,8,8,8,1.0,189.9999999999935,0.1268845503706796,0.36172609289542557,0,94.4275142761588,-0.03645393595756319,2.9972424919703626,0.9990808306567875,0.19610295830881708,0.17210526315789473,0.15236025593565342,0.2271107809639664
E15_turbid_and_noisy,covariance_only,20001004,0,0,,0,False,False,True,8,8,8,1.0,190.29999999999347,0.1917493802157605,0.41816295864541075,0,94.55897016670299,-0.035112549319357256,2.9982927493057114,0.9994309164352372,0.17698261354145947,0.2186022070415134,0.17877797882228938,0.2677894179302431
E15_turbid_and_noisy,dead_reckoning,20001004,0,0,,0,False,False,True,8,8,8,1.0,190.19999999999348,0.26158087360632626,0.5025296947212929,0,94.5084533821539,-0.035628026712715255,2.998294049966633,0.9994313499888777,0.1822834506652459,0.0005257623554153522,0.22859821687813864,0.3334627779603425
E15_turbid_and_noisy,fixed,20001004,0,1,,0,False,False,True,8,8,8,1.0,377.50000000001734,0.15312915964143287,0.42856559160399366,0,94.12167667211303,-0.03957472783558136,2.999313765265703,0.9997712550885677,0.13979981017852733,0.07788079470198675,0.1345773588599038,0.18816318563847173
E15_turbid_and_noisy,oracle,20001004,0,1,,0,False,False,True,8,8,8,1.0,190.69999999999345,0.0672627263612864,0.22247147424952907,0,95.26692426357033,-0.02788852792275176,1.038254520183931,0.34608484006131035,0.07214418404541426,1.0,0.07020938235282499,0.1174136710430541
E15_turbid_and_noisy,proposed,20001004,5,0,,5,False,False,True,8,8,8,1.0,189.9999999999935,0.1268845503706796,0.36172609289542557,0,94.4275142761588,-0.03645393595756319,2.9972424919703626,0.9990808306567875,0.19610295830881708,0.17210526315789473,0.15236025593565342,0.2271107809639664
E15_turbid_and_noisy,residual_only,20001004,0,62,,0,False,False,True,8,8,8,1.0,190.39999999999347,0.1081178367923029,0.29619711501530377,0,94.59829773856438,-0.03471124756566957,2.997071823744004,0.9990239412480014,0.2029349180001716,0.32142857142857145,0.14741926429370936,0.23980628459419234
E15_turbid_and_noisy,ablation_a1,20001005,3,0,,3,False,False,True,8,8,8,1.0,189.19999999999354,0.11571724437742442,0.2771237872427892,0,94.3563118727267,-0.0371804910946254,2.999857844863647,0.999952614954549,0.13176624094650335,0.20718816067653276,0.11724982170230955,0.1976328323291935
E15_turbid_and_noisy,ablation_a2,20001005,5,0,,5,False,False,True,8,8,8,1.0,189.39999999999353,0.12408771972235562,0.29499571838458793,0,94.33247922168366,-0.037423681411391296,3.001126201561875,1.000375400520625,0.09812070397859317,0.18268215417106654,0.10125271471402701,0.16769000106253867
E15_turbid_and_noisy,covariance_only,20001005,0,0,,0,False,False,True,8,8,8,1.0,189.19999999999354,0.10586309288123502,0.31235321522468595,0,94.35356141218725,-0.03720855701849746,2.9998724464487494,0.9999574821495831,0.12806934887711816,0.21458773784355178,0.12625747870891607,0.2102982136540758
E15_turbid_and_noisy,dead_reckoning,20001005,0,0,,0,False,False,True,8,8,8,1.0,189.09999999999354,0.07959644116531947,0.3782756666338791,0,94.30304296315896,-0.037724051396337166,2.9998719900458752,0.9999573300152917,0.14490749616943616,0.0005288207297726071,0.15550727236535095,0.2456396151046689
E15_turbid_and_noisy,fixed,20001005,0,1,,0,False,False,True,8,8,8,1.0,376.000000000017,0.11494654221894773,0.3494570470124536,0,93.92138509601136,-0.041618519428455514,2.999405787149815,0.9998019290499384,0.06299331219420091,0.08191489361702127,0.08014863250552834,0.13165978543691842
E15_turbid_and_noisy,oracle,20001005,0,1,,0,False,False,True,8,8,8,1.0,190.09999999999349,0.07316644999530561,0.22237320990189957,0,95.06298204008043,-0.029969571019587526,1.0397406427593037,0.3465802142531012,0.007961436450979178,1.0,0.045021506927541095,0.07815530428689443
E15_turbid_and_noisy,proposed,20001005,5,0,,5,False,False,True,8,8,8,1.0,189.39999999999353,0.12408771972235562,0.29499571838458793,0,94.33247922168366,-0.037423681411391296,3.001126201561875,1.000375400520625,0.09812070397859317,0.18268215417106654,0.10125271471402701,0.16769000106253867
E15_turbid_and_noisy,residual_only,20001005,0,63,,0,False,False,True,8,8,8,1.0,189.39999999999353,0.12075634291663097,0.28805441601583937,0,94.43202336002366,-0.036407924897717714,2.99935893359307,0.99978631119769,0.13671004457078512,0.3368532206969377,0.10790261132674762,0.17996606680985217
E15_turbid_and_noisy,ablation_a1,20001006,3,0,,3,False,False,True,8,8,8,1.0,191.4999999999934,0.04780447621521127,0.26563509927674467,0,95.24611617977925,-0.028100855308375028,3.001208091656332,1.0004026972187774,0.25827440333066704,0.206266318537859,0.16318943117318785,0.2589325088038704
E15_turbid_and_noisy,ablation_a2,20001006,3,0,,3,False,False,True,8,8,8,1.0,191.3999999999934,0.0501186079818877,0.2630256314169266,0,95.2644171046865,-0.02791411117666831,2.9997889097913424,0.9999296365971141,0.25672199181176786,0.17920585161964472,0.1629041140178789,0.2557560948926471
E15_turbid_and_noisy,covariance_only,20001006,0,0,,0,False,False,True,8,8,8,1.0,191.5999999999934,0.0694780744193787,0.23606522484731052,0,95.30932119680669,-0.027455906155033794,3.0011649578573154,1.0003883192857719,0.23559116652673465,0.2139874739039666,0.17120398367022588,0.25749908644831454
E15_turbid_and_noisy,dead_reckoning,20001006,0,0,,0,False,False,True,8,8,8,1.0,191.6999999999934,0.15426191135952969,0.214209177310698,0,95.35999586284693,-0.026938817726051778,3.0011640858458293,1.0003880286152764,0.2271011138422393,0.0005216484089723526,0.23644806749770228,0.34746432829523494
E15_turbid_and_noisy,fixed,20001006,0,1,,0,False,False,True,8,8,8,1.0,379.70000000001784,0.055769785974563404,0.25682898081147343,0,94.90159067415438,-0.03161642169230228,2.998013343832473,0.999337781277491,0.12510110405394434,0.07795628127469055,0.10724390888937983,0.1648905445291332
E15_turbid_and_noisy,oracle,20001006,0,1,,0,False,False,True,8,8,8,1.0,191.7999999999934,0.04100161229178836,0.15101568586083536,0,95.38915430085,-0.02664128264438781,2.9969340864858505,0.9989780288286169,0.19135958643260262,0.1251303441084463,0.149932063015256,0.21693834765215608
E15_turbid_and_noisy,proposed,20001006,3,0,,3,False,False,True,8,8,8,1.0,191.3999999999934,0.0501186079818877,0.2630256314169266,0,95.2644171046865,-0.02791411117666831,2.9997889097913424,0.9999296365971141,0.25672199181176786,0.17920585161964472,0.1629041140178789,0.2557560948926471
E15_turbid_and_noisy,residual_only,20001006,0,63,,0,False,False,True,8,8,8,1.0,191.5999999999934,0.061576837993325334,0.25586064801356834,0,95.25905975172753,-0.027968778043596543,3.000044657552161,1.0000148858507203,0.27433859153410795,0.32724425887265135,0.1594914148303899,0.2694021383891212
E15_turbid_and_noisy,ablation_a1,20001007,3,0,,3,False,False,True,8,8,8,1.0,190.69999999999345,0.0884078090266703,0.26995603276697366,0,94.87219789316823,-0.031916348028895536,2.998367558210904,0.999455852736968,0.11076701703873787,0.2118510749868904,0.10155019509796151,0.16534420816334888
E15_turbid_and_noisy,ablation_a2,20001007,5,0,,5,False,False,True,8,8,8,1.0,190.19999999999348,0.0824414906022229,0.2772102403112746,0,94.81877447803375,-0.03246148491802303,2.999759321129539,0.9999197737098463,0.1071705039304554,0.18138801261829654,0.09581966783194111,0.17344830754013388
E15_turbid_and_noisy,covariance_only,20001007,0,0,,0,False,False,True,8,8,8,1.0,190.59999999999346,0.11770169148347957,0.31481488683341396,0,94.82461252460168,-0.032401913014268646,2.99836981250306,0.9994566041676866,0.09524030880502299,0.22088142707240294,0.11312849977781125,0.18282980098275414
E15_turbid_and_noisy,dead_reckoning,20001007,0,0,,0,False,False,True,8,8,8,1.0,190.69999999999345,0.13564319979698522,0.3374183286171011,0,94.87290972565468,-0.03190908443209506,2.9983712330711083,0.9994570776903694,0.15144948961138,0.0005243838489774515,0.16058285557544738,0.24937868730129623
E15_turbid_and_noisy,fixed,20001007,0,1,,0,False,False,True,8,8,8,1.0,380.0000000000179,0.10957388067055397,0.32219457624771897,0,94.43336371777505,-0.036394247777805644,2.9991128598741583,0.9997042866247194,0.07117148255750937,0.08447368421052631,0.06861606053813084,0.10244760173834938
E15_turbid_and_noisy,oracle,20001007,0,1,,0,False,False,True,8,8,8,1.0,190.99999999999343,0.05344509904369169,0.20146230120410458,0,95.1266343111762,-0.02932005804922244,2.011614658346239,0.6705382194487464,0.09524717322681743,0.7701570680628272,0.09644911771175854,0.1962181410682246
E15_turbid_and_noisy,proposed,20001007,5,0,,5,False,False,True,8,8,8,1.0,190.19999999999348,0.0824414906022229,0.2772102403112746,0,94.81877447803375,-0.03246148491802303,2.999759321129539,0.9999197737098463,0.1071705039304554,0.18138801261829654,0.09581966783194111,0.17344830754013388
E15_turbid_and_noisy,residual_only,20001007,0,63,,0,False,False,True,8,8,8,1.0,191.09999999999343,0.07363207276572767,0.2341084279031862,0,94.8629606410894,-0.03201060570316938,2.9997748879510393,0.9999249626503465,0.1149079024318002,0.3139717425431711,0.09739821406088282,0.18015844934765535
E15_turbid_and_noisy,ablation_a1,20001008,3,0,,3,False,False,True,8,8,8,1.0,189.29999999999353,0.17831752919387756,0.4466714946543675,0,94.25213296126653,-0.038243541211566034,3.0001171421806134,1.0000390473935379,0.26673246953844826,0.17591125198098256,0.20874598824300625,0.2988766153357957
E15_turbid_and_noisy,ablation_a2,20001008,5,0,,5,False,False,True,8,8,8,1.0,189.7999999999935,0.17783975948262526,0.41856873777181924,0,94.39596624327861,-0.036775854660422325,3.0024744408098747,1.0008248136032916,0.26223846127188205,0.1417281348788198,0.20104366460110795,0.2903127490463664
E15_turbid_and_noisy,covariance_only,20001008,0,0,,0,False,False,True,8,8,8,1.0,189.29999999999353,0.22338537902753922,0.508314023860331,0,94.24914270457548,-0.038274054034944105,3.0001499628371024,1.0000499876123674,0.25682072389838084,0.21658742736397252,0.23279800733488692,0.34283071316833713
E15_turbid_and_noisy,dead_reckoning,20001008,0,0,,0,False,False,True,8,8,8,1.0,189.49999999999352,0.29168468534118613,0.5918691571394668,0,94.34570259622929,-0.037288749018068446,3.0001521489180423,1.0000507163060142,0.25436942263466167,0.0005277044854881266,0.2806937182829784,0.4064516989752075
E15_turbid_and_noisy,fixed,20001008,0,1,,0,False,False,True,8,8,8,1.0,377.9000000000174,0.2028513512790745,0.5334268974657674,0,94.13690149683833,-0.0394193724812415,3.000655560887174,1.0002185202957248,0.19820618719184202,0.06721354855781952,0.19205451269507387,0.26026685946635186
E15_turbid_and_noisy,oracle,20001008,0,1,,0,False,False,True,8,8,8,1.0,189.7999999999935,0.06715411792315756,0.2289098223144972,0,95.01098780920904,-0.030500124395826056,1.0405351751119831,0.34684505837066104,0.11160701896482093,1.0,0.09462449487810828,0.1899738098698167
E15_turbid_and_noisy,proposed,20001008,5,0,,5,False,False,True,8,8,8,1.0,189.7999999999935,0.17783975948262526,0.41856873777181924,0,94.39596624327861,-0.036775854660422325,3.0024744408098747,1.0008248136032916,0.26223846127188205,0.1417281348788198,0.20104366460110795,0.2903127490463664
E15_turbid_and_noisy,residual_only,20001008,0,62,,0,False,False,True,8,8,8,1.0,189.8999999999935,0.14102496325335354,0.387982251489829,0,94.38707231870937,-0.03686660899276151,3.001078550824401,1.000359516941467,0.29373985239247863,0.2901527119536598,0.2055863081678644,0.301662082347195
E15_turbid_and_noisy,ablation_a1,20001009,3,0,,3,False,False,True,8,8,8,1.0,190.69999999999345,0.07876139050079727,0.21747169971493951,0,94.76357544998744,-0.03302474030625058,2.999711471148391,0.9999038237161303,0.11385967197751025,0.2097535395909806,0.09834258668950793,0.1546607503232882
E15_turbid_and_noisy,ablation_a2,20001009,3,0,,3,False,False,True,8,8,8,1.0,190.59999999999346,0.07693193612413504,0.25144288964603945,0,94.72020233438907,-0.03346732311847889,2.997558549443264,0.9991861831477546,0.0879196795137557,0.1862539349422875,0.08831981558267055,0.13286383278318378
E15_turbid_and_noisy,covariance_only,20001009,0,0,,0,False,False,True,8,8,8,1.0,190.59999999999346,0.06726499827192362,0.22891233619901818,0,94.71469979867273,-0.033523471442115094,2.9997239185541242,0.9999079728513748,0.1000286804122217,0.21406086044071354,0.09678831109035455,0.1463783931143237
E15_turbid_and_noisy,dead_reckoning,20001009,0,0,,0,False,False,True,8,8,8,1.0,190.79999999999345,0.05308905273486694,0.19537491999894918,0,94.81312139670935,-0.03251916942133315,2.999721496886675,0.9999071656288917,0.08612042157123222,0.0005241090146750524,0.10894342495235024,0.1526039851818143
E15_turbid_and_noisy,fixed,20001009,0,1,,0,False,False,True,8,8,8,1.0,377.9000000000174,0.08853804276730015,0.26468270190913046,0,94.34059253132767,-0.03734089253747275,2.999821824223637,0.9999406080745458,0.02982250815987691,0.08176766340301667,0.04452253907342808,0.07710154488887812
E15_turbid_and_noisy,oracle,20001009,3,0,,3,False,False,True,8,8,8,1.0,190.79999999999345,0.06785506992472672,0.2640421216189459,0,94.71358256338452,-0.03353487180219883,2.9971310113694773,0.9990436704564924,0.1066455079932964,0.21331236897274633,0.09413357307985779,0.14115755688127102
E15_turbid_and_noisy,proposed,20001009,3,0,,3,False,False,True,8,8,8,1.0,190.59999999999346,0.07693193612413504,0.25144288964603945,0,94.72020233438907,-0.03346732311847889,2.997558549443264,0.9991861831477546,0.0879196795137557,0.1862539349422875,0.08831981558267055,0.13286383278318378
E15_turbid_and_noisy,residual_only,20001009,0,63,,0,False,False,True,8,8,8,1.0,190.79999999999345,0.09124485182679506,0.2484036664504039,0,94.6456314592891,-0.03422825041541733,2.997855659791011,0.999285219930337,0.10279382817535075,0.3307127882599581,0.08540604117799162,0.12722115899103478
E1_nominal,ablation_a1,20001000,1,0,,1,False,False,True,8,8,8,1.0,191.19999999999342,0.08392148285692815,0.24317251964340203,0,95.16671936208617,-0.028911026917488036,2.998987210425935,0.9996624034753117,0.09834536851833692,0.4665271966527197,0.17468338253237048,0.30490192259718946
E1_nominal,ablation_a2,20001000,1,0,,1,False,False,True,8,8,8,1.0,191.19999999999342,0.08392148285692815,0.24317251964340203,0,95.16671936208617,-0.028911026917488036,2.998987210425935,0.9996624034753117,0.09834536851833692,0.4665271966527197,0.17468338253237048,0.30490192259718946
E1_nominal,covariance_only,20001000,0,0,,0,False,False,True,8,8,8,1.0,191.09999999999343,0.08585266966271293,0.31149378172328035,0,95.11517152192422,-0.029437025286487506,2.999069460764277,0.9996898202547589,0.24166758474569716,0.998953427524856,0.18553300190660507,0.2800674239030351
E1_nominal,dead_reckoning,20001000,0,0,,0,False,False,True,8,8,8,1.0,191.5999999999934,0.200644235817875,0.31889993205216527,0,95.36993133725557,-0.026837435334126858,2.9990741541931496,0.9996913847310499,0.3466715235974277,0.0005219206680584551,0.31963108411062513,0.49437313818245954
E1_nominal,fixed,20001000,0,1,,0,False,False,True,8,8,8,1.0,379.5000000000178,0.09760435390715495,0.30478436824111954,0,94.53003607408401,-0.03540779516240811,2.9998658311453346,0.9999552770484449,0.1581213809189542,0.7235836627140975,0.12293605237816269,0.17866233307135193
E1_nominal,oracle,20001000,0,0,,0,False,False,True,8,8,8,1.0,191.09999999999343,0.057201598186804176,0.21033786588461112,0,95.09530839265373,-0.029639710279043552,3.0005794441411684,1.000193148047056,0.11987283910051923,0.43956043956043955,0.1691605018830392,0.28205431212259846
E1_nominal,proposed,20001000,1,0,,1,False,False,True,8,8,8,1.0,191.19999999999342,0.08392148285692815,0.24317251964340203,0,95.16671936208617,-0.028911026917488036,2.998987210425935,0.9996624034753117,0.09834536851833692,0.4665271966527197,0.17468338253237048,0.30490192259718946
E1_nominal,residual_only,20001000,0,0,,0,False,False,True,8,8,8,1.0,191.19999999999342,0.08392148285692815,0.24317251964340203,0,95.16671936208617,-0.028911026917488036,2.998987210425935,0.9996624034753117,0.09834536851833692,0.4665271966527197,0.17468338253237048,0.30490192259718946
E1_nominal,ablation_a1,20001001,1,0,,1,False,False,True,8,8,8,1.0,191.19999999999342,0.08030649724266771,0.2615492008115794,0,94.78285039587642,-0.03282805718493442,2.9994970914962336,0.9998323638320779,0.12140060036527232,0.7201882845188284,0.10194280378415163,0.1514351591780884
E1_nominal,ablation_a2,20001001,1,0,,1,False,False,True,8,8,8,1.0,191.19999999999342,0.08030649724266771,0.2615492008115794,0,94.78285039587642,-0.03282805718493442,2.9994970914962336,0.9998323638320779,0.12140060036527232,0.7201882845188284,0.10194280378415163,0.1514351591780884
E1_nominal,covariance_only,20001001,0,0,,0,False,False,True,8,8,8,1.0,191.3999999999934,0.06690509531261596,0.26806122768991036,0,94.90337671989174,-0.031598196735798556,2.99944153514165,0.9998138450472167,0.16807168450146942,0.9994775339602926,0.13447158325225242,0.2020744961191379
E1_nominal,dead_reckoning,20001001,0,0,,0,False,False,True,8,8,8,1.0,192.09999999999337,0.13205395992370778,0.25775185364040887,0,95.24852313487371,-0.02807629454210503,2.999421093721911,0.999807031240637,0.22553708205650627,0.0005205622071837585,0.2330962904292409,0.3583988884095186
E1_nominal,fixed,20001001,0,1,,0,False,False,True,8,8,8,1.0,379.30000000001775,0.088285996492637,0.2801420278431772,0,94.56976581271722,-0.03500238966615077,3.001225801264901,1.0004086004216337,0.11360986871556068,0.7279198523596098,0.0834041532929617,0.11685621919739979
E1_nominal,oracle,20001001,0,1,,0,False,False,True,8,8,8,1.0,191.4999999999934,0.05443462401493748,0.3277996194414712,0,95.61137800335128,-0.024373693843354305,1.0365869196197772,0.3455289732065924,0.30409292608771543,0.06631853785900783,0.1978338968493363,0.31076843763761436
E1_nominal,proposed,20001001,1,0,,1,False,False,True,8,8,8,1.0,191.19999999999342,0.08030649724266771,0.2615492008115794,0,94.78285039587642,-0.03282805718493442,2.9994970914962336,0.9998323638320779,0.12140060036527232,0.7201882845188284,0.10194280378415163,0.1514351591780884
E1_nominal,residual_only,20001001,0,0,,0,False,False,True,8,8,8,1.0,191.19999999999342,0.08030649724266771,0.2615492008115794,0,94.78285039587642,-0.03282805718493442,2.9994970914962336,0.9998323638320779,0.12140060036527232,0.7201882845188284,0.10194280378415163,0.1514351591780884
E1_nominal,ablation_a1,20001002,1,0,,1,False,False,True,8,8,8,1.0,190.79999999999345,0.07653887603128388,0.22084467443099243,0,94.68714345647457,-0.03380465860740234,2.9987219273058323,0.9995739757686107,0.04616589641535488,0.9465408805031447,0.06627616401929003,0.0953437647235419
E1_nominal,ablation_a2,20001002,1,0,,1,False,False,True,8,8,8,1.0,190.79999999999345,0.07653887603128388,0.22084467443099243,0,94.68714345647457,-0.03380465860740234,2.9987219273058323,0.9995739757686107,0.04616589641535488,0.9465408805031447,0.06627616401929003,0.0953437647235419
E1_nominal,covariance_only,20001002,0,0,,0,False,False,True,8,8,8,1.0,190.89999999999344,0.07291354783609208,0.23513541030079121,0,94.75343880487021,-0.03312817546050806,2.998750045194871,0.9995833483982904,0.08850456979602953,0.997904662126768,0.08821886305730345,0.12308460703448514
E1_nominal,dead_reckoning,20001002,0,0,,0,False,False,True,8,8,8,1.0,191.19999999999342,0.0779042944537763,0.12694143278846903,0,94.90157422349881,-0.031616589556134556,2.9987531427773675,0.9995843809257892,0.13352626436057097,0.0005230125523012552,0.16116629321042217,0.23520303842836657
E1_nominal,fixed,20001002,0,1,,0,False,False,True,8,8,8,1.0,378.90000000001766,0.10098567367591933,0.2595728376935442,0,94.43862048732704,-0.03634060727217303,2.9989889685395736,0.9996629895131912,0.04967746434602815,0.7471628397994193,0.04268977889888918,0.06615233070324178
E1_nominal,oracle,20001002,0,1,,0,False,False,True,8,8,8,1.0,190.79999999999345,0.062021392313536775,0.19223718132605683,0,95.19940882632102,-0.028577460955907963,1.041247882486773,0.347082627495591,0.035132029885777655,1.0,0.052480258029793524,0.06783660240754498
E1_nominal,proposed,20001002,1,0,,1,False,False,True,8,8,8,1.0,190.79999999999345,0.07653887603128388,0.22084467443099243,0,94.68714345647457,-0.03380465860740234,2.9987219273058323,0.9995739757686107,0.04616589641535488,0.9465408805031447,0.06627616401929003,0.0953437647235419
E1_nominal,residual_only,20001002,0,0,,0,False,False,True,8,8,8,1.0,190.79999999999345,0.07653887603128388,0.22084467443099243,0,94.68714345647457,-0.03380465860740234,2.9987219273058323,0.9995739757686107,0.04616589641535488,0.9465408805031447,0.06627616401929003,0.0953437647235419
E1_nominal,ablation_a1,20001003,1,0,,1,False,False,True,8,8,8,1.0,189.9999999999935,0.06487055842923825,0.28545540665041,0,94.50820895583357,-0.03563052085884111,3.0000792914313923,1.0000264304771307,0.11450877199697079,0.68,0.10993884883401572,0.24063182762588706
E1_nominal,ablation_a2,20001003,1,0,,1,False,False,True,8,8,8,1.0,189.9999999999935,0.06487055842923825,0.28545540665041,0,94.50820895583357,-0.03563052085884111,3.0000792914313923,1.0000264304771307,0.11450877199697079,0.68,0.10993884883401572,0.24063182762588706
E1_nominal,covariance_only,20001003,0,0,,0,False,False,True,8,8,8,1.0,189.9999999999935,0.09864193977492486,0.28321032841544813,0,94.4768925133891,-0.03595007639398873,3.0001207006657213,1.0000402335552405,0.1068871645976464,0.9989473684210526,0.09717386633411222,0.18379870672080784
E1_nominal,dead_reckoning,20001003,0,0,,0,False,False,True,8,8,8,1.0,189.7999999999935,0.20032053357979407,0.44008290319035126,0,94.37558998618758,-0.03698377565114719,3.00012701610961,1.0000423387032034,0.202173357831644,0.0005268703898840885,0.19322785146846835,0.2796991566262631
E1_nominal,fixed,20001003,0,1,,0,False,False,True,8,8,8,1.0,379.30000000001775,0.10304726148819865,0.3067948309077764,0,94.15900868336321,-0.03919378894527337,3.000247266333376,1.0000824221111253,0.10787925848184819,0.7421566042710256,0.07380128778962369,0.12483074889794747
E1_nominal,oracle,20001003,0,1,,0,False,False,True,8,8,8,1.0,190.29999999999347,0.05723661616137128,0.18851982548491364,0,94.83538700998793,-0.03229196928583744,2.0139164408623857,0.671305480287462,0.14760254523200148,0.49658434051497635,0.12704821901418675,0.27060792874642325
E1_nominal,proposed,20001003,1,0,,1,False,False,True,8,8,8,1.0,189.9999999999935,0.06487055842923825,0.28545540665041,0,94.50820895583357,-0.03563052085884111,3.0000792914313923,1.0000264304771307,0.11450877199697079,0.68,0.10993884883401572,0.24063182762588706
E1_nominal,residual_only,20001003,0,0,,0,False,False,True,8,8,8,1.0,189.9999999999935,0.06487055842923825,0.28545540665041,0,94.50820895583357,-0.03563052085884111,3.0000792914313923,1.0000264304771307,0.11450877199697079,0.68,0.10993884883401572,0.24063182762588706
E1_nominal,ablation_a1,20001004,1,0,,1,False,False,True,8,8,8,1.0,190.69999999999345,0.06709405245486626,0.24310039387186144,0,94.67754141399593,-0.033902638632694604,2.9983884764561197,0.9994628254853732,0.15782081305173665,0.6334556895647614,0.12307901275188456,0.26378527978270244
E1_nominal,ablation_a2,20001004,1,0,,1,False,False,True,8,8,8,1.0,190.69999999999345,0.06709405245486626,0.24310039387186144,0,94.67754141399593,-0.033902638632694604,2.9983884764561197,0.9994628254853732,0.15782081305173665,0.6334556895647614,0.12307901275188456,0.26378527978270244
E1_nominal,covariance_only,20001004,0,0,,0,False,False,True,8,8,8,1.0,190.49999999999346,0.1100987078644005,0.31687593294200944,0,94.56609196494793,-0.03503987790869456,2.9983690296553465,0.9994563432184488,0.1144244429952829,0.9989501312335958,0.11404738820490713,0.20173622020412288
E1_nominal,dead_reckoning,20001004,0,0,,0,False,False,True,8,8,8,1.0,190.29999999999347,0.2569102873838838,0.5303789590509211,0,94.46605040463201,-0.03606071015681622,2.998371994018104,0.999457331339368,0.1786149351599159,0.0005254860746190226,0.2288659514918729,0.33402366738840406
E1_nominal,fixed,20001004,0,1,,0,False,False,True,8,8,8,1.0,378.3000000000175,0.10213620909570822,0.3090856246313134,0,94.3593445953206,-0.03714954494570821,3.0006578141119657,1.0002192713706552,0.12827058145833223,0.7404176579434312,0.0856624119163971,0.1331124195178269
E1_nominal,oracle,20001004,0,1,,0,False,False,True,8,8,8,1.0,190.59999999999346,0.05901582977974838,0.28895745435438513,0,94.9667015909412,-0.030952024582232673,2.0099630782653684,0.6699876927551228,0.19165317955324593,0.425498426023085,0.14064381214646243,0.2874125953755217
E1_nominal,proposed,20001004,1,0,,1,False,False,True,8,8,8,1.0,190.69999999999345,0.06709405245486626,0.24310039387186144,0,94.67754141399593,-0.033902638632694604,2.9983884764561197,0.9994628254853732,0.15782081305173665,0.6334556895647614,0.12307901275188456,0.26378527978270244
E1_nominal,residual_only,20001004,0,0,,0,False,False,True,8,8,8,1.0,190.69999999999345,0.06709405245486626,0.24310039387186144,0,94.67754141399593,-0.033902638632694604,2.9983884764561197,0.9994628254853732,0.15782081305173665,0.6334556895647614,0.12307901275188456,0.26378527978270244
E1_nominal,ablation_a1,20001005,1,0,,1,False,False,True,8,8,8,1.0,189.49999999999352,0.08643311926319702,0.24091168270646524,0,94.43662748333041,-0.03636094404764889,3.002126687696504,1.0007088958988346,0.012635075390916095,0.9277044854881267,0.05306353898129909,0.09947063647197393
E1_nominal,ablation_a2,20001005,1,0,,1,False,False,True,8,8,8,1.0,189.49999999999352,0.08643311926319702,0.24091168270646524,0,94.43662748333041,-0.03636094404764889,3.002126687696504,1.0007088958988346,0.012635075390916095,0.9277044854881267,0.05306353898129909,0.09947063647197393
E1_nominal,covariance_only,20001005,0,0,,0,False,False,True,8,8,8,1.0,189.19999999999354,0.10271571124563048,0.28529206846998534,0,94.27629676182366,-0.03799697181812589,3.0022257076308816,1.0007419025436273,0.05121271354910767,0.9994714587737844,0.08437648326041618,0.14845915137138105
E1_nominal,dead_reckoning,20001005,0,0,,0,False,False,True,8,8,8,1.0,189.29999999999353,0.08859751233125487,0.370109527541171,0,94.32737480886756,-0.03747576725645352,3.002221218595412,1.0007404061984706,0.169595505554288,0.0005282620179609086,0.1653441221981122,0.2634486053750782
E1_nominal,fixed,20001005,0,1,,0,False,False,True,8,8,8,1.0,376.4000000000171,0.10016077270340064,0.2887786966448793,0,94.07170445190702,-0.04008464844992832,3.001352644219421,1.0004508814064736,0.05237434779817699,0.7507970244420828,0.04025578780234883,0.07406957483578376
E1_nominal,oracle,20001005,0,1,,0,False,False,True,8,8,8,1.0,189.9999999999935,0.06218017458845416,0.24109463750912496,0,94.66403674700746,-0.03404044135706674,2.0123526285741455,0.6707842095247152,0.004532253347084918,0.9310526315789474,0.045756751974700575,0.08325122000818973
E1_nominal,proposed,20001005,1,0,,1,False,False,True,8,8,8,1.0,189.49999999999352,0.08643311926319702,0.24091168270646524,0,94.43662748333041,-0.03636094404764889,3.002126687696504,1.0007088958988346,0.012635075390916095,0.9277044854881267,0.05306353898129909,0.09947063647197393
E1_nominal,residual_only,20001005,0,0,,0,False,False,True,8,8,8,1.0,189.49999999999352,0.08643311926319702,0.24091168270646524,0,94.43662748333041,-0.03636094404764889,3.002126687696504,1.0007088958988346,0.012635075390916095,0.9277044854881267,0.05306353898129909,0.09947063647197393
E1_nominal,ablation_a1,20001006,1,0,,1,False,False,True,8,8,8,1.0,191.4999999999934,0.06166462585365568,0.1715642823850363,0,95.11296126435084,-0.029459578935195463,3.001208953331754,1.000402984443918,0.0929652136469625,0.8689295039164491,0.09077377709077691,0.11532496469514776
E1_nominal,ablation_a2,20001006,1,0,,1,False,False,True,8,8,8,1.0,191.4999999999934,0.06166462585365568,0.1715642823850363,0,95.11296126435084,-0.029459578935195463,3.001208953331754,1.000402984443918,0.0929652136469625,0.8689295039164491,0.09077377709077691,0.11532496469514776
E1_nominal,covariance_only,20001006,0,0,,0,False,False,True,8,8,8,1.0,191.7999999999934,0.05146264207972244,0.20223672992599306,0,95.29985605717552,-0.027552489212494757,3.0012735358098737,1.0004245119366246,0.15064041214494192,0.9994786235662148,0.119085841852351,0.16333521831297607
E1_nominal,dead_reckoning,20001006,0,0,,0,False,False,True,8,8,8,1.0,192.19999999999337,0.15289547630193093,0.21514031114061094,0,95.50841163282513,-0.025424371093621168,3.0012676383050834,1.0004225461016945,0.23207454179773268,0.0005202913631633715,0.23579615035271478,0.3432273631752993
E1_nominal,fixed,20001006,0,1,,0,False,False,True,8,8,8,1.0,381.00000000001813,0.07951545902735936,0.248693897866191,0,94.66131310407789,-0.03406823363185829,2.9992749149134843,0.9997583049711615,0.09103269839821272,0.7514435695538058,0.06991182289021783,0.10467367207292663
E1_nominal,oracle,20001006,0,1,,0,False,False,True,8,8,8,1.0,191.3999999999934,0.04454532619977756,0.1929657475573805,0,95.14704742674867,-0.02911176095154422,3.002417243640741,1.000805747880247,0.1148354443480386,0.7847439916405433,0.10864873755825064,0.1669307936905735
E1_nominal,proposed,20001006,1,0,,1,False,False,True,8,8,8,1.0,191.4999999999934,0.06166462585365568,0.1715642823850363,0,95.11296126435084,-0.029459578935195463,3.001208953331754,1.000402984443918,0.0929652136469625,0.8689295039164491,0.09077377709077691,0.11532496469514776
E1_nominal,residual_only,20001006,0,0,,0,False,False,True,8,8,8,1.0,191.4999999999934,0.06166462585365568,0.1715642823850363,0,95.11296126435084,-0.029459578935195463,3.001208953331754,1.000402984443918,0.0929652136469625,0.8689295039164491,0.09077377709077691,0.11532496469514776
E1_nominal,ablation_a1,20001007,1,0,,1,False,False,True,8,8,8,1.0,190.59999999999346,0.07424155962570075,0.20949959373828264,0,94.72134314644607,-0.03345568217912165,3.0003592277419626,1.0001197425806543,0.0732798886504153,0.912906610703043,0.07020992087311673,0.11639747915052233
E1_nominal,ablation_a2,20001007,1,0,,1,False,False,True,8,8,8,1.0,190.59999999999346,0.07424155962570075,0.20949959373828264,0,94.72134314644607,-0.03345568217912165,3.0003592277419626,1.0001197425806543,0.0732798886504153,0.912906610703043,0.07020992087311673,0.11639747915052233
E1_nominal,covariance_only,20001007,0,0,,0,False,False,True,8,8,8,1.0,190.79999999999345,0.08734179356625676,0.24896849574890778,0,94.82843527675027,-0.03236290533928299,3.0003352203584712,1.0001117401194903,0.07634481080640586,0.999475890985325,0.08772590006481756,0.15031021050065896
E1_nominal,dead_reckoning,20001007,0,0,,0,False,False,True,8,8,8,1.0,190.79999999999345,0.14646756848986267,0.3402077420381051,0,94.83145296027578,-0.03233211265024716,3.0003344859241876,1.0001114953080625,0.1477779886386375,0.0005241090146750524,0.1609523406665669,0.24573061131660032
E1_nominal,fixed,20001007,0,1,,0,False,False,True,8,8,8,1.0,378.90000000001766,0.08443317065931187,0.26706986118437825,0,94.48930545444787,-0.035823413730123765,3.000531028858962,1.000177009619654,0.07643566766563138,0.754816574294009,0.059142375599479255,0.09737497002205986
E1_nominal,oracle,20001007,0,1,,0,False,False,True,8,8,8,1.0,190.89999999999344,0.048263740943649505,0.26106563199821764,0,95.3414611923643,-0.027127947016690745,1.0393504441423875,0.3464501480474625,0.1794280660300461,0.29334730225248823,0.11986753061999963,0.20939159319384135
E1_nominal,proposed,20001007,1,0,,1,False,False,True,8,8,8,1.0,190.59999999999346,0.07424155962570075,0.20949959373828264,0,94.72134314644607,-0.03345568217912165,3.0003592277419626,1.0001197425806543,0.0732798886504153,0.912906610703043,0.07020992087311673,0.11639747915052233
E1_nominal,residual_only,20001007,0,0,,0,False,False,True,8,8,8,1.0,190.59999999999346,0.07424155962570075,0.20949959373828264,0,94.72134314644607,-0.03345568217912165,3.0003592277419626,1.0001197425806543,0.0732798886504153,0.912906610703043,0.07020992087311673,0.11639747915052233
E1_nominal,ablation_a1,20001008,1,0,,1,False,False,True,8,8,8,1.0,189.5999999999935,0.12098952075076785,0.3884105982249664,0,94.4367583742994,-0.03635960842551633,2.9990626742692834,0.9996875580897612,0.20564209090673596,0.44251054852320676,0.13830144526763552,0.2266771286899405
E1_nominal,ablation_a2,20001008,1,0,,1,False,False,True,8,8,8,1.0,189.5999999999935,0.12098952075076785,0.3884105982249664,0,94.4367583742994,-0.03635960842551633,2.9990626742692834,0.9996875580897612,0.20564209090673596,0.44251054852320676,0.13830144526763552,0.2266771286899405
E1_nominal,covariance_only,20001008,0,0,,0,False,False,True,8,8,8,1.0,189.6999999999935,0.12606172226083234,0.3687564118464195,0,94.47593112551922,-0.0359598864742936,2.9991379194470387,0.9997126398156796,0.16664931285820808,1.0,0.15046486842057488,0.2484080445710405
E1_nominal,dead_reckoning,20001008,0,0,,0,False,False,True,8,8,8,1.0,189.39999999999353,0.2864509389456524,0.5747797814824729,0,94.31991826808759,-0.03755185440726949,2.999140842607406,0.9997136142024687,0.2558557056203708,0.0005279831045406547,0.28122986815074036,0.4123226287332622
E1_nominal,fixed,20001008,0,1,,0,False,False,True,8,8,8,1.0,377.8000000000174,0.1107568950626159,0.30347425265996897,0,94.29924538004227,-0.03776280224446671,3.0001055112975687,1.000035170432523,0.14933941359166064,0.7223398623610375,0.10678771170606613,0.16830523714462112
E1_nominal,oracle,20001008,0,1,,0,False,False,True,8,8,8,1.0,190.09999999999349,0.062207506280132906,0.18640120912353453,0,95.12215946216779,-0.029365719773798094,1.0416917213640053,0.34723057378800176,0.1087007994703303,0.9847448711204629,0.08130670715219085,0.1464696576510089
E1_nominal,proposed,20001008,1,0,,1,False,False,True,8,8,8,1.0,189.5999999999935,0.12098952075076785,0.3884105982249664,0,94.4367583742994,-0.03635960842551633,2.9990626742692834,0.9996875580897612,0.20564209090673596,0.44251054852320676,0.13830144526763552,0.2266771286899405
E1_nominal,residual_only,20001008,0,0,,0,False,False,True,8,8,8,1.0,189.5999999999935,0.12098952075076785,0.3884105982249664,0,94.4367583742994,-0.03635960842551633,2.9990626742692834,0.9996875580897612,0.20564209090673596,0.44251054852320676,0.13830144526763552,0.2266771286899405
E1_nominal,ablation_a1,20001009,1,0,,1,False,False,True,8,8,8,1.0,190.29999999999347,0.07842864009575239,0.2190393804350279,0,94.6650807179678,-0.03402978859216532,2.9981026237222648,0.9993675412407549,0.03188366073177985,0.9558591697320021,0.05914943266811463,0.0870344694333836
E1_nominal,ablation_a2,20001009,1,0,,1,False,False,True,8,8,8,1.0,190.29999999999347,0.07842864009575239,0.2190393804350279,0,94.6650807179678,-0.03402978859216532,2.9981026237222648,0.9993675412407549,0.03188366073177985,0.9558591697320021,0.05914943266811463,0.0870344694333836
E1_nominal,covariance_only,20001009,0,0,,0,False,False,True,8,8,8,1.0,190.29999999999347,0.07466909921758577,0.206423309176202,0,94.67354512062084,-0.03394341713652205,2.9981580206919594,0.9993860068973198,0.05782324297221073,1.0,0.07631815690833935,0.10970389428346015
E1_nominal,dead_reckoning,20001009,0,0,,0,False,False,True,8,8,8,1.0,190.59999999999346,0.05093795321606429,0.13990676327485163,0,94.82141456057258,-0.03243454530027978,2.998162257596832,0.999387419198944,0.09367177674179893,0.0005246589716684155,0.11374080775959922,0.16103106832847155
E1_nominal,fixed,20001009,0,1,,0,False,False,True,8,8,8,1.0,378.90000000001766,0.09135206114937626,0.25296525905833356,0,94.43079565707043,-0.036420452478873155,3.0005058185963973,1.000168606198799,0.0271028278887683,0.7455793085246767,0.03471683762545774,0.05472946235018041
E1_nominal,oracle,20001009,0,1,,0,False,False,True,8,8,8,1.0,190.49999999999346,0.06536572116973399,0.19597163432486342,0,95.23410774939197,-0.0282233903123269,1.03727113315802,0.3457570443860067,0.02867080714798348,0.9858267716535433,0.0510856752127856,0.06778938339353953
E1_nominal,proposed,20001009,1,0,,1,False,False,True,8,8,8,1.0,190.29999999999347,0.07842864009575239,0.2190393804350279,0,94.6650807179678,-0.03402978859216532,2.9981026237222648,0.9993675412407549,0.03188366073177985,0.9558591697320021,0.05914943266811463,0.0870344694333836
E1_nominal,residual_only,20001009,0,0,,0,False,False,True,8,8,8,1.0,190.29999999999347,0.07842864009575239,0.2190393804350279,0,94.6650807179678,-0.03402978859216532,2.9981026237222648,0.9993675412407549,0.03188366073177985,0.9558591697320021,0.05914943266811463,0.0870344694333836
E2_dvl_short,ablation_a1,20001000,3,0,0.5000000000005898,2,False,False,True,8,8,8,1.0,191.29999999999342,0.058624133302619286,0.20142058483215086,0,95.02679791323203,-0.03033879680375484,2.9974428884712467,0.9991476294904156,0.1306169371522013,0.553058024046001,0.15662299369915103,0.2756852488945487
E2_dvl_short,ablation_a2,20001000,3,0,0.5000000000005898,2,False,False,True,8,8,8,1.0,191.29999999999342,0.058624133302619286,0.20142058483215086,0,95.02679791323203,-0.03033879680375484,2.9974428884712467,0.9991476294904156,0.1306169371522013,0.553058024046001,0.15662299369915103,0.2756852488945487
E2_dvl_short,covariance_only,20001000,0,0,,0,False,False,True,8,8,8,1.0,191.09999999999343,0.06736955458614602,0.22928933758405234,0,95.0160670260373,-0.03044829565268059,2.9973786032582947,0.9991262010860983,0.21574678806920589,0.998953427524856,0.16668120843187748,0.2724438695179032
E2_dvl_short,dead_reckoning,20001000,0,0,,0,False,False,True,8,8,8,1.0,191.6999999999934,0.17897716225725221,0.36633101896074294,0,95.41120279736263,-0.02641629798609557,2.997458286128164,0.9991527620427213,0.3650547278757145,0.0005216484089723526,0.32201193249095306,0.490698889616335
E2_dvl_short,fixed,20001000,0,1,,0,False,False,True,8,8,8,1.0,379.6000000000178,0.10612597291168284,0.2872407880328143,0,94.65579165863417,-0.034124574911896244,2.9982253801666974,0.9994084600555658,0.15125762173376425,0.7407797681770284,0.11336840741128346,0.17627667637700378
E2_dvl_short,oracle,20001000,0,0,,0,False,False,True,8,8,8,1.0,191.4999999999934,0.05331178352431233,0.20854163005165338,0,95.05837099990579,-0.030016622449940966,2.99888397433856,0.9996279914461866,0.1240466112385024,0.5206266318537859,0.15724693978660853,0.27392829924150114
E2_dvl_short,proposed,20001000,3,0,0.5000000000005898,2,False,False,True,8,8,8,1.0,191.29999999999342,0.058624133302619286,0.20142058483215086,0,95.02679791323203,-0.03033879680375484,2.9974428884712467,0.9991476294904156,0.1306169371522013,0.553058024046001,0.15662299369915103,0.2756852488945487
E2_dvl_short,residual_only,20001000,0,0,,0,False,False,True,8,8,8,1.0,191.29999999999342,0.058624133302619286,0.20142058483215086,0,95.02679791323203,-0.03033879680375484,2.9974428884712467,0.9991476294904156,0.1306169371522013,0.553058024046001,0.15662299369915103,0.2756852488945487
E2_dvl_short,ablation_a1,20001001,3,0,0.5000000000005898,2,False,False,True,8,8,8,1.0,190.69999999999345,0.07383378040814641,0.21521312067147536,0,94.67629284793875,-0.03391537910266573,3.0019624681677692,1.000654156055923,0.12872382972941446,0.8253801782905087,0.09116261041025246,0.13620953389764232
E2_dvl_short,ablation_a2,20001001,3,0,0.5000000000005898,2,False,False,True,8,8,8,1.0,190.69999999999345,0.07383378040814641,0.21521312067147536,0,94.67629284793875,-0.03391537910266573,3.0019624681677692,1.000654156055923,0.12872382972941446,0.8253801782905087,0.09116261041025246,0.13620953389764232
E2_dvl_short,covariance_only,20001001,0,0,,0,False,False,True,8,8,8,1.0,190.99999999999343,0.05896125981118449,0.21348870002583054,0,94.84846846853952,-0.032158485014902816,3.0020055912239596,1.0006685304079865,0.15490308673559414,1.0,0.12738815258284808,0.20693585447509166
E2_dvl_short,dead_reckoning,20001001,0,0,,0,False,False,True,8,8,8,1.0,191.5999999999934,0.12782750928099304,0.32446485987669327,0,95.24992210248742,-0.02806201936237329,3.002021803918983,1.000673934639661,0.2981757142846085,0.0005219206680584551,0.2575929835768206,0.38769601314969215
E2_dvl_short,fixed,20001001,0,1,,0,False,False,True,8,8,8,1.0,378.80000000001763,0.0891812933208217,0.3134618161670022,0,94.54269649690262,-0.03527860717446307,2.999839834428357,0.9999466114761191,0.1011271980771068,0.7552798310454065,0.08047269041186396,0.11451098252331143
E2_dvl_short,oracle,20001001,0,1,,0,False,False,True,8,8,8,1.0,191.09999999999343,0.05271340958221898,0.21945866437182815,0,95.38916877355969,-0.026641134963676594,1.0372157773902502,0.3457385924634167,0.183821281269938,0.23809523809523808,0.12904300162513185,0.21035572466040214
E2_dvl_short,proposed,20001001,3,0,0.5000000000005898,2,False,False,True,8,8,8,1.0,190.69999999999345,0.07383378040814641,0.21521312067147536,0,94.67629284793875,-0.03391537910266573,3.0019624681677692,1.000654156055923,0.12872382972941446,0.8253801782905087,0.09116261041025246,0.13620953389764232
E2_dvl_short,residual_only,20001001,0,0,,0,False,False,True,8,8,8,1.0,190.69999999999345,0.07383378040814641,0.21521312067147536,0,94.67629284793875,-0.03391537910266573,3.0019624681677692,1.000654156055923,0.12872382972941446,0.8253801782905087,0.09116261041025246,0.13620953389764232
E2_dvl_short,ablation_a1,20001002,3,0,0.5000000000005898,2,False,False,True,8,8,8,1.0,190.29999999999347,0.07321778613647036,0.22084467443099243,0,94.6233917658512,-0.03445518606274289,2.9995235547087526,0.9998411849029175,0.053427508290227625,0.9432475039411455,0.0681374221446238,0.10275271589664264
E2_dvl_short,ablation_a2,20001002,3,0,0.5000000000005898,2,False,False,True,8,8,8,1.0,190.29999999999347,0.07321778613647036,0.22084467443099243,0,94.6233917658512,-0.03445518606274289,2.9995235547087526,0.9998411849029175,0.053427508290227625,0.9432475039411455,0.0681374221446238,0.10275271589664264
E2_dvl_short,covariance_only,20001002,0,0,,0,False,False,True,8,8,8,1.0,190.59999999999346,0.059625135295747575,0.20483139733986633,0,94.77146314212142,-0.0329442536518223,2.999437544742557,0.9998125149141858,0.08828232275055939,1.0,0.08839366959658447,0.12765368726969267
E2_dvl_short,dead_reckoning,20001002,0,0,,0,False,False,True,8,8,8,1.0,190.69999999999345,0.07052618915987459,0.18279900859345943,0,94.88025703034026,-0.0318341119353035,2.9993508612935686,0.9997836204311895,0.13876495082290202,0.0005243838489774515,0.1586982281788171,0.2352322670213614
E2_dvl_short,fixed,20001002,0,1,,0,False,False,True,8,8,8,1.0,377.9000000000174,0.10148803727030713,0.26395285599552487,0,94.45006973869849,-0.036223778176545984,2.999657710779079,0.9998859035930264,0.03809144986567101,0.7613125165387669,0.04243827382542879,0.06758089914027
E2_dvl_short,oracle,20001002,0,1,,0,False,False,True,8,8,8,1.0,190.49999999999346,0.06027826605055834,0.1892473715369003,0,95.15876177496989,-0.028992226786021535,1.037621423715133,0.34587380790504435,0.03050215033561736,1.0,0.05283781369752393,0.06835830616635873
E2_dvl_short,proposed,20001002,3,0,0.5000000000005898,2,False,False,True,8,8,8,1.0,190.29999999999347,0.07321778613647036,0.22084467443099243,0,94.6233917658512,-0.03445518606274289,2.9995235547087526,0.9998411849029175,0.053427508290227625,0.9432475039411455,0.0681374221446238,0.10275271589664264
E2_dvl_short,residual_only,20001002,0,0,,0,False,False,True,8,8,8,1.0,190.29999999999347,0.07321778613647036,0.22084467443099243,0,94.6233917658512,-0.03445518606274289,2.9995235547087526,0.9998411849029175,0.053427508290227625,0.9432475039411455,0.0681374221446238,0.10275271589664264
E2_dvl_short,ablation_a1,20001003,3,0,0.5000000000005898,2,False,False,True,8,8,8,1.0,190.29999999999347,0.0813517855300622,0.245078462777494,0,94.57386881460482,-0.034960522299950836,3.000066042906671,1.0000220143022236,0.12599375463951323,0.813977929584866,0.0732986410208291,0.13056480883136698
E2_dvl_short,ablation_a2,20001003,3,0,0.5000000000005898,2,False,False,True,8,8,8,1.0,190.29999999999347,0.0813517855300622,0.245078462777494,0,94.57386881460482,-0.034960522299950836,3.000066042906671,1.0000220143022236,0.12599375463951323,0.813977929584866,0.0732986410208291,0.13056480883136698
E2_dvl_short,covariance_only,20001003,0,0,,0,False,False,True,8,8,8,1.0,190.19999999999348,0.10935432466916965,0.30690086445545184,0,94.50150633304892,-0.03569891496888855,3.0000118997577307,1.0000039665859102,0.10164703492895753,0.9978969505783386,0.08803303637690392,0.139511938010598
E2_dvl_short,dead_reckoning,20001003,0,0,,0,False,False,True,8,8,8,1.0,189.9999999999935,0.2252769580403475,0.5056980759131129,0,94.39188422079826,-0.03681750795103811,3.00005052884503,1.0000168429483434,0.18781740224156301,0.0005263157894736842,0.1984352627125868,0.30101266849044966
E2_dvl_short,fixed,20001003,0,1,,0,False,False,True,8,8,8,1.0,379.2000000000177,0.10427352143695966,0.27882777964629746,0,94.26695773066037,-0.03809226805448607,2.9999649916712197,0.9999883305570733,0.09655738840205781,0.7526371308016878,0.07180688372737888,0.12027216281287091
E2_dvl_short,oracle,20001003,0,1,,0,False,False,True,8,8,8,1.0,190.69999999999345,0.07134999076445368,0.19402786412588657,0,95.33123624419952,-0.027232283222453968,1.038933412886073,0.346311137628691,0.03768174535022691,0.9874147876245412,0.052390970563968346,0.07723305896676827
E2_dvl_short,proposed,20001003,3,0,0.5000000000005898,2,False,False,True,8,8,8,1.0,190.29999999999347,0.0813517855300622,0.245078462777494,0,94.57386881460482,-0.034960522299950836,3.000066042906671,1.0000220143022236,0.12599375463951323,0.813977929584866,0.0732986410208291,0.13056480883136698
E2_dvl_short,residual_only,20001003,0,0,,0,False,False,True,8,8,8,1.0,190.29999999999347,0.0813517855300622,0.245078462777494,0,94.57386881460482,-0.034960522299950836,3.000066042906671,1.0000220143022236,0.12599375463951323,0.813977929584866,0.0732986410208291,0.13056480883136698
E2_dvl_short,ablation_a1,20001004,3,0,0.5000000000005898,2,False,False,True,8,8,8,1.0,190.49999999999346,0.07798838318748316,0.24776092172773723,0,94.7029314624077,-0.03364355650604378,2.997184776496187,0.9990615921653957,0.16956115191068438,0.7328083989501313,0.08905910805643841,0.1535967376691583
E2_dvl_short,ablation_a2,20001004,3,0,0.5000000000005898,2,False,False,True,8,8,8,1.0,190.49999999999346,0.07798838318748316,0.24776092172773723,0,94.7029314624077,-0.03364355650604378,2.997184776496187,0.9990615921653957,0.16956115191068438,0.7328083989501313,0.08905910805643841,0.1535967376691583
E2_dvl_short,covariance_only,20001004,0,0,,0,False,False,True,8,8,8,1.0,190.39999999999347,0.11641059586643442,0.3205117484337485,0,94.64186134912885,-0.03426672092725669,2.9969916971847828,0.9989972323949275,0.11408797719794549,0.9989495798319328,0.10293685917912108,0.15584799445325184
E2_dvl_short,dead_reckoning,20001004,0,0,,0,False,False,True,8,8,8,1.0,190.29999999999347,0.2717418186842272,0.5366648121318249,0,94.58378930617634,-0.03485929279411892,2.9969875447903482,0.9989958482634494,0.16949097625318982,0.0005254860746190226,0.23554797854831797,0.34658621221688884
E2_dvl_short,fixed,20001004,0,1,,0,False,False,True,8,8,8,1.0,376.4000000000171,0.0970543542166913,0.32511783424586227,0,94.20983733910698,-0.03867512919278593,3.000108716862889,1.0000362389542963,0.1127528323969095,0.7534537725823592,0.08153510503079439,0.1266708226589573
E2_dvl_short,oracle,20001004,0,1,,0,False,False,True,8,8,8,1.0,190.39999999999347,0.07255820862604487,0.18718917543272795,0,95.28589424988279,-0.027694956633849133,1.0394552116592373,0.3464850705530791,0.039692551186779224,0.9863445378151261,0.05554901971536351,0.08398687400315798
E2_dvl_short,proposed,20001004,3,0,0.5000000000005898,2,False,False,True,8,8,8,1.0,190.49999999999346,0.07798838318748316,0.24776092172773723,0,94.7029314624077,-0.03364355650604378,2.997184776496187,0.9990615921653957,0.16956115191068438,0.7328083989501313,0.08905910805643841,0.1535967376691583
E2_dvl_short,residual_only,20001004,0,0,,0,False,False,True,8,8,8,1.0,190.49999999999346,0.07798838318748316,0.24776092172773723,0,94.7029314624077,-0.03364355650604378,2.997184776496187,0.9990615921653957,0.16956115191068438,0.7328083989501313,0.08905910805643841,0.1535967376691583
E2_dvl_short,ablation_a1,20001005,3,0,0.5000000000005898,2,False,False,True,8,8,8,1.0,189.7999999999935,0.08281798034512658,0.2360253832231365,0,94.52954915780975,-0.035412763695818805,2.998880307265317,0.999626769088439,0.011657881106555606,0.9293993677555321,0.05323111202433852,0.09736770354634731
E2_dvl_short,ablation_a2,20001005,3,0,0.5000000000005898,2,False,False,True,8,8,8,1.0,189.7999999999935,0.08281798034512658,0.2360253832231365,0,94.52954915780975,-0.035412763695818805,2.998880307265317,0.999626769088439,0.011657881106555606,0.9293993677555321,0.05323111202433852,0.09736770354634731
E2_dvl_short,covariance_only,20001005,0,0,,0,False,False,True,8,8,8,1.0,189.49999999999352,0.08869949937755185,0.28529206846998534,0,94.28783326497788,-0.037879252398184904,2.99884791566526,0.99961597188842,0.049512006701946526,0.9989445910290238,0.07838651574562124,0.14265803312063127
E2_dvl_short,dead_reckoning,20001005,0,0,,0,False,False,True,8,8,8,1.0,189.49999999999352,0.07396413003366616,0.34715048699509765,0,94.31279980984999,-0.03762449173622462,2.9988479083577,0.9996159694525667,0.1008131993737956,0.0005277044854881266,0.13489792730311423,0.2267533327237319
E2_dvl_short,fixed,20001005,0,1,,0,False,False,True,8,8,8,1.0,376.100000000017,0.10786426547633181,0.3009070105567275,0,94.15785530841603,-0.03920555807738746,3.000226435130485,1.0000754783768284,0.03299326907961406,0.7684126562084552,0.03951438654193646,0.07325293488330989
E2_dvl_short,oracle,20001005,0,1,,0,False,False,True,8,8,8,1.0,190.29999999999347,0.06306851578470989,0.21468245381949558,0,95.1650224203871,-0.02892834264911115,1.0390934746278333,0.3463644915426111,0.025689509575095453,0.9889647924330005,0.04651952745465414,0.06657787428679388
E2_dvl_short,proposed,20001005,3,0,0.5000000000005898,2,False,False,True,8,8,8,1.0,189.7999999999935,0.08281798034512658,0.2360253832231365,0,94.52954915780975,-0.035412763695818805,2.998880307265317,0.999626769088439,0.011657881106555606,0.9293993677555321,0.05323111202433852,0.09736770354634731
E2_dvl_short,residual_only,20001005,0,0,,0,False,False,True,8,8,8,1.0,189.7999999999935,0.08281798034512658,0.2360253832231365,0,94.52954915780975,-0.035412763695818805,2.998880307265317,0.999626769088439,0.011657881106555606,0.9293993677555321,0.05323111202433852,0.09736770354634731
E2_dvl_short,ablation_a1,20001006,3,0,0.5000000000005898,2,False,False,True,8,8,8,1.0,191.09999999999343,0.06468086741209533,0.20326762456715564,0,94.93744380372257,-0.03125057343140236,2.9989378663000346,0.9996459554333449,0.09880212747050157,0.9000523286237572,0.08360194152047443,0.1146537871085414
E2_dvl_short,ablation_a2,20001006,3,0,0.5000000000005898,2,False,False,True,8,8,8,1.0,191.09999999999343,0.06468086741209533,0.20326762456715564,0,94.93744380372257,-0.03125057343140236,2.9989378663000346,0.9996459554333449,0.09880212747050157,0.9000523286237572,0.08360194152047443,0.1146537871085414
E2_dvl_short,covariance_only,20001006,0,0,,0,False,False,True,8,8,8,1.0,191.5999999999934,0.05530519787651626,0.19983974869334986,0,95.21860279484162,-0.028381604134269267,2.998966333428733,0.9996554444762443,0.13975125184745704,1.0,0.11107176771434947,0.16602327184714127
E2_dvl_short,dead_reckoning,20001006,0,0,,0,False,False,True,8,8,8,1.0,191.99999999999338,0.10701462029968363,0.15990223906181456,0,95.44644273577882,-0.02605670677776717,2.9989527686048594,0.9996509228682865,0.16613936148305153,0.0005208333333333333,0.19490543645088704,0.31794217643885947
E2_dvl_short,fixed,20001006,0,1,,0,False,False,True,8,8,8,1.0,379.30000000001775,0.08393000910822536,0.2705012648280025,0,94.62115378457243,-0.03447802260640376,2.9990572436752077,0.9996857478917359,0.10000605108675689,0.75322963353546,0.06764430476513582,0.10116095692027552
E2_dvl_short,oracle,20001006,0,1,,0,False,False,True,8,8,8,1.0,191.89999999999338,0.03995147058808401,0.16087202648699162,0,95.19201194963034,-0.028652939289486312,2.9992577907056193,0.9997525969018731,0.13714377628799168,0.7613340281396561,0.10395600441673895,0.15648655934307404
E2_dvl_short,proposed,20001006,3,0,0.5000000000005898,2,False,False,True,8,8,8,1.0,191.09999999999343,0.06468086741209533,0.20326762456715564,0,94.93744380372257,-0.03125057343140236,2.9989378663000346,0.9996459554333449,0.09880212747050157,0.9000523286237572,0.08360194152047443,0.1146537871085414
E2_dvl_short,residual_only,20001006,0,0,,0,False,False,True,8,8,8,1.0,191.09999999999343,0.06468086741209533,0.20326762456715564,0,94.93744380372257,-0.03125057343140236,2.9989378663000346,0.9996459554333449,0.09880212747050157,0.9000523286237572,0.08360194152047443,0.1146537871085414
E2_dvl_short,ablation_a1,20001007,3,0,0.5000000000005898,2,False,False,True,8,8,8,1.0,190.49999999999346,0.07851770568825762,0.20949959373828264,0,94.74134688551855,-0.0332515623926678,2.998580032164212,0.9995266773880708,0.06790431663991688,0.9212598425196851,0.06747504042789715,0.10615150518874827
E2_dvl_short,ablation_a2,20001007,3,0,0.5000000000005898,2,False,False,True,8,8,8,1.0,190.49999999999346,0.07851770568825762,0.20949959373828264,0,94.74134688551855,-0.0332515623926678,2.998580032164212,0.9995266773880708,0.06790431663991688,0.9212598425196851,0.06747504042789715,0.10615150518874827
E2_dvl_short,covariance_only,20001007,0,0,,0,False,False,True,8,8,8,1.0,190.39999999999347,0.09708137251051296,0.2674751052323643,0,94.6917883855084,-0.033757261372363234,2.9986171954991323,0.9995390651663775,0.06978252475588055,0.9989495798319328,0.08201615127446475,0.12709889045185352
E2_dvl_short,dead_reckoning,20001007,0,0,,0,False,False,True,8,8,8,1.0,190.69999999999345,0.11505999415523621,0.3310061499401038,0,94.81500358465281,-0.03249996342191008,2.998666382460825,0.9995554608202749,0.19181278341317692,0.0005243838489774515,0.1791469232218421,0.2680642161981943
E2_dvl_short,fixed,20001007,0,1,,0,False,False,True,8,8,8,1.0,378.00000000001745,0.08490670627450944,0.26422078520149483,0,94.47358712767448,-0.035983804819648135,2.999735064706378,0.9999116882354593,0.06761542199416927,0.7587301587301587,0.058470206535735,0.08747879701434326
E2_dvl_short,oracle,20001007,0,1,,0,False,False,True,8,8,8,1.0,190.79999999999345,0.060823747649482604,0.19271773631612366,0,94.9902327076082,-0.03071191114685512,2.0118405813895888,0.6706135271298629,0.04773238643452173,1.0,0.05857030667618038,0.08284447370415926
E2_dvl_short,proposed,20001007,3,0,0.5000000000005898,2,False,False,True,8,8,8,1.0,190.49999999999346,0.07851770568825762,0.20949959373828264,0,94.74134688551855,-0.0332515623926678,2.998580032164212,0.9995266773880708,0.06790431663991688,0.9212598425196851,0.06747504042789715,0.10615150518874827
E2_dvl_short,residual_only,20001007,0,0,,0,False,False,True,8,8,8,1.0,190.49999999999346,0.07851770568825762,0.20949959373828264,0,94.74134688551855,-0.0332515623926678,2.998580032164212,0.9995266773880708,0.06790431663991688,0.9212598425196851,0.06747504042789715,0.10615150518874827
E2_dvl_short,ablation_a1,20001008,3,0,0.5000000000005898,2,False,False,True,8,8,8,1.0,189.8999999999935,0.14995809635334684,0.40177583962356245,0,94.47439618152231,-0.03597554916813972,2.9989807179940975,0.9996602393313658,0.0841555528647592,0.37756714060031593,0.1525501625127847,0.23284071656052563
E2_dvl_short,ablation_a2,20001008,3,0,0.5000000000005898,2,False,False,True,8,8,8,1.0,189.8999999999935,0.14995809635334684,0.40177583962356245,0,94.47439618152231,-0.03597554916813972,2.9989807179940975,0.9996602393313658,0.0841555528647592,0.37756714060031593,0.1525501625127847,0.23284071656052563
E2_dvl_short,covariance_only,20001008,0,0,,0,False,False,True,8,8,8,1.0,189.8999999999935,0.12479106676365184,0.346476838025783,0,94.4653941850627,-0.03606740627487037,2.9989255732863973,0.9996418577621324,0.15818872438901732,1.0,0.13015801784039843,0.193808880478459
E2_dvl_short,dead_reckoning,20001008,0,0,,0,False,False,True,8,8,8,1.0,189.6999999999935,0.2873823600399287,0.5740292269701808,0,94.33260463489025,-0.03742240168479338,2.998922381581732,0.9996407938605772,0.2597673097476178,0.0005271481286241434,0.28752051563073944,0.42386512980753965
E2_dvl_short,fixed,20001008,0,1,,0,False,False,True,8,8,8,1.0,377.60000000001736,0.10131069990986317,0.3297587920322069,0,94.2704594468109,-0.03805653625703165,2.9990329670149842,0.9996776556716614,0.1605107755925464,0.7253707627118644,0.10885638757571368,0.18721182123917937
E2_dvl_short,oracle,20001008,0,1,,0,False,False,True,8,8,8,1.0,377.60000000001736,0.06738736954063776,0.28828428645331705,0,94.69433629796362,-0.03373126226567735,2.0081502359573853,0.6693834119857951,0.14335780794351125,0.5889830508474576,0.09391285677438216,0.21300411532292096
E2_dvl_short,proposed,20001008,3,0,0.5000000000005898,2,False,False,True,8,8,8,1.0,189.8999999999935,0.14995809635334684,0.40177583962356245,0,94.47439618152231,-0.03597554916813972,2.9989807179940975,0.9996602393313658,0.0841555528647592,0.37756714060031593,0.1525501625127847,0.23284071656052563
E2_dvl_short,residual_only,20001008,0,0,,0,False,False,True,8,8,8,1.0,189.8999999999935,0.14995809635334684,0.40177583962356245,0,94.47439618152231,-0.03597554916813972,2.9989807179940975,0.9996602393313658,0.0841555528647592,0.37756714060031593,0.1525501625127847,0.23284071656052563
E2_dvl_short,ablation_a1,20001009,3,0,0.5000000000005898,2,False,False,True,8,8,8,1.0,190.39999999999347,0.08223560630654864,0.231467061056021,0,94.54270233274843,-0.03527854762501603,2.9982915720318406,0.9994305240106135,0.029316477917065594,0.9611344537815126,0.058723675389534234,0.08898499571951589
E2_dvl_short,ablation_a2,20001009,3,0,0.5000000000005898,2,False,False,True,8,8,8,1.0,190.39999999999347,0.08223560630654864,0.231467061056021,0,94.54270233274843,-0.03527854762501603,2.9982915720318406,0.9994305240106135,0.029316477917065594,0.9611344537815126,0.058723675389534234,0.08898499571951589
E2_dvl_short,covariance_only,20001009,0,0,,0,False,False,True,8,8,8,1.0,190.59999999999346,0.07606272586694125,0.22850323564452957,0,94.61934527355635,-0.03449647680044543,2.998255235129166,0.9994184117097219,0.05406226499251434,0.9994753410283316,0.07388900128241889,0.11055878601392857
E2_dvl_short,dead_reckoning,20001009,0,0,,0,False,False,True,8,8,8,1.0,190.89999999999344,0.05867612243705945,0.19759714570995257,0,94.78036964248814,-0.03285337099501895,2.9982556555047277,0.9994185518349092,0.054029503481550695,0.0005238344683080147,0.09830013703807104,0.16102036362637648
E2_dvl_short,fixed,20001009,0,1,,0,False,False,True,8,8,8,1.0,378.50000000001756,0.08444391218206163,0.28807926456833854,0,94.33013475518979,-0.03744760453887974,2.9994487516378787,0.9998162505459596,0.01622843060507737,0.7529722589167768,0.03463284183710519,0.06064295459021971
E2_dvl_short,oracle,20001009,0,1,,0,False,False,True,8,8,8,1.0,190.69999999999345,0.06265397794967546,0.19630586004728956,0,95.20639697605914,-0.028506153305518978,1.0384155228920577,0.34613850763068593,0.03260467739388389,0.9910854745673833,0.05113211153575662,0.0688809019500836
E2_dvl_short,proposed,20001009,3,0,0.5000000000005898,2,False,False,True,8,8,8,1.0,190.39999999999347,0.08223560630654864,0.231467061056021,0,94.54270233274843,-0.03527854762501603,2.9982915720318406,0.9994305240106135,0.029316477917065594,0.9611344537815126,0.058723675389534234,0.08898499571951589
E2_dvl_short,residual_only,20001009,0,0,,0,False,False,True,8,8,8,1.0,190.39999999999347,0.08223560630654864,0.231467061056021,0,94.54270233274843,-0.03527854762501603,2.9982915720318406,0.9994305240106135,0.029316477917065594,0.9611344537815126,0.058723675389534234,0.08898499571951589
E3_dvl_long,ablation_a1,20001000,3,0,0.5000000000003055,2,False,False,True,8,8,8,1.0,191.5999999999934,0.113041868692976,0.23522520634105826,0,94.85752350977799,-0.0320660866349185,2.9989820626511943,0.999660687550398,0.3347570814612524,0.7593945720250522,0.12378739418378633,0.2630604159399392
E3_dvl_long,ablation_a2,20001000,3,0,0.5000000000003055,2,False,False,True,8,8,8,1.0,191.5999999999934,0.113041868692976,0.23522520634105826,0,94.85752350977799,-0.0320660866349185,2.9989820626511943,0.999660687550398,0.3347570814612524,0.7593945720250522,0.12378739418378633,0.2630604159399392
E3_dvl_long,covariance_only,20001000,0,0,,0,False,False,True,8,8,8,1.0,191.19999999999342,0.11846841999373643,0.2895313090809548,0,94.77388711878923,-0.0329195191960282,2.9990002211957183,0.9996667403985727,0.23434276436284054,0.9994769874476988,0.124087941607085,0.22046170061540996
E3_dvl_long,dead_reckoning,20001000,0,0,,0,False,False,True,8,8,8,1.0,192.79999999999333,0.13801179342566414,0.2171165139549167,0,95.79870609500045,-0.02246218270407696,2.9990293697076726,0.9996764565692242,0.2507543405516721,0.0005186721991701245,0.2939727085708494,0.42619668279440787
E3_dvl_long,fixed,20001000,0,1,,0,False,False,True,8,8,8,1.0,381.60000000001827,0.07988568812916498,0.2348392307317546,0,94.64630173436677,-0.03422141087380848,3.00115216360241,1.0003840545341367,0.17725949204006983,0.7489517819706499,0.09021535879636795,0.1620080194469171
E3_dvl_long,oracle,20001000,0,1,,0,False,False,True,8,8,8,1.0,380.1000000000179,0.05931298399230619,0.2341199268551204,0,95.19521576773498,-0.02862024726801038,2.0050862912476726,0.6683620970825576,0.23699404471782734,0.5964219942120494,0.0961736689085324,0.18406256871441556
E3_dvl_long,proposed,20001000,3,0,0.5000000000003055,2,False,False,True,8,8,8,1.0,191.5999999999934,0.113041868692976,0.23522520634105826,0,94.85752350977799,-0.0320660866349185,2.9989820626511943,0.999660687550398,0.3347570814612524,0.7593945720250522,0.12378739418378633,0.2630604159399392
E3_dvl_long,residual_only,20001000,0,0,,0,False,False,True,8,8,8,1.0,191.5999999999934,0.113041868692976,0.23522520634105826,0,94.85752350977799,-0.0320660866349185,2.9989820626511943,0.999660687550398,0.3347570814612524,0.7593945720250522,0.12378739418378633,0.2630604159399392
E3_dvl_long,ablation_a1,20001001,3,0,0.5000000000003055,2,False,False,True,8,8,8,1.0,191.19999999999342,0.0873430179002351,0.19291975375258064,0,94.78499677262289,-0.03280615538139908,3.00103465579411,1.0003448852647032,0.16768989930963657,0.8812761506276151,0.0802082084247511,0.13935892168473796
E3_dvl_long,ablation_a2,20001001,3,0,0.5000000000003055,2,False,False,True,8,8,8,1.0,191.19999999999342,0.0873430179002351,0.19291975375258064,0,94.78499677262289,-0.03280615538139908,3.00103465579411,1.0003448852647032,0.16768989930963657,0.8812761506276151,0.0802082084247511,0.13935892168473796
E3_dvl_long,covariance_only,20001001,0,0,,0,False,False,True,8,8,8,1.0,191.19999999999342,0.09606243988497185,0.2728577964075001,0,94.75708725465424,-0.033090946381079234,3.000896757618212,1.0002989192060707,0.15553988242294503,0.9994769874476988,0.09522437190194477,0.15402729449812405
E3_dvl_long,dead_reckoning,20001001,0,0,,0,False,False,True,8,8,8,1.0,194.59999999999323,0.22008813947860584,0.49397781433443955,0,96.44822701978018,-0.015834418165508346,3.0008573896727366,1.0002857965575789,0.1357979696576923,0.0005138746145940391,0.23335833660861946,0.33859289191367664
E3_dvl_long,fixed,20001001,0,1,,0,False,False,True,8,8,8,1.0,380.300000000018,0.08186516615360427,0.2712035218849902,0,94.64315948280843,-0.03425347466522011,3.000548557865504,1.0001828526218346,0.11120826545584074,0.7494083618196161,0.07253648467420774,0.1247761056715036
E3_dvl_long,oracle,20001001,0,1,,0,False,False,True,8,8,8,1.0,379.6000000000178,0.06795236058017415,0.23667859430303473,0,95.41534195521092,-0.026374061681521233,1.0201491733524453,0.3400497244508151,0.02339286920671178,0.8933087460484721,0.02869664491395822,0.03509825847226878
E3_dvl_long,proposed,20001001,3,0,0.5000000000003055,2,False,False,True,8,8,8,1.0,191.19999999999342,0.0873430179002351,0.19291975375258064,0,94.78499677262289,-0.03280615538139908,3.00103465579411,1.0003448852647032,0.16768989930963657,0.8812761506276151,0.0802082084247511,0.13935892168473796
E3_dvl_long,residual_only,20001001,0,0,,0,False,False,True,8,8,8,1.0,191.19999999999342,0.0873430179002351,0.19291975375258064,0,94.78499677262289,-0.03280615538139908,3.00103465579411,1.0003448852647032,0.16768989930963657,0.8812761506276151,0.0802082084247511,0.13935892168473796
E3_dvl_long,ablation_a1,20001002,3,0,0.5000000000003055,2,False,False,True,8,8,8,1.0,190.99999999999343,0.06629309135718363,0.1893623987891626,0,94.7892421838492,-0.0327628348586817,2.998421234752715,0.9994737449175717,0.04349490028662958,0.9785340314136126,0.05792379779482409,0.08231641997107016
E3_dvl_long,ablation_a2,20001002,3,0,0.5000000000003055,2,False,False,True,8,8,8,1.0,190.99999999999343,0.06629309135718363,0.1893623987891626,0,94.7892421838492,-0.0327628348586817,2.998421234752715,0.9994737449175717,0.04349490028662958,0.9785340314136126,0.05792379779482409,0.08231641997107016
E3_dvl_long,covariance_only,20001002,0,0,,0,False,False,True,8,8,8,1.0,190.79999999999345,0.07425654544518888,0.21611346706723378,0,94.70227847422889,-0.033650219650725566,2.9986143583345846,0.9995381194448615,0.07290872713519252,0.9989517819706499,0.06942283633949253,0.09712798619104378
E3_dvl_long,dead_reckoning,20001002,0,0,,0,False,False,True,8,8,8,1.0,192.39999999999336,0.083764348361534,0.3630011571740859,0,95.6127856944841,-0.024359329648121375,2.998672936499297,0.9995576454997656,0.3292849610468831,0.0005197505197505198,0.35124996559222144,0.5598108591362655
E3_dvl_long,fixed,20001002,0,1,,0,False,False,True,8,8,8,1.0,379.0000000000177,0.09405106275053654,0.251580455128928,0,94.50768531620973,-0.035635864120308836,2.997777676307026,0.9992592254356754,0.061965429187865094,0.7704485488126649,0.043855732650660006,0.0664353853010952
E3_dvl_long,oracle,20001002,0,1,,0,False,False,True,8,8,8,1.0,191.19999999999342,0.060898222888002264,0.18623129678903627,0,95.22643552611224,-0.028301678304977096,1.0405106234797552,0.34683687449325173,0.03334717753613739,1.0,0.051025857814350366,0.06272628781259826
E3_dvl_long,proposed,20001002,3,0,0.5000000000003055,2,False,False,True,8,8,8,1.0,190.99999999999343,0.06629309135718363,0.1893623987891626,0,94.7892421838492,-0.0327628348586817,2.998421234752715,0.9994737449175717,0.04349490028662958,0.9785340314136126,0.05792379779482409,0.08231641997107016
E3_dvl_long,residual_only,20001002,0,0,,0,False,False,True,8,8,8,1.0,190.99999999999343,0.06629309135718363,0.1893623987891626,0,94.7892421838492,-0.0327628348586817,2.998421234752715,0.9994737449175717,0.04349490028662958,0.9785340314136126,0.05792379779482409,0.08231641997107016
E3_dvl_long,ablation_a1,20001003,3,0,0.5000000000003055,2,False,False,True,8,8,8,1.0,190.29999999999347,0.06863044755139852,0.19895424309170018,0,94.81061875948359,-0.03254470653588171,2.999409536288944,0.9998031787629813,0.11690140648429045,0.9138202837624803,0.058026789201423463,0.08899931401701382
E3_dvl_long,ablation_a2,20001003,3,0,0.5000000000003055,2,False,False,True,8,8,8,1.0,190.29999999999347,0.06863044755139852,0.19895424309170018,0,94.81061875948359,-0.03254470653588171,2.999409536288944,0.9998031787629813,0.11690140648429045,0.9138202837624803,0.058026789201423463,0.08899931401701382
E3_dvl_long,covariance_only,20001003,0,0,,0,False,False,True,8,8,8,1.0,190.39999999999347,0.06376454392307963,0.2224851738126734,0,94.83231502527171,-0.032323316068656016,2.9993181205603796,0.9997727068534599,0.1271096358290641,0.9984243697478992,0.06202520496097702,0.10316062591948941
E3_dvl_long,dead_reckoning,20001003,0,0,,0,False,False,True,8,8,8,1.0,190.09999999999349,0.11459304798140173,0.3714749779343234,0,94.65149100944161,-0.03416845908733046,2.999295437729829,0.9997651459099429,0.48855984039338446,0.0005260389268805891,0.24248053014891865,0.4301637716802029
E3_dvl_long,fixed,20001003,0,1,,0,False,False,True,8,8,8,1.0,377.20000000001727,0.11162908983260596,0.30364185779026087,0,94.18011894067199,-0.038978378156408255,3.0006243130866093,1.000208104362203,0.10658526319796868,0.7478791092258749,0.06395842661278668,0.10026275281863813
E3_dvl_long,oracle,20001003,0,1,,0,False,False,True,8,8,8,1.0,190.39999999999347,0.058615313053735046,0.19446181794984874,0,94.83039372205234,-0.03234292120354765,2.9999836672854827,0.9999945557618276,0.14231656821141822,0.7652310924369747,0.0650502877296328,0.1148823140143978
E3_dvl_long,proposed,20001003,3,0,0.5000000000003055,2,False,False,True,8,8,8,1.0,190.29999999999347,0.06863044755139852,0.19895424309170018,0,94.81061875948359,-0.03254470653588171,2.999409536288944,0.9998031787629813,0.11690140648429045,0.9138202837624803,0.058026789201423463,0.08899931401701382
E3_dvl_long,residual_only,20001003,0,0,,0,False,False,True,8,8,8,1.0,190.29999999999347,0.06863044755139852,0.19895424309170018,0,94.81061875948359,-0.03254470653588171,2.999409536288944,0.9998031787629813,0.11690140648429045,0.9138202837624803,0.058026789201423463,0.08899931401701382
E3_dvl_long,ablation_a1,20001004,3,0,0.5000000000003055,2,False,False,True,8,8,8,1.0,191.09999999999343,0.07804299799067049,0.19938523697983968,0,94.9199860500967,-0.0314287137745235,2.9997552965044347,0.9999184321681449,0.15862679580028116,0.8838304552590267,0.06704172142932732,0.11638238439728386
E3_dvl_long,ablation_a2,20001004,3,0,0.5000000000003055,2,False,False,True,8,8,8,1.0,191.09999999999343,0.07804299799067049,0.19938523697983968,0,94.9199860500967,-0.0314287137745235,2.9997552965044347,0.9999184321681449,0.15862679580028116,0.8838304552590267,0.06704172142932732,0.11638238439728386
E3_dvl_long,covariance_only,20001004,0,0,,0,False,False,True,8,8,8,1.0,191.19999999999342,0.069656105887171,0.19618223999833972,0,94.89321873234336,-0.0317018496699657,2.9998077270170476,0.9999359090056825,0.15304044550333318,0.9994769874476988,0.07249538600059911,0.13514536396931817
E3_dvl_long,dead_reckoning,20001004,0,0,,0,False,False,True,8,8,8,1.0,190.39999999999347,0.20406813520597564,0.5214436467832062,0,94.50698049588357,-0.0356430561644534,3.000013162183589,1.0000043873945297,0.09086773948921825,0.0005252100840336134,0.21121264555494862,0.3181860069122095
E3_dvl_long,fixed,20001004,0,1,,0,False,False,True,8,8,8,1.0,377.7000000000174,0.12372920708778215,0.35846522820582294,0,94.34708810064978,-0.037274611217859355,2.999794006110184,0.9999313353700613,0.12932162378113854,0.7479481069631984,0.07315625232251667,0.11618171243624113
E3_dvl_long,oracle,20001004,0,1,,0,False,False,True,8,8,8,1.0,190.39999999999347,0.06445468496640278,0.19254824043716923,0,95.02311296702322,-0.030376398295681395,2.0093707017890465,0.6697902339296822,0.07492100069471995,0.9537815126050421,0.05638504969677343,0.07710793211565861
E3_dvl_long,proposed,20001004,3,0,0.5000000000003055,2,False,False,True,8,8,8,1.0,191.09999999999343,0.07804299799067049,0.19938523697983968,0,94.9199860500967,-0.0314287137745235,2.9997552965044347,0.9999184321681449,0.15862679580028116,0.8838304552590267,0.06704172142932732,0.11638238439728386
E3_dvl_long,residual_only,20001004,0,0,,0,False,False,True,8,8,8,1.0,191.09999999999343,0.07804299799067049,0.19938523697983968,0,94.9199860500967,-0.0314287137745235,2.9997552965044347,0.9999184321681449,0.15862679580028116,0.8838304552590267,0.06704172142932732,0.11638238439728386
E3_dvl_long,ablation_a1,20001005,3,0,0.5000000000003055,2,False,False,True,8,8,8,1.0,190.19999999999348,0.07687552924996535,0.23038646485834136,0,94.67745027772763,-0.033903568594616074,2.9998209929113484,0.9999403309704494,0.01634577325275068,0.9663512092534174,0.045922044953917045,0.0681193900328109
E3_dvl_long,ablation_a2,20001005,3,0,0.5000000000003055,2,False,False,True,8,8,8,1.0,190.19999999999348,0.07687552924996535,0.23038646485834136,0,94.67745027772763,-0.033903568594616074,2.9998209929113484,0.9999403309704494,0.01634577325275068,0.9663512092534174,0.045922044953917045,0.0681193900328109
E3_dvl_long,covariance_only,20001005,0,0,,0,False,False,True,8,8,8,1.0,190.09999999999349,0.08102208997377132,0.2242002712823954,0,94.58307551502367,-0.0348665763773095,2.9999879147523036,0.9999959715841013,0.04638887676890125,0.9989479221462388,0.05042521553451254,0.08208370915582892
E3_dvl_long,dead_reckoning,20001005,0,0,,0,False,False,True,8,8,8,1.0,189.29999999999353,0.14382850139441442,0.4144593459694317,0,94.11079619706483,-0.03968575309117517,2.999900229319973,0.9999667431066577,0.26592192105671675,0.0005282620179609086,0.20456299045402052,0.3203492368590195
E3_dvl_long,fixed,20001005,0,1,,0,False,False,True,8,8,8,1.0,378.2000000000175,0.09540726930965791,0.2821349016255734,0,94.29643010780256,-0.03779152951221876,2.998845760796057,0.9996152535986856,0.03748014918855034,0.7633527234267583,0.03851316558839745,0.07336236642200893
E3_dvl_long,oracle,20001005,0,1,,0,False,False,True,8,8,8,1.0,190.09999999999349,0.05220101052749609,0.1865576441607324,0,95.27359545421069,-0.0278204545488705,1.039569737762396,0.3465232459207987,0.02349099316779133,1.0,0.04774066920342367,0.0568497745024786
E3_dvl_long,proposed,20001005,3,0,0.5000000000003055,2,False,False,True,8,8,8,1.0,190.19999999999348,0.07687552924996535,0.23038646485834136,0,94.67745027772763,-0.033903568594616074,2.9998209929113484,0.9999403309704494,0.01634577325275068,0.9663512092534174,0.045922044953917045,0.0681193900328109
E3_dvl_long,residual_only,20001005,0,0,,0,False,False,True,8,8,8,1.0,190.19999999999348,0.07687552924996535,0.23038646485834136,0,94.67745027772763,-0.033903568594616074,2.9998209929113484,0.9999403309704494,0.01634577325275068,0.9663512092534174,0.045922044953917045,0.0681193900328109
E3_dvl_long,ablation_a1,20001006,3,0,0.5000000000003055,2,False,False,True,8,8,8,1.0,191.09999999999343,0.07333421717933625,0.1973352287333836,0,94.85783026378925,-0.03206295649194635,2.999647711161153,0.999882570387051,0.09814651366262213,0.9408686551543695,0.0733704952856906,0.10991804871094778
E3_dvl_long,ablation_a2,20001006,3,0,0.5000000000003055,2,False,False,True,8,8,8,1.0,191.09999999999343,0.07333421717933625,0.1973352287333836,0,94.85783026378925,-0.03206295649194635,2.999647711161153,0.999882570387051,0.09814651366262213,0.9408686551543695,0.0733704952856906,0.10991804871094778
E3_dvl_long,covariance_only,20001006,0,0,,0,False,False,True,8,8,8,1.0,190.79999999999345,0.08262427338219465,0.24830668772634645,0,94.80766270708298,-0.03257487033588791,2.9995701412836966,0.9998567137612322,0.1362008215656189,1.0,0.09229400974294713,0.1452474323811821
E3_dvl_long,dead_reckoning,20001006,0,0,,0,False,False,True,8,8,8,1.0,192.29999999999336,0.22368003983353946,0.3618704477322705,0,95.66261556577197,-0.023850861573755378,2.999615796841373,0.9998719322804576,0.3163674800692149,0.0005200208008320333,0.3412265812615812,0.5741352146157646
E3_dvl_long,fixed,20001006,0,1,,0,False,False,True,8,8,8,1.0,379.9000000000179,0.0737064961245493,0.25541810513427876,0,94.70655798573955,-0.03360655116592293,2.9992396597528055,0.9997465532509352,0.09602523153006426,0.7580942353250856,0.059916112660695936,0.09810965818074388
E3_dvl_long,oracle,20001006,0,1,,0,False,False,True,8,8,8,1.0,191.09999999999343,0.0637684981459185,0.1953245786601583,0,95.20618107152792,-0.02850835641298044,1.0390832759951152,0.34636109199837173,0.04364191433902208,0.9832548403976975,0.05397170544819031,0.06529566562212377
E3_dvl_long,proposed,20001006,3,0,0.5000000000003055,2,False,False,True,8,8,8,1.0,191.09999999999343,0.07333421717933625,0.1973352287333836,0,94.85783026378925,-0.03206295649194635,2.999647711161153,0.999882570387051,0.09814651366262213,0.9408686551543695,0.0733704952856906,0.10991804871094778
E3_dvl_long,residual_only,20001006,0,0,,0,False,False,True,8,8,8,1.0,191.09999999999343,0.07333421717933625,0.1973352287333836,0,94.85783026378925,-0.03206295649194635,2.999647711161153,0.999882570387051,0.09814651366262213,0.9408686551543695,0.0733704952856906,0.10991804871094778
E3_dvl_long,ablation_a1,20001007,3,0,0.5000000000003055,2,False,False,True,8,8,8,1.0,190.59999999999346,0.06508738515037349,0.1926628357303528,0,94.8344094656929,-0.03230194422762345,3.0011852177736253,1.0003950725912085,0.06958132931590917,0.9695697796432319,0.0565882181719701,0.07229154675189986
E3_dvl_long,ablation_a2,20001007,3,0,0.5000000000003055,2,False,False,True,8,8,8,1.0,190.59999999999346,0.06508738515037349,0.1926628357303528,0,94.8344094656929,-0.03230194422762345,3.0011852177736253,1.0003950725912085,0.06958132931590917,0.9695697796432319,0.0565882181719701,0.07229154675189986
E3_dvl_long,covariance_only,20001007,0,0,,0,False,False,True,8,8,8,1.0,190.59999999999346,0.06622347392809859,0.20169022996083052,0,94.83631420442133,-0.0322825081181497,3.001276711535628,1.000425570511876,0.09871923224032098,0.9994753410283316,0.06430108310740618,0.09596906223857754
E3_dvl_long,dead_reckoning,20001007,0,0,,0,False,False,True,8,8,8,1.0,191.09999999999343,0.20758253026775408,0.35935274393719707,0,95.01811342640143,-0.030427414016311993,3.001274194032126,1.000424731344042,0.1373297705571512,0.0005232862375719519,0.19224445465260773,0.34677200300021216
E3_dvl_long,fixed,20001007,0,1,,0,False,False,True,8,8,8,1.0,379.30000000001775,0.1080076834473093,0.26030229448870124,0,94.31067030308682,-0.03764622139707319,2.999095818251629,0.9996986060838764,0.06920697775382459,0.75322963353546,0.05456821225931768,0.08238889342746239
E3_dvl_long,oracle,20001007,0,1,,0,False,False,True,8,8,8,1.0,190.79999999999345,0.05684253179110176,0.25110303447852544,0,94.72487895231157,-0.03341960252743292,2.9991582697849877,0.9997194232616625,0.10778017237753326,0.7688679245283019,0.06824833352813754,0.1040494684116839
E3_dvl_long,proposed,20001007,3,0,0.5000000000003055,2,False,False,True,8,8,8,1.0,190.59999999999346,0.06508738515037349,0.1926628357303528,0,94.8344094656929,-0.03230194422762345,3.0011852177736253,1.0003950725912085,0.06958132931590917,0.9695697796432319,0.0565882181719701,0.07229154675189986
E3_dvl_long,residual_only,20001007,0,0,,0,False,False,True,8,8,8,1.0,190.59999999999346,0.06508738515037349,0.1926628357303528,0,94.8344094656929,-0.03230194422762345,3.0011852177736253,1.0003950725912085,0.06958132931590917,0.9695697796432319,0.0565882181719701,0.07229154675189986
E3_dvl_long,ablation_a1,20001008,3,0,0.5000000000003055,2,False,False,True,8,8,8,1.0,190.19999999999348,0.07289722531491073,0.20020941622474275,0,94.95834042394877,-0.031037342612767693,3.001008227958025,1.0003360759860083,0.2602080828246632,0.7891692954784437,0.09313167604344977,0.1968607477159912
E3_dvl_long,ablation_a2,20001008,3,0,0.5000000000003055,2,False,False,True,8,8,8,1.0,190.19999999999348,0.07289722531491073,0.20020941622474275,0,94.95834042394877,-0.031037342612767693,3.001008227958025,1.0003360759860083,0.2602080828246632,0.7891692954784437,0.09313167604344977,0.1968607477159912
E3_dvl_long,covariance_only,20001008,0,0,,0,False,False,True,8,8,8,1.0,190.49999999999346,0.0720190879413051,0.21677435583942906,0,94.84680217224474,-0.032175488038319044,3.000993124916682,1.000331041638894,0.21605721468301925,1.0,0.08896539299398042,0.17844411124415877
E3_dvl_long,dead_reckoning,20001008,0,0,,0,False,False,True,8,8,8,1.0,189.9999999999935,0.2788655342161682,0.5513175528651235,0,94.48185315192207,-0.03589945763344826,3.001059125921105,1.0003530419737017,0.5957589196167947,0.0005263157894736842,0.3874216913240562,0.5716186241173058
E3_dvl_long,fixed,20001008,0,1,,0,False,False,True,8,8,8,1.0,377.3000000000173,0.10792206729375504,0.31729482992586533,0,94.22278702610987,-0.03854298952949109,3.0007488621520784,1.0002496207173595,0.1687125535019886,0.7341637953882851,0.09143870502907422,0.15419610338650522
E3_dvl_long,oracle,20001008,0,0,,0,False,False,True,8,8,8,1.0,190.29999999999347,0.06571037194796747,0.19790925103382762,0,95.06424819450052,-0.029956651076525342,2.013011865261957,0.6710039550873189,0.12542653311551552,1.0,0.06085180628880709,0.10125882278977698
E3_dvl_long,proposed,20001008,3,0,0.5000000000003055,2,False,False,True,8,8,8,1.0,190.19999999999348,0.07289722531491073,0.20020941622474275,0,94.95834042394877,-0.031037342612767693,3.001008227958025,1.0003360759860083,0.2602080828246632,0.7891692954784437,0.09313167604344977,0.1968607477159912
E3_dvl_long,residual_only,20001008,0,0,,0,False,False,True,8,8,8,1.0,190.19999999999348,0.07289722531491073,0.20020941622474275,0,94.95834042394877,-0.031037342612767693,3.001008227958025,1.0003360759860083,0.2602080828246632,0.7891692954784437,0.09313167604344977,0.1968607477159912
E3_dvl_long,ablation_a1,20001009,3,0,0.5000000000003055,2,False,False,True,8,8,8,1.0,190.69999999999345,0.06499422667157101,0.20015312889474046,0,94.74089099416234,-0.03325621434528225,2.9988290334655203,0.9996096778218401,0.026240361948442554,0.9795490298898794,0.05447384331807674,0.07454625375208197
E3_dvl_long,ablation_a2,20001009,3,0,0.5000000000003055,2,False,False,True,8,8,8,1.0,190.69999999999345,0.06499422667157101,0.20015312889474046,0,94.74089099416234,-0.03325621434528225,2.9988290334655203,0.9996096778218401,0.026240361948442554,0.9795490298898794,0.05447384331807674,0.07454625375208197
E3_dvl_long,covariance_only,20001009,0,0,,0,False,False,True,8,8,8,1.0,190.59999999999346,0.07043090395423779,0.19694375429791222,0,94.65247108138205,-0.03415845835324438,2.998766241901357,0.9995887473004523,0.03722114453843473,0.9989506820566632,0.05922523528225193,0.08407199225216228
E3_dvl_long,dead_reckoning,20001009,0,0,,0,False,False,True,8,8,8,1.0,191.5999999999934,0.11233440788550661,0.1983839750807257,0,95.24448962540492,-0.028117452801990517,2.9987596054933077,0.9995865351644359,0.21469138503600138,0.0005219206680584551,0.20433397603579442,0.3055806597368148
E3_dvl_long,fixed,20001009,0,1,,0,False,False,True,8,8,8,1.0,378.3000000000175,0.08353068423597299,0.2653950326030099,0,94.48502035810874,-0.03586713920297202,3.0001893192164593,1.0000631064054863,0.024059915285611102,0.7716098334655036,0.03720689271107123,0.0663106764436188
E3_dvl_long,oracle,20001009,0,1,,0,False,False,True,8,8,8,1.0,190.49999999999346,0.05570600576655636,0.18125918056273882,0,95.22495276513892,-0.028316808518990544,1.0363946987214103,0.34546489957380344,0.033021551419844745,0.9900262467191601,0.050436561225154795,0.06028256679696573
E3_dvl_long,proposed,20001009,3,0,0.5000000000003055,2,False,False,True,8,8,8,1.0,190.69999999999345,0.06499422667157101,0.20015312889474046,0,94.74089099416234,-0.03325621434528225,2.9988290334655203,0.9996096778218401,0.026240361948442554,0.9795490298898794,0.05447384331807674,0.07454625375208197
E3_dvl_long,residual_only,20001009,0,0,,0,False,False,True,8,8,8,1.0,190.69999999999345,0.06499422667157101,0.20015312889474046,0,94.74089099416234,-0.03325621434528225,2.9988290334655203,0.9996096778218401,0.026240361948442554,0.9795490298898794,0.05447384331807674,0.07454625375208197
E4_optical_graded,ablation_a1,20001000,3,0,,3,False,False,True,8,8,8,1.0,191.89999999999338,0.07508459606006909,0.3908552232369349,0,95.37776165559978,-0.02675753412653281,3.000230494233998,1.0000768314113326,0.4298035929875415,0.19906201146430433,0.2738886853724398,0.43627428833548576
E4_optical_graded,ablation_a2,20001000,3,0,,3,False,False,True,8,8,8,1.0,191.99999999999338,0.07594913263428503,0.38415021399410243,0,95.34220001502125,-0.027120408009987274,3.001017383576657,1.0003391278588858,0.4369960615535848,0.15572916666666667,0.27213303814930606,0.43571678806236336
E4_optical_graded,covariance_only,20001000,0,0,,0,False,False,True,8,8,8,1.0,191.99999999999338,0.11439579538525173,0.36900848197349667,0,95.4319908922366,-0.02620417456901425,3.0002580012410984,1.0000860004136995,0.3984806234533417,0.22552083333333334,0.2915377289329108,0.45881910867018405
E4_optical_graded,dead_reckoning,20001000,0,0,,0,False,False,True,8,8,8,1.0,192.09999999999337,0.18096493470918312,0.3096719784252038,0,95.48370451113678,-0.02567648458023697,3.0002590234109316,1.0000863411369771,0.3454070158463469,0.0005205622071837585,0.3183950815740556,0.4880275003108541
E4_optical_graded,fixed,20001000,0,1,,0,False,False,True,8,8,8,1.0,381.00000000001813,0.09261713482908346,0.30423009458910855,0,94.72805489939041,-0.03338719490417941,2.99923321066307,0.9997444035543567,0.21852861613443642,0.08267716535433071,0.18034818764638785,0.29373779562237
E4_optical_graded,oracle,20001000,0,1,,0,False,False,True,8,8,8,1.0,380.300000000018,0.06720141180861655,0.43695363585042024,0,94.92132616918009,-0.0314150390899991,2.9999900636050554,0.9999966878683518,0.3626414856359086,0.15777018143570865,0.23101315620704693,0.35955115694590833
E4_optical_graded,proposed,20001000,3,0,,3,False,False,True,8,8,8,1.0,191.99999999999338,0.07594913263428503,0.38415021399410243,0,95.34220001502125,-0.027120408009987274,3.001017383576657,1.0003391278588858,0.4369960615535848,0.15572916666666667,0.27213303814930606,0.43571678806236336
E4_optical_graded,residual_only,20001000,0,64,,0,False,False,True,8,8,8,1.0,191.6999999999934,0.08103103654376792,0.36554554897776725,0,95.22990296067141,-0.028266296319679474,2.998694531905367,0.9995648439684556,0.4366860751113389,0.30568596765779865,0.25682547761351754,0.41676005924300463
E4_optical_graded,ablation_a1,20001001,5,0,,5,False,False,True,8,8,8,1.0,191.3999999999934,0.07152231763085062,0.33165331159573164,0,95.12079980100324,-0.029379593867313814,2.9988740094017223,0.9996246698005741,0.33490469756708013,0.2168234064785789,0.20795677659207978,0.33419191619597255
E4_optical_graded,ablation_a2,20001001,3,0,,3,False,False,True,8,8,8,1.0,191.3999999999934,0.05527870354655282,0.3697588976767907,0,95.04533740973721,-0.030149618267987566,3.002015739771529,1.0006719132571764,0.3175834119126917,0.17502612330198536,0.19969647524857848,0.3204816633063438
E4_optical_graded,covariance_only,20001001,0,0,,0,False,False,True,8,8,8,1.0,191.4999999999934,0.07876464982075292,0.30908895453555907,0,95.17384238965774,-0.028838342962676178,2.9988477294833884,0.9996159098277961,0.29898332941130895,0.2245430809399478,0.21375894392982164,0.3321554528195138
E4_optical_graded,dead_reckoning,20001001,0,0,,0,False,False,True,8,8,8,1.0,191.5999999999934,0.1272934501791638,0.18106338445892334,0,95.22595668544284,-0.02830656443425672,2.998849013216498,0.9996163377388326,0.22951604654045202,0.0005219206680584551,0.22938734344978007,0.3478560100347923
E4_optical_graded,fixed,20001001,0,1,,0,False,False,True,8,8,8,1.0,380.300000000018,0.07555917731990953,0.30159241448161067,0,94.64624011264897,-0.034222039666847226,2.9994732743241967,0.9998244247747322,0.14227620161605228,0.0865106494872469,0.12530736642394244,0.20913567910496092
E4_optical_graded,oracle,20001001,0,1,,0,False,False,True,8,8,8,1.0,191.4999999999934,0.04668353991329425,0.20442556050373462,0,95.60477322001711,-0.024441089591662135,1.0366454501709466,0.3455484833903155,0.09231644973588342,0.3127937336814621,0.1348927350059946,0.23144657274495437
E4_optical_graded,proposed,20001001,3,0,,3,False,False,True,8,8,8,1.0,191.3999999999934,0.05527870354655282,0.3697588976767907,0,95.04533740973721,-0.030149618267987566,3.002015739771529,1.0006719132571764,0.3175834119126917,0.17502612330198536,0.19969647524857848,0.3204816633063438
E4_optical_graded,residual_only,20001001,0,63,,0,False,False,True,8,8,8,1.0,191.09999999999343,0.0902088975258131,0.34669946809861507,0,94.96098356348034,-0.031010371801221015,2.998083412242062,0.9993611374140207,0.31733657075401817,0.33124018838304553,0.19360939370518057,0.31616714577612576
E4_optical_graded,ablation_a1,20001002,3,0,,3,False,False,True,8,8,8,1.0,190.89999999999344,0.0594412112876786,0.20642506764437618,0,94.9355467973629,-0.031269930639154064,2.9975656764107264,0.9991885588035755,0.15486639785294173,0.21843897328444212,0.11303364443455587,0.1776608902412982
E4_optical_graded,ablation_a2,20001002,5,0,,5,False,False,True,8,8,8,1.0,190.59999999999346,0.06824787043614156,0.23458867346400591,0,94.8907024500079,-0.03172752602032758,3.0000706182722148,1.0000235394240715,0.10240726491247924,0.19045120671563484,0.09240653764802705,0.1287853863944522
E4_optical_graded,covariance_only,20001002,0,0,,0,False,False,True,8,8,8,1.0,190.89999999999344,0.04906606691620293,0.25327434191665077,0,94.93633214751219,-0.03126191686212054,2.997585837252294,0.999195279084098,0.1391039578675737,0.22420115243583028,0.11635908306067916,0.17427138160867084
E4_optical_graded,dead_reckoning,20001002,0,0,,0,False,False,True,8,8,8,1.0,190.89999999999344,0.08562765606563222,0.23037559861082713,0,94.93680173186696,-0.03125712518503099,2.997586104972281,0.9991953683240937,0.13372098584935885,0.0005238344683080147,0.1641343367702685,0.23809281920930897
E4_optical_graded,fixed,20001002,0,1,,0,False,False,True,8,8,8,1.0,379.0000000000177,0.07277967009799756,0.2535591876546821,0,94.55437654866253,-0.035159422972831256,3.0006760928678657,1.0002253642892887,0.06901869057883252,0.08865435356200528,0.06807596634430631,0.10824343685241532
E4_optical_graded,oracle,20001002,0,1,,0,False,False,True,8,8,8,1.0,190.99999999999343,0.050942301345867136,0.21220032834965785,0,94.90225527546697,-0.03160964004625544,3.000707213465689,1.0002357378218962,0.16057643588057774,0.13089005235602094,0.12575409765387374,0.19211328859439203
E4_optical_graded,proposed,20001002,5,0,,5,False,False,True,8,8,8,1.0,190.59999999999346,0.06824787043614156,0.23458867346400591,0,94.8907024500079,-0.03172752602032758,3.0000706182722148,1.0000235394240715,0.10240726491247924,0.19045120671563484,0.09240653764802705,0.1287853863944522
E4_optical_graded,residual_only,20001002,0,64,,0,False,False,True,8,8,8,1.0,190.69999999999345,0.07605330537730132,0.25009824422554017,0,94.77284240945549,-0.03293017949535215,2.9984218100328195,0.9994739366776065,0.163332938574591,0.3418982695332984,0.11011325409369808,0.17737426406124698
E4_optical_graded,ablation_a1,20001003,3,0,,3,False,False,True,8,8,8,1.0,189.6999999999935,0.12501029766662172,0.33063034888124143,0,94.41942063946104,-0.03653652408713226,3.0000109793457863,1.0000036597819288,0.1607322736520918,0.2140221402214022,0.13372464596413744,0.20289014444474718
E4_optical_graded,ablation_a2,20001003,3,0,,3,False,False,True,8,8,8,1.0,189.8999999999935,0.11900696173389853,0.3079728678218565,0,94.37527999816437,-0.03698693879424109,3.0007382189337712,1.0002460729779237,0.15162957371693817,0.17588204318062137,0.12134109974049584,0.1894707360480994
E4_optical_graded,covariance_only,20001003,0,0,,0,False,False,True,8,8,8,1.0,189.7999999999935,0.16462187027251193,0.38614384192858076,0,94.45865257645701,-0.03613619819941827,2.999974539612896,0.9999915132042987,0.14525519113204016,0.22813487881981032,0.1502182999646795,0.22572190843908607
E4_optical_graded,dead_reckoning,20001003,0,0,,0,False,False,True,8,8,8,1.0,189.7999999999935,0.19198117293812014,0.4200598099205983,0,94.45841895500904,-0.036138582091744476,2.999974036656676,0.9999913455522252,0.18666765001632044,0.0005268703898840885,0.18605759117764417,0.27464334376754734
E4_optical_graded,fixed,20001003,0,1,,0,False,False,True,8,8,8,1.0,377.20000000001727,0.15963007332765136,0.39785531975490995,0,94.05723403743622,-0.04023230574044678,2.998811700360673,0.9996039001202243,0.11563968518651983,0.08960763520678686,0.10847361266303199,0.1740433376822631
E4_optical_graded,oracle,20001003,0,1,,0,False,False,True,8,8,8,1.0,189.7999999999935,0.06269493992348266,0.31113994928557176,0,94.75442123599628,-0.0331181506530992,2.0120843781903583,0.6706947927301194,0.1475926703864561,0.7766069546891464,0.12986759616283855,0.27952387711645416
E4_optical_graded,proposed,20001003,3,0,,3,False,False,True,8,8,8,1.0,189.8999999999935,0.11900696173389853,0.3079728678218565,0,94.37527999816437,-0.03698693879424109,3.0007382189337712,1.0002460729779237,0.15162957371693817,0.17588204318062137,0.12134109974049584,0.1894707360480994
E4_optical_graded,residual_only,20001003,0,63,,0,False,False,True,8,8,8,1.0,190.19999999999348,0.11020379215833892,0.31932228448175515,0,94.47590264364563,-0.03596017710565691,3.0007269053356613,1.0002423017785538,0.18223132300486655,0.3186119873817035,0.13870882188052658,0.22866601954286667
E4_optical_graded,ablation_a1,20001004,3,0,,3,False,False,True,8,8,8,1.0,190.39999999999347,0.13724690283552302,0.34948830508609774,0,94.61018054316693,-0.03458999445748023,2.998293822722342,0.9994312742407807,0.1905186627700498,0.21271008403361344,0.1552842144812296,0.23191098095449225
E4_optical_graded,ablation_a2,20001004,5,0,,5,False,False,True,8,8,8,1.0,189.9999999999935,0.12774401390081078,0.3647340399101626,0,94.42761187512436,-0.036452940049751525,2.9972439938454842,0.9990813312818281,0.19182398904116763,0.1726315789473684,0.1505704557667627,0.22406796182666466
E4_optical_graded,covariance_only,20001004,0,0,,0,False,False,True,8,8,8,1.0,190.29999999999347,0.1915833714724115,0.4179331520720311,0,94.55896917577628,-0.03511255943085423,2.998292775245844,0.9994309250819481,0.17785855188747662,0.22700998423541777,0.1789601833355123,0.26776519432857043
E4_optical_graded,dead_reckoning,20001004,0,0,,0,False,False,True,8,8,8,1.0,190.19999999999348,0.26158076866923574,0.5025295758262409,0,94.5084533835118,-0.03562802669885912,2.998294049973922,0.9994313499913073,0.18228346653039326,0.0005257623554153522,0.22859814346037152,0.3334626832270264
E4_optical_graded,fixed,20001004,0,1,,0,False,False,True,8,8,8,1.0,377.60000000001736,0.14995691955871218,0.424569872829927,0,94.14686288465302,-0.039317725666805914,2.9993061896599977,0.9997687298866659,0.13752132755474455,0.0860699152542373,0.13217594019307868,0.18495983707966238
E4_optical_graded,oracle,20001004,0,1,,0,False,False,True,8,8,8,1.0,190.69999999999345,0.06726805689308077,0.22246836927268454,0,95.26700145992851,-0.027887740204811107,1.0382504214989847,0.3460834738329949,0.07215039076733347,1.0,0.07016772315306016,0.11735373126671071
E4_optical_graded,proposed,20001004,5,0,,5,False,False,True,8,8,8,1.0,189.9999999999935,0.12774401390081078,0.3647340399101626,0,94.42761187512436,-0.036452940049751525,2.9972439938454842,0.9990813312818281,0.19182398904116763,0.1726315789473684,0.1505704557667627,0.22406796182666466
E4_optical_graded,residual_only,20001004,0,62,,0,False,False,True,8,8,8,1.0,190.39999999999347,0.10827255133156591,0.29619385069232296,0,94.59828796832394,-0.034711347262000536,2.9970717665216635,0.9990239221738878,0.20197343517448899,0.3272058823529412,0.1473463192906278,0.2396957546623761
E4_optical_graded,ablation_a1,20001005,3,0,,3,False,False,True,8,8,8,1.0,189.19999999999354,0.11543734976389405,0.2769737599164137,0,94.35631424181682,-0.03718046692023658,2.9998579334668722,0.9999526444889574,0.1305207463622096,0.21723044397463,0.11680685734810878,0.19671271968088624
E4_optical_graded,ablation_a2,20001005,5,0,,5,False,False,True,8,8,8,1.0,189.39999999999353,0.12391789119932872,0.2948641071441629,0,94.33247607441204,-0.03742371352640772,3.001126203042497,1.0003754010141657,0.097604597980595,0.18268215417106654,0.10107086448609064,0.16744851738410937
E4_optical_graded,covariance_only,20001005,0,0,,0,False,False,True,8,8,8,1.0,189.19999999999354,0.10500108884781313,0.31091036754610357,0,94.3535644082165,-0.03720852644677042,2.9998725346140467,0.9999575115380156,0.12482470992110664,0.22463002114164904,0.12482060405135169,0.20757205432135492
E4_optical_graded,dead_reckoning,20001005,0,0,,0,False,False,True,8,8,8,1.0,189.09999999999354,0.07959640704440953,0.37827561542972354,0,94.30304296380791,-0.03772405138971524,2.9998719900499555,0.9999573300166519,0.14490741819642428,0.0005288207297726071,0.15550723922124468,0.24563957311283635
E4_optical_graded,fixed,20001005,0,1,,0,False,False,True,8,8,8,1.0,376.100000000017,0.11225801676105732,0.34751433639818075,0,93.94682060308973,-0.04135897343785988,2.999407738891298,0.9998025796304327,0.0633961867168227,0.08960382876894443,0.07456201435596659,0.1255565772615559
E4_optical_graded,oracle,20001005,0,1,,0,False,False,True,8,8,8,1.0,190.09999999999349,0.07316016826543342,0.222383204190578,0,95.06300819980467,-0.02996930408362586,1.0397376787633428,0.3465792262544476,0.007955600662346187,1.0,0.04501619586547694,0.0781461471880335
E4_optical_graded,proposed,20001005,5,0,,5,False,False,True,8,8,8,1.0,189.39999999999353,0.12391789119932872,0.2948641071441629,0,94.33247607441204,-0.03742371352640772,3.001126203042497,1.0003754010141657,0.097604597980595,0.18268215417106654,0.10107086448609064,0.16744851738410937
E4_optical_graded,residual_only,20001005,0,63,,0,False,False,True,8,8,8,1.0,189.39999999999353,0.12054110107323843,0.2880550548890817,0,94.43202549362563,-0.03640790312626907,2.999359025074747,0.9997863416915823,0.134741243325491,0.3447729672650475,0.10751741119990989,0.17906403508621352
E4_optical_graded,ablation_a1,20001006,3,0,,3,False,False,True,8,8,8,1.0,191.4999999999934,0.04784172137761223,0.2655359813162548,0,95.24611847063919,-0.028100831932253212,3.0012080882547467,1.0004026960849155,0.258087780726756,0.21462140992167103,0.1631812144181805,0.2587882853095639
E4_optical_graded,ablation_a2,20001006,3,0,,3,False,False,True,8,8,8,1.0,191.3999999999934,0.050388239510480486,0.25824136875549186,0,95.26464517973731,-0.027911783880231522,2.999787316171386,0.999929105390462,0.2460265279642838,0.17972831765935215,0.15950468353347236,0.2471707175412115
E4_optical_graded,covariance_only,20001006,0,0,,0,False,False,True,8,8,8,1.0,191.5999999999934,0.0693763467605636,0.23641250967928862,0,95.30932027331082,-0.027455915578461054,3.0011648583313426,1.0003882861104476,0.23611383101273253,0.22233820459290188,0.17135115886598162,0.2576597509964692
E4_optical_graded,dead_reckoning,20001006,0,0,,0,False,False,True,8,8,8,1.0,191.6999999999934,0.15329959531477935,0.21315366904413846,0,95.35998527327179,-0.02693892578294088,3.0011640227951557,1.0003880075983853,0.22698893207982573,0.0005216484089723526,0.23555009937607124,0.3463843824503157
E4_optical_graded,fixed,20001006,0,1,,0,False,False,True,8,8,8,1.0,379.70000000001784,0.053820038019630624,0.2574543390229529,0,94.9015522465674,-0.031616813810536715,2.998014851136727,0.9993382837122423,0.12093619870263679,0.08822754806426125,0.10375302784969229,0.15937145009161566
E4_optical_graded,oracle,20001006,0,1,,0,False,False,True,8,8,8,1.0,191.7999999999934,0.04023148637370063,0.15479464508599117,0,95.38905363005668,-0.02664230989738081,2.9969369807951898,0.9989789935983966,0.19248784120194842,0.1319082377476538,0.15005924635393042,0.21643465794426386
E4_optical_graded,proposed,20001006,3,0,,3,False,False,True,8,8,8,1.0,191.3999999999934,0.050388239510480486,0.25824136875549186,0,95.26464517973731,-0.027911783880231522,2.999787316171386,0.999929105390462,0.2460265279642838,0.17972831765935215,0.15950468353347236,0.2471707175412115
E4_optical_graded,residual_only,20001006,0,63,,0,False,False,True,8,8,8,1.0,191.5999999999934,0.061527532601895675,0.2556886206188995,0,95.25905411123023,-0.027968835599691544,3.000044684131073,1.0000148947103578,0.273675053770208,0.33507306889352817,0.15933310102678203,0.26882157334447165
E4_optical_graded,ablation_a1,20001007,3,0,,3,False,False,True,8,8,8,1.0,190.69999999999345,0.0885020115853314,0.27027432291426656,0,94.87218692046694,-0.03191645999523529,2.9983675180514937,0.9994558393504979,0.11036541647128278,0.21814368117461982,0.10146966173012613,0.1651606820140698
E4_optical_graded,ablation_a2,20001007,5,0,,5,False,False,True,8,8,8,1.0,190.29999999999347,0.08239715941199388,0.277133223235666,0,94.8694605367017,-0.031944280237737765,2.999768640421772,0.9999228801405907,0.11245863147322296,0.1833946400420389,0.09565982838647127,0.17043352629618158
E4_optical_graded,covariance_only,20001007,0,0,,0,False,False,True,8,8,8,1.0,190.59999999999346,0.11790865094955785,0.3153717849171489,0,94.82459335213322,-0.03240210865170179,2.998369791465201,0.9994565971550671,0.09491863272215334,0.22717733473242394,0.11314638396587091,0.18298378596137269
E4_optical_graded,dead_reckoning,20001007,0,0,,0,False,False,True,8,8,8,1.0,190.69999999999345,0.1356430411482416,0.3374181300202377,0,94.87290972784992,-0.031909084409694755,2.9983712330837626,0.9994570776945876,0.15144966644950794,0.0005243838489774515,0.1605829037937641,0.2493787384750414
E4_optical_graded,fixed,20001007,0,1,,0,False,False,True,8,8,8,1.0,380.0000000000179,0.10608443228980122,0.3205696775339333,0,94.43336749154743,-0.036394209269924205,2.9991110574872177,0.9997036858290725,0.07393072802304161,0.09210526315789473,0.06817051410072017,0.10320462675767218
E4_optical_graded,oracle,20001007,0,1,,0,False,False,True,8,8,8,1.0,190.99999999999343,0.05336039496312706,0.20160246728652353,0,95.12670589786646,-0.02931932757279121,2.0116237184826806,0.6705412394942268,0.09368325632916316,0.7701570680628272,0.09626062720556848,0.196296734880848
E4_optical_graded,proposed,20001007,5,0,,5,False,False,True,8,8,8,1.0,190.29999999999347,0.08239715941199388,0.277133223235666,0,94.8694605367017,-0.031944280237737765,2.999768640421772,0.9999228801405907,0.11245863147322296,0.1833946400420389,0.09565982838647127,0.17043352629618158
E4_optical_graded,residual_only,20001007,0,63,,0,False,False,True,8,8,8,1.0,191.09999999999343,0.07375248569382731,0.23410763905509624,0,94.86295417382316,-0.03201067169568206,2.999774817589626,0.999924939196542,0.11402023334580844,0.3239141810570382,0.0972388008367561,0.17999717032352971
E4_optical_graded,ablation_a1,20001008,3,0,,3,False,False,True,8,8,8,1.0,189.29999999999353,0.1785511717624338,0.4472200849349157,0,94.25212024749513,-0.03824367094392722,3.0001171118741796,1.0000390372913932,0.2664775327108606,0.1838351822503962,0.20881346680636725,0.2992330206029715
E4_optical_graded,ablation_a2,20001008,5,0,,5,False,False,True,8,8,8,1.0,189.7999999999935,0.17780738954727662,0.4185059452659132,0,94.39597220242275,-0.03677579385282903,3.002474451201882,1.000824817067294,0.2622437302743595,0.142781875658588,0.201017687047984,0.290253178579334
E4_optical_graded,covariance_only,20001008,0,0,,0,False,False,True,8,8,8,1.0,189.29999999999353,0.22380092447131084,0.5092151561305176,0,94.24912388942768,-0.03827424602624818,3.0001499815217287,1.0000499938405762,0.2581195217461585,0.22345483359746435,0.23342834322772552,0.34414090293320587
E4_optical_graded,dead_reckoning,20001008,0,0,,0,False,False,True,8,8,8,1.0,189.49999999999352,0.29168495196204064,0.5918694592571594,0,94.34570259613818,-0.037288749018998146,3.0001521488994043,1.0000507162998014,0.2543693240999881,0.0005277044854881266,0.28069388505592796,0.4064519019377432
E4_optical_graded,fixed,20001008,0,1,,0,False,False,True,8,8,8,1.0,377.7000000000174,0.19328518721763238,0.5262130133956595,0,94.08844367030362,-0.03991384009894272,3.000659640522208,1.0002198801740694,0.18404720815747602,0.07545671167593328,0.1774266527447828,0.24746037067633184
E4_optical_graded,oracle,20001008,0,1,,0,False,False,True,8,8,8,1.0,190.29999999999347,0.06721702716382573,0.22185261305744852,0,95.1401488397256,-0.02918215469667762,1.0416579386578952,0.3472193128859651,0.11732920987059815,1.0,0.09629177856317374,0.19343072880386022
E4_optical_graded,proposed,20001008,5,0,,5,False,False,True,8,8,8,1.0,189.7999999999935,0.17780738954727662,0.4185059452659132,0,94.39597220242275,-0.03677579385282903,3.002474451201882,1.000824817067294,0.2622437302743595,0.142781875658588,0.201017687047984,0.290253178579334
E4_optical_graded,residual_only,20001008,0,62,,0,False,False,True,8,8,8,1.0,189.8999999999935,0.14107390156476046,0.3881171858735861,0,94.38707359762267,-0.03686659594262576,3.00107856175439,1.0003595205847966,0.29349685420192223,0.29594523433385994,0.20554931245228436,0.301622682493573
E4_optical_graded,ablation_a1,20001009,3,0,,3,False,False,True,8,8,8,1.0,190.69999999999345,0.07865508731319189,0.21741351058734448,0,94.7635691583902,-0.03302480450622247,2.999711511981131,0.9999038373270436,0.11306060507650269,0.21814368117461982,0.09818047747693347,0.15428932131417525
E4_optical_graded,ablation_a2,20001009,3,0,,3,False,False,True,8,8,8,1.0,190.59999999999346,0.07634569065854864,0.2478467719138724,0,94.72053350823481,-0.033463943793522355,2.9975603364978114,0.9991867788326038,0.08339512439406313,0.1888772298006296,0.08635788424776489,0.1278392475242056
E4_optical_graded,covariance_only,20001009,0,0,,0,False,False,True,8,8,8,1.0,190.59999999999346,0.0670911924550413,0.22887788886553473,0,94.71469265018219,-0.03352354438589611,2.9997239245271814,0.9999079748423938,0.09894862594871019,0.22245540398740818,0.09653292633544816,0.14577803742949894
E4_optical_graded,dead_reckoning,20001009,0,0,,0,False,False,True,8,8,8,1.0,190.79999999999345,0.053081070487005236,0.19543826556955501,0,94.81311942221987,-0.03251918956918498,2.999721485915738,0.9999071619719127,0.08621991127641351,0.0005241090146750524,0.10888055523507871,0.152474325216114
E4_optical_graded,fixed,20001009,0,1,,0,False,False,True,8,8,8,1.0,378.00000000001745,0.09017211324359366,0.2634258697316483,0,94.36545153678176,-0.03708722921651264,2.999807587729818,0.9999358625766059,0.020291867300226852,0.09126984126984126,0.04226374104222246,0.0735685406965968
E4_optical_graded,oracle,20001009,3,0,,3,False,False,True,8,8,8,1.0,190.79999999999345,0.06746445942898631,0.2628473712134607,0,94.71357511932902,-0.033534947761948763,2.997133254986338,0.9990444183287793,0.09896075007771998,0.2190775681341719,0.09303653928114092,0.14022567293712385
E4_optical_graded,proposed,20001009,3,0,,3,False,False,True,8,8,8,1.0,190.59999999999346,0.07634569065854864,0.2478467719138724,0,94.72053350823481,-0.033463943793522355,2.9975603364978114,0.9991867788326038,0.08339512439406313,0.1888772298006296,0.08635788424776489,0.1278392475242056
E4_optical_graded,residual_only,20001009,0,63,,0,False,False,True,8,8,8,1.0,190.79999999999345,0.09111625012031785,0.2481677907864377,0,94.6456292849393,-0.03422827260266015,2.9978557116255846,0.9992852372085282,0.10213722781361018,0.3359538784067086,0.0852616778929725,0.12692514910724204
E5_optical_loss,ablation_a1,20001000,5,0,0.5000000000003055,3,False,False,True,8,8,8,1.0,191.3999999999934,0.07859102788660322,0.4188639319876124,0,95.24496861604547,-0.02811256514239313,2.999473493497329,0.999824497832443,0.43913739664331336,0.16875653082549635,0.2721028027538145,0.43712823417437835
E5_optical_loss,ablation_a2,20001000,5,0,0.5000000000003055,3,False,False,True,8,8,8,1.0,191.29999999999342,0.06977846862331696,0.3898466753125067,0,95.20219792286873,-0.02854900078705369,2.9992806609687364,0.9997602203229121,0.4338682247097277,0.12963930998431783,0.2689247872661451,0.4294142285713468
E5_optical_loss,covariance_only,20001000,0,0,,0,False,False,True,8,8,8,1.0,190.89999999999344,0.07338608372066564,0.3685964989021997,0,94.99610834265437,-0.03065195568720036,2.999497063832495,0.9998323546108318,0.24947560314636102,0.502357255107386,0.22026535560992216,0.33288981638100584
E5_optical_loss,dead_reckoning,20001000,0,0,,0,False,False,True,8,8,8,1.0,191.6999999999934,0.1887421787896579,0.3130029173774993,0,95.39483328818955,-0.026583333793984254,2.999511368623391,0.9998371228744637,0.3481297649375776,0.0005216484089723526,0.3177287409328781,0.48595845694762396
E5_optical_loss,fixed,20001000,0,1,,0,False,False,True,8,8,8,1.0,380.300000000018,0.06873518223190339,0.2175278478289293,0,94.67052678661476,-0.033974216463114715,2.999267668904515,0.9997558896348383,0.1619832682342922,0.556139889560873,0.13723360969497947,0.26118203190851574
E5_optical_loss,oracle,20001000,0,0,,0,False,False,True,8,8,8,1.0,379.9000000000179,0.060850073477826026,0.26025087495728805,0,94.5217929133412,-0.03549190904753874,2.999927414229366,0.999975804743122,0.05827099054901061,0.7401947881021321,0.09563788057739152,0.2122967029517906
E5_optical_loss,proposed,20001000,5,0,0.5000000000003055,3,False,False,True,8,8,8,1.0,191.29999999999342,0.06977846862331696,0.3898466753125067,0,95.20219792286873,-0.02854900078705369,2.9992806609687364,0.9997602203229121,0.4338682247097277,0.12963930998431783,0.2689247872661451,0.4294142285713468
E5_optical_loss,residual_only,20001000,0,51,,0,False,False,True,8,8,8,1.0,190.89999999999344,0.06938610941566001,0.2862102134558415,0,95.0649159498802,-0.029949837246120437,2.9984519664945157,0.9994839888315052,0.27318734864334177,0.27763226820324777,0.21919587873500174,0.3274480722444735
E5_optical_loss,ablation_a1,20001001,5,0,0.5000000000003055,3,False,False,True,8,8,8,1.0,191.3999999999934,0.10486233958943839,0.3323155251449754,0,94.90319850381441,-0.03160001526719991,3.000194605800752,1.0000648686002507,0.11141356512693654,0.3510971786833856,0.14241786641146031,0.21362801532243175
E5_optical_loss,ablation_a2,20001001,5,0,0.5000000000003055,3,False,False,True,8,8,8,1.0,191.09999999999343,0.11583286130677928,0.35054618714313923,0,94.90133778151375,-0.031619002229451576,2.998050540978803,0.9993501803262678,0.15414477114614603,0.3453689167974882,0.13891050268594,0.21631910769850443
E5_optical_loss,covariance_only,20001001,0,0,,0,False,False,True,8,8,8,1.0,191.4999999999934,0.06123331529450969,0.22326179853787576,0,94.96177760260588,-0.03100226936116446,3.0001877687881287,1.0000625895960429,0.1691411557513718,0.5028720626631854,0.15800823647045678,0.23031795668042782
E5_optical_loss,dead_reckoning,20001001,0,0,,0,False,False,True,8,8,8,1.0,192.09999999999337,0.13172416780662072,0.26043717459586446,0,95.27207469724105,-0.027835972477132098,3.0001978356190664,1.0000659452063554,0.22679308504059775,0.0005205622071837585,0.2355899738544348,0.36332292271387606
E5_optical_loss,fixed,20001001,0,1,,0,False,False,True,8,8,8,1.0,379.6000000000178,0.06681071407413948,0.2988823601049315,0,94.49390606653388,-0.035776468708837994,2.9994783443597943,0.9998261147865981,0.10750688070452208,0.5634878819810326,0.09926196278643733,0.18853002394741697
E5_optical_loss,oracle,20001001,0,1,,0,False,False,True,8,8,8,1.0,191.19999999999342,0.05446695677141941,0.371367314945946,0,95.54134847633308,-0.02508828085374404,1.0396264280399328,0.34654214267997757,0.314714829946102,0.09832635983263599,0.21882213152189134,0.34066588396078723
E5_optical_loss,proposed,20001001,5,0,0.5000000000003055,3,False,False,True,8,8,8,1.0,191.09999999999343,0.11583286130677928,0.35054618714313923,0,94.90133778151375,-0.031619002229451576,2.998050540978803,0.9993501803262678,0.15414477114614603,0.3453689167974882,0.13891050268594,0.21631910769850443
E5_optical_loss,residual_only,20001001,0,50,,0,False,False,True,8,8,8,1.0,191.19999999999342,0.10920609596929642,0.3323155251449754,0,94.87695221036545,-0.03186783458810771,3.0007399808989432,1.0002466602996478,0.17207362698314227,0.4074267782426778,0.15230638682981723,0.21366871105922394
E5_optical_loss,ablation_a1,20001002,5,0,0.5000000000003055,3,False,False,True,8,8,8,1.0,190.59999999999346,0.08399263918537204,0.2225049936243515,0,94.81003851632777,-0.03255062738441061,2.9979168720263085,0.9993056240087695,0.04710357122911862,0.4700944386149003,0.08188778656843676,0.13099811999037972
E5_optical_loss,ablation_a2,20001002,5,0,0.5000000000003055,3,False,False,True,8,8,8,1.0,190.69999999999345,0.08334390661621671,0.23500116191992948,0,94.81654500941272,-0.03248423459782934,2.998930936948527,0.9996436456495089,0.04631486113961754,0.4635553224960671,0.07821180926381326,0.1302544710076491
E5_optical_loss,covariance_only,20001002,0,0,,0,False,False,True,8,8,8,1.0,190.39999999999347,0.06367507580939571,0.18508600046586432,0,94.7159151348749,-0.03351107005229692,2.9979186981382466,0.9993062327127489,0.08658865704110529,0.5005252100840336,0.0943569051695548,0.13142314605241967
E5_optical_loss,dead_reckoning,20001002,0,0,,0,False,False,True,8,8,8,1.0,190.99999999999343,0.08890987423329111,0.13551501884137718,0,95.01462271014937,-0.03046303356990443,2.997912538314994,0.9993041794383313,0.13799311722018182,0.0005235602094240838,0.16226351167550745,0.235286764722549
E5_optical_loss,fixed,20001002,0,1,,0,False,False,True,8,8,8,1.0,379.1000000000177,0.06835566522127332,0.2706894710506411,0,94.3805443080246,-0.03693322134668775,2.9996606884441737,0.9998868961480579,0.04622405359888332,0.5676602479556845,0.05586583905964849,0.10534206777522429
E5_optical_loss,oracle,20001002,0,1,,0,False,False,True,8,8,8,1.0,190.79999999999345,0.058903519296055126,0.17393127435578437,0,94.80889143021415,-0.032562332344753586,3.0031858577665282,1.0010619525888427,0.0714750903867755,0.38522012578616355,0.09190721886984465,0.13488426121010913
E5_optical_loss,proposed,20001002,5,0,0.5000000000003055,3,False,False,True,8,8,8,1.0,190.69999999999345,0.08334390661621671,0.23500116191992948,0,94.81654500941272,-0.03248423459782934,2.998930936948527,0.9996436456495089,0.04631486113961754,0.4635553224960671,0.07821180926381326,0.1302544710076491
E5_optical_loss,residual_only,20001002,0,51,,0,False,False,True,8,8,8,1.0,190.89999999999344,0.08008262085346522,0.22112834096581846,0,94.8069797791419,-0.03258183898834799,2.998993602588176,0.9996645341960586,0.0853061313442902,0.427972760607648,0.09146651054737814,0.13383375374711978
E5_optical_loss,ablation_a1,20001003,5,0,0.5000000000003055,3,False,False,True,8,8,8,1.0,189.9999999999935,0.0679136590575204,0.28913209142450036,0,94.69010929446476,-0.033774394954441234,3.0003476910223617,1.000115897007454,0.11431389003657663,0.3973684210526316,0.13463866103500902,0.2671266363882692
E5_optical_loss,ablation_a2,20001003,5,0,0.5000000000003055,3,False,False,True,8,8,8,1.0,190.39999999999347,0.07868283419615008,0.26744457001510913,0,94.75495441071175,-0.03311271009477812,3.001149716690487,1.000383238896829,0.10643858992500534,0.3865546218487395,0.13726250879930926,0.2750367866541969
E5_optical_loss,covariance_only,20001003,0,0,,0,False,False,True,8,8,8,1.0,189.7999999999935,0.09722783122587172,0.29732661525379367,0,94.57766631239596,-0.03492177232249016,3.000343219259919,1.000114406419973,0.11455315096164127,0.49841938883034775,0.12026418554982338,0.20680956452105279
E5_optical_loss,dead_reckoning,20001003,0,0,,0,False,False,True,8,8,8,1.0,189.49999999999352,0.1886909417529413,0.43136998196609433,0,94.423087203968,-0.036499110163591864,3.000330460911908,1.0001101536373027,0.18098537861332192,0.0005277044854881266,0.1825345621656846,0.2646004408581556
E5_optical_loss,fixed,20001003,0,1,,0,False,False,True,8,8,8,1.0,376.60000000001713,0.13397670870046996,0.38708381231210964,0,94.18311577873452,-0.03894779817617844,2.9995809579866264,0.9998603193288754,0.09712147981450606,0.5711630377057887,0.08766417198696004,0.14517206461659443
E5_optical_loss,oracle,20001003,0,1,,0,False,False,True,8,8,8,1.0,190.79999999999345,0.0632090377801433,0.21449718420307118,0,94.978788262772,-0.030828691196204128,2.011330781850373,0.6704435939501243,0.06830781537432529,0.47327044025157233,0.14532977362140245,0.2954298178649172
E5_optical_loss,proposed,20001003,5,0,0.5000000000003055,3,False,False,True,8,8,8,1.0,190.39999999999347,0.07868283419615008,0.26744457001510913,0,94.75495441071175,-0.03311271009477812,3.001149716690487,1.000383238896829,0.10643858992500534,0.3865546218487395,0.13726250879930926,0.2750367866541969
E5_optical_loss,residual_only,20001003,0,51,,0,False,False,True,8,8,8,1.0,190.29999999999347,0.07981084427265653,0.28913209142450036,0,94.69550140321775,-0.033719373436553624,3.000282015296781,1.000094005098927,0.11806523795298791,0.3967419863373621,0.13669229967131222,0.26710124136729085
E5_optical_loss,ablation_a1,20001004,5,0,0.5000000000003055,3,False,False,True,8,8,8,1.0,190.59999999999346,0.07479872671520937,0.2575094050854414,0,94.74561932785667,-0.033207966042278825,2.998537507388267,0.9995125024627557,0.1501637167418275,0.3646379853095488,0.140694981001338,0.27195921407537993
E5_optical_loss,ablation_a2,20001004,5,0,0.5000000000003055,3,False,False,True,8,8,8,1.0,191.19999999999342,0.08975299952088515,0.2976365375622949,0,94.8287914496835,-0.03235927092159696,3.0008162257549635,1.0002720752516545,0.11735001311799409,0.3070083682008368,0.14028434301293918,0.26893017021888305
E5_optical_loss,covariance_only,20001004,0,0,,0,False,False,True,8,8,8,1.0,190.39999999999347,0.11447689198826874,0.33201093060879083,0,94.63727915917515,-0.034313477967600536,2.9985396601814283,0.999513220060476,0.12608492702806495,0.5005252100840336,0.13513201447899365,0.22570477164509964
E5_optical_loss,dead_reckoning,20001004,0,0,,0,False,False,True,8,8,8,1.0,189.9999999999935,0.24818974604162505,0.5097736010650173,0,94.43516143016622,-0.036375903773814056,2.9985430193167955,0.9995143397722651,0.16907333877151928,0.0005263157894736842,0.22294778377260419,0.32275287112990586
E5_optical_loss,fixed,20001004,0,1,,0,False,False,True,8,8,8,1.0,376.60000000001713,0.15425583404039575,0.43038731241924433,0,94.28929889700345,-0.03786429696935256,3.001310156540836,1.0004367188469454,0.11910045581705317,0.5536378120021243,0.09623553990400426,0.16480503940284158
E5_optical_loss,oracle,20001004,0,1,,0,False,False,True,8,8,8,1.0,190.49999999999346,0.06701299723204363,0.3175667171685248,0,94.98145436445601,-0.030801486076979412,2.0114258756387624,0.6704752918795874,0.08308962559230931,0.45721784776902885,0.15533138738309377,0.3245621247049502
E5_optical_loss,proposed,20001004,5,0,0.5000000000003055,3,False,False,True,8,8,8,1.0,191.19999999999342,0.08975299952088515,0.2976365375622949,0,94.8287914496835,-0.03235927092159696,3.0008162257549635,1.0002720752516545,0.11735001311799409,0.3070083682008368,0.14028434301293918,0.26893017021888305
E5_optical_loss,residual_only,20001004,0,50,,0,False,False,True,8,8,8,1.0,190.89999999999344,0.07672996659627741,0.2575094050854414,0,94.75800455142361,-0.033081586209963154,2.99935023444878,0.9997834114829267,0.14787728875505662,0.39392352016762705,0.14110798633622518,0.27193050078462283
E5_optical_loss,ablation_a1,20001005,5,0,0.5000000000003055,3,False,False,True,8,8,8,1.0,189.5999999999935,0.10709971886950972,0.2789635457422701,0,94.45729409902553,-0.036150060214025226,3.0007451295754968,1.0002483765251655,0.020792176738797755,0.46044303797468356,0.0805518771202467,0.1457174885254551
E5_optical_loss,ablation_a2,20001005,5,0,0.5000000000003055,3,False,False,True,8,8,8,1.0,189.5999999999935,0.09796244514380463,0.2724000872749164,0,94.43871332526926,-0.036339659946232006,2.9993427547505767,0.9997809182501922,0.018441836404520635,0.4462025316455696,0.07340938580314907,0.13636742499408894
E5_optical_loss,covariance_only,20001005,0,0,,0,False,False,True,8,8,8,1.0,189.29999999999353,0.10922026510775974,0.2731443127251296,0,94.29532012422658,-0.037802855875239016,3.000760778524477,1.0002535928414924,0.059193722000195945,0.497094558901215,0.09508226391337342,0.16373319860631783
E5_optical_loss,dead_reckoning,20001005,0,0,,0,False,False,True,8,8,8,1.0,189.29999999999353,0.08462355694911192,0.34971443117871104,0,94.2953733833486,-0.037802312414810135,3.0007606997402863,1.0002535665800953,0.15420021900561676,0.0005282620179609086,0.1567636765447968,0.24902479081570716
E5_optical_loss,fixed,20001005,0,1,,0,False,False,True,8,8,8,1.0,377.4000000000173,0.08935469917536026,0.3286651048569045,0,94.09891214012413,-0.03980701897832528,2.9988504221242738,0.9996168073747579,0.04023308106188058,0.56120826709062,0.059432343540385055,0.11658671491744668
E5_optical_loss,oracle,20001005,0,1,,0,False,False,True,8,8,8,1.0,377.9000000000174,0.07414451937398792,0.283142056679484,0,95.0612517995078,-0.02998722653563468,1.0201033975576357,0.3400344658525452,0.014959863287706507,0.7398782746758402,0.038512954110911615,0.08653597609844722
E5_optical_loss,proposed,20001005,5,0,0.5000000000003055,3,False,False,True,8,8,8,1.0,189.5999999999935,0.09796244514380463,0.2724000872749164,0,94.43871332526926,-0.036339659946232006,2.9993427547505767,0.9997809182501922,0.018441836404520635,0.4462025316455696,0.07340938580314907,0.13636742499408894
E5_optical_loss,residual_only,20001005,0,51,,0,False,False,True,8,8,8,1.0,189.6999999999935,0.1163214353642947,0.2789635457422701,0,94.45107337426326,-0.03621353699731367,3.000916276634015,1.0003054255446717,0.02072213827280649,0.42435424354243545,0.08687887201888746,0.1457095633473902
E5_optical_loss,ablation_a1,20001006,5,0,0.5000000000003055,3,False,False,True,8,8,8,1.0,191.7999999999934,0.08189295813614107,0.2751134879482562,0,95.14297615185603,-0.029153304572897665,3.0002416035937527,1.000080534531251,0.08852565315288999,0.45359749739311783,0.1235839744467552,0.20651316494490574
E5_optical_loss,ablation_a2,20001006,5,0,0.5000000000003055,3,False,False,True,8,8,8,1.0,191.4999999999934,0.07487919502379575,0.2408334431597181,0,95.09945992040224,-0.029597347750997538,3.001333709798111,1.0004445699327038,0.09245897259689786,0.4140992167101828,0.12356686952983992,0.2064333758876865
E5_optical_loss,covariance_only,20001006,0,0,,0,False,False,True,8,8,8,1.0,191.7999999999934,0.05825515844749789,0.2705676680266986,0,95.162128898119,-0.028957868386540908,3.0002541151930315,1.0000847050643438,0.15001217867892952,0.5041710114702815,0.13986533398918227,0.1912385546550185
E5_optical_loss,dead_reckoning,20001006,0,0,,0,False,False,True,8,8,8,1.0,192.39999999999336,0.15511850429183133,0.2125320399094761,0,95.46493831592602,-0.025867976368101786,3.0002680202115335,1.000089340070511,0.2343740511375207,0.0005197505197505198,0.23714224794471273,0.33907260599580263
E5_optical_loss,fixed,20001006,0,1,,0,False,False,True,8,8,8,1.0,378.80000000001763,0.06610528947817174,0.24509950491082222,0,94.69300983184382,-0.03374479763424665,3.0009070740975696,1.0003023580325232,0.0896276171155706,0.5736536430834214,0.08114943903986581,0.14374567689139506
E5_optical_loss,oracle,20001006,0,1,,0,False,False,True,8,8,8,1.0,191.4999999999934,0.043857403937512564,0.18291406293623425,0,95.13689933406229,-0.029215312917731717,3.00163752294733,1.0005458409824433,0.14306263798249585,0.35195822454308096,0.12311514420644303,0.16480468159089573
E5_optical_loss,proposed,20001006,5,0,0.5000000000003055,3,False,False,True,8,8,8,1.0,191.4999999999934,0.07487919502379575,0.2408334431597181,0,95.09945992040224,-0.029597347750997538,3.001333709798111,1.0004445699327038,0.09245897259689786,0.4140992167101828,0.12356686952983992,0.2064333758876865
E5_optical_loss,residual_only,20001006,0,50,,0,False,False,True,8,8,8,1.0,191.7999999999934,0.07904849809245022,0.2751134879482562,0,95.2311418835531,-0.02825365424945825,3.000385157288966,1.0001283857629886,0.15879507508634805,0.4181438998957247,0.1443178541235463,0.20651316494490574
E5_optical_loss,ablation_a1,20001007,5,0,0.5000000000003055,3,False,False,True,8,8,8,1.0,190.89999999999344,0.06862523225835991,0.23913435033483577,0,94.84737331762068,-0.03216966002427879,3.0003078707833595,1.0001026235944532,0.06997954396950133,0.4667365112624411,0.10716031683864291,0.2065580641449017
E5_optical_loss,ablation_a2,20001007,5,0,0.5000000000003055,3,False,False,True,8,8,8,1.0,190.59999999999346,0.05441894648995917,0.1899451508818939,0,94.84596092998513,-0.03218407214300889,2.998899893025834,0.999633297675278,0.07451082606153193,0.44438614900314793,0.10954474516759252,0.21273580337172193
E5_optical_loss,covariance_only,20001007,0,0,,0,False,False,True,8,8,8,1.0,190.89999999999344,0.09298352235199178,0.27861860364924285,0,94.84406972964526,-0.032203370105660656,3.0003704187128686,1.0001234729042896,0.08200685536077491,0.500261917234154,0.09936514731172483,0.16549355042634573
E5_optical_loss,dead_reckoning,20001007,0,0,,0,False,False,True,8,8,8,1.0,190.99999999999343,0.14170479515553275,0.32610190673197614,0,94.88965632547156,-0.03173820076049427,3.000376770408338,1.0001255901361128,0.14171152403027557,0.0005235602094240838,0.158793828032568,0.24024521766975052
E5_optical_loss,fixed,20001007,0,1,,0,False,False,True,8,8,8,1.0,379.0000000000177,0.10933368186161732,0.3483866763789347,0,94.43960289985596,-0.03633058265453104,3.0008169782165512,1.0002723260721837,0.08046675928388058,0.5725593667546174,0.06131982154213657,0.09027167268637373
E5_optical_loss,oracle,20001007,0,1,,0,False,False,True,8,8,8,1.0,190.59999999999346,0.05641526177348381,0.24707031997894902,0,95.07367755522849,-0.029860433109913376,2.010953114660682,0.670317704886894,0.05654932848400903,0.4559286463798531,0.10967726334465544,0.2228081051978214
E5_optical_loss,proposed,20001007,5,0,0.5000000000003055,3,False,False,True,8,8,8,1.0,190.59999999999346,0.05441894648995917,0.1899451508818939,0,94.84596092998513,-0.03218407214300889,2.998899893025834,0.999633297675278,0.07451082606153193,0.44438614900314793,0.10954474516759252,0.21273580337172193
E5_optical_loss,residual_only,20001007,0,50,,0,False,False,True,8,8,8,1.0,191.09999999999343,0.06876792658783526,0.23913435033483577,0,94.84403742135788,-0.03220369978206239,2.9995119311101073,0.9998373103700358,0.10857321636461399,0.42804814233385663,0.10811973452980245,0.2065508241412859
E5_optical_loss,ablation_a1,20001008,5,0,0.5000000000003055,3,False,False,True,8,8,8,1.0,189.7999999999935,0.18873559022218303,0.4567151463964123,0,94.34630060107631,-0.03728264692779282,3.0002103103184745,1.0000701034394914,0.27250130506127945,0.1469968387776607,0.21589944820961368,0.31259650375953196
E5_optical_loss,ablation_a2,20001008,5,0,0.5000000000003055,3,False,False,True,8,8,8,1.0,189.8999999999935,0.18210300542632127,0.4331346506584408,0,94.35218038860961,-0.03722264909582029,2.999417824784989,0.9998059415949964,0.2595933341692708,0.110057925223802,0.2044692299996148,0.29167681385620564
E5_optical_loss,covariance_only,20001008,0,0,,0,False,False,True,8,8,8,1.0,190.29999999999347,0.1408957954231228,0.38677136395240774,0,94.60094911085788,-0.03468419274634815,3.0002806879397377,1.0000935626465792,0.18013435991638635,0.5002627430373096,0.18628221885173404,0.3040319234555306
E5_optical_loss,dead_reckoning,20001008,0,0,,0,False,False,True,8,8,8,1.0,189.49999999999352,0.29376158798780966,0.5850638799156709,0,94.19822702105807,-0.03879360182593805,3.0002743025463405,1.0000914341821134,0.2605866367493877,0.0005277044854881266,0.2789190945498572,0.405104344949674
E5_optical_loss,fixed,20001008,0,1,,0,False,False,True,8,8,8,1.0,378.40000000001754,0.167674240900012,0.49459169679112946,0,94.1807528965197,-0.038971909219186696,2.9994418576536765,0.9998139525512255,0.15576636705218208,0.5391120507399577,0.12863252048926993,0.2290482936925844
E5_optical_loss,oracle,20001008,0,0,,0,False,False,True,8,8,8,1.0,190.19999999999348,0.0791059093040982,0.23327406254448357,0,94.70191703864774,-0.03365390776890065,3.000511515670328,1.0001705052234426,0.13315890808063852,0.5005257623554153,0.18218319336079553,0.37490359489178215
E5_optical_loss,proposed,20001008,5,0,0.5000000000003055,3,False,False,True,8,8,8,1.0,189.8999999999935,0.18210300542632127,0.4331346506584408,0,94.35218038860961,-0.03722264909582029,2.999417824784989,0.9998059415949964,0.2595933341692708,0.110057925223802,0.2044692299996148,0.29167681385620564
E5_optical_loss,residual_only,20001008,0,50,,0,False,False,True,8,8,8,1.0,190.09999999999349,0.15240375822277769,0.40462582019923676,0,94.65815062973066,-0.03410050377825857,3.0009671799415734,1.0003223933138579,0.17004144961471296,0.32614413466596526,0.18310166697354127,0.29660746561487245
E5_optical_loss,ablation_a1,20001009,5,0,0.5000000000003055,3,False,False,True,8,8,8,1.0,190.59999999999346,0.09426518817220249,0.24503333335575617,0,94.78716081540774,-0.03278407331216582,2.9984151357891533,0.9994717119297177,0.03081993068158172,0.48111227701993703,0.0704280658842383,0.11526208964624689
E5_optical_loss,ablation_a2,20001009,5,0,0.5000000000003055,3,False,False,True,8,8,8,1.0,190.49999999999346,0.08509460887769206,0.23044900497151222,0,94.67882600709227,-0.03388953053987476,3.0003540537315274,1.0001180179105091,0.027909927052255736,0.4666666666666667,0.06706952353977208,0.10744419353764044
E5_optical_loss,covariance_only,20001009,0,0,,0,False,False,True,8,8,8,1.0,190.19999999999348,0.08675812469513898,0.23243529917491124,0,94.58030134355272,-0.03489488424946208,2.998392653677003,0.9994642178923344,0.059457071159706616,0.49947423764458465,0.08111953541709394,0.12416162363000034
E5_optical_loss,dead_reckoning,20001009,0,0,,0,False,False,True,8,8,8,1.0,190.59999999999346,0.060597240041568044,0.20355656959419122,0,94.78309590384374,-0.03282555200159443,2.998392575725208,0.9994641919084026,0.08406547271271278,0.0005246589716684155,0.10608719054307941,0.1599645058265808
E5_optical_loss,fixed,20001009,0,1,,0,False,False,True,8,8,8,1.0,377.50000000001734,0.0643058551011291,0.25770760176772534,0,94.370854654174,-0.037032095365571505,2.999378615036933,0.9997928716789777,0.019663732885236814,0.5663576158940398,0.03811401952046573,0.06818702285173611
E5_optical_loss,oracle,20001009,0,1,,0,False,False,True,8,8,8,1.0,377.50000000001734,0.0643058551011291,0.25770760176772534,0,94.370854654174,-0.037032095365571505,2.999378615036933,0.9997928716789777,0.019663732885236814,0.5663576158940398,0.03811401952046573,0.06818702285173611
E5_optical_loss,proposed,20001009,5,0,0.5000000000003055,3,False,False,True,8,8,8,1.0,190.49999999999346,0.08509460887769206,0.23044900497151222,0,94.67882600709227,-0.03388953053987476,3.0003540537315274,1.0001180179105091,0.027909927052255736,0.4666666666666667,0.06706952353977208,0.10744419353764044
E5_optical_loss,residual_only,20001009,0,51,,0,False,False,True,8,8,8,1.0,190.39999999999347,0.08824391558323703,0.24503333335575617,0,94.73870754702405,-0.03327849441812192,2.9972940696718595,0.9990980232239531,0.03637554312448384,0.4543067226890756,0.07434930470552711,0.11613404455566483
E6_acoustic_intermittent,ablation_a1,20001000,1,0,,1,False,False,True,8,8,8,1.0,190.89999999999344,0.06121840958655391,0.2146015207197327,0,95.07535785762198,-0.02984328716712259,2.9984822483895415,0.9994940827965139,0.11575294958698897,0.43792561550550024,0.16530473299115017,0.2708848569517122
E6_acoustic_intermittent,ablation_a2,20001000,1,0,,1,False,False,True,8,8,8,1.0,190.89999999999344,0.06121840958655391,0.2146015207197327,0,95.07535785762198,-0.02984328716712259,2.9984822483895415,0.9994940827965139,0.11575294958698897,0.43792561550550024,0.16530473299115017,0.2708848569517122
E6_acoustic_intermittent,covariance_only,20001000,0,0,,0,False,False,True,8,8,8,1.0,190.79999999999345,0.07413154529367681,0.27126413493291635,0,95.02406357720623,-0.030366698191773067,2.9984510808513005,0.9994836936171002,0.2446153624397855,0.999475890985325,0.18426323251378487,0.26828323529279735
E6_acoustic_intermittent,dead_reckoning,20001000,0,0,,0,False,False,True,8,8,8,1.0,191.3999999999934,0.1830169806302398,0.2552934294313136,0,95.32512223987739,-0.027294671021659278,2.9984241474914928,0.9994747158304976,0.33631943880559323,0.0005224660397074191,0.3105015843824469,0.4755691800511169
E6_acoustic_intermittent,fixed,20001000,0,1,,0,False,False,True,8,8,8,1.0,378.80000000001763,0.107461256870462,0.3178885835722549,0,94.68416714604312,-0.033835029122008975,2.9986008771836064,0.9995336257278687,0.1757113445438659,0.7230728616684267,0.11972710033138804,0.1695289847959876
E6_acoustic_intermittent,oracle,20001000,0,0,,0,False,False,True,8,8,8,1.0,191.09999999999343,0.06110186299678438,0.22214771599555228,0,95.06678609165228,-0.029930754166813567,2.999818879002159,0.999939626334053,0.11808129793076803,0.47566718995290425,0.15709700496816323,0.26732190094539376
E6_acoustic_intermittent,proposed,20001000,1,0,,1,False,False,True,8,8,8,1.0,190.89999999999344,0.06121840958655391,0.2146015207197327,0,95.07535785762198,-0.02984328716712259,2.9984822483895415,0.9994940827965139,0.11575294958698897,0.43792561550550024,0.16530473299115017,0.2708848569517122
E6_acoustic_intermittent,residual_only,20001000,0,0,,0,False,False,True,8,8,8,1.0,190.89999999999344,0.06121840958655391,0.2146015207197327,0,95.07535785762198,-0.02984328716712259,2.9984822483895415,0.9994940827965139,0.11575294958698897,0.43792561550550024,0.16530473299115017,0.2708848569517122
E6_acoustic_intermittent,ablation_a1,20001001,1,0,,1,False,False,True,8,8,8,1.0,190.79999999999345,0.07835945845058692,0.24863835040113713,0,94.82775160895106,-0.032369881541315704,3.0009476340568177,1.0003158780189392,0.10521499314408303,0.779874213836478,0.09856577579438384,0.14651207117370976
E6_acoustic_intermittent,ablation_a2,20001001,1,0,,1,False,False,True,8,8,8,1.0,190.79999999999345,0.07835945845058692,0.24863835040113713,0,94.82775160895106,-0.032369881541315704,3.0009476340568177,1.0003158780189392,0.10521499314408303,0.779874213836478,0.09856577579438384,0.14651207117370976
E6_acoustic_intermittent,covariance_only,20001001,0,0,,0,False,False,True,8,8,8,1.0,190.89999999999344,0.07321263650197962,0.28202982118943476,0,94.89713801854519,-0.03166185695362045,3.0008591020277504,1.0002863673425835,0.1657171466766767,1.0,0.13383696088523248,0.19971896554331603
E6_acoustic_intermittent,dead_reckoning,20001001,0,0,,0,False,False,True,8,8,8,1.0,191.4999999999934,0.1336312398543224,0.21623061182310632,0,95.1981423321527,-0.028590384365788757,3.000827167740441,1.0002757225801469,0.2251890606414994,0.0005221932114882506,0.23562464942017708,0.3637664604386258
E6_acoustic_intermittent,fixed,20001001,0,1,,0,False,False,True,8,8,8,1.0,378.6000000000176,0.09428844067020815,0.2682854574965532,0,94.43010733531644,-0.03642747617024045,2.999851725044876,0.9999505750149588,0.10743528223805018,0.7451135763338615,0.08471550647417198,0.11995784831268064
E6_acoustic_intermittent,oracle,20001001,0,1,,0,False,False,True,8,8,8,1.0,191.29999999999342,0.05121040544815041,0.21804635244965986,0,95.4960348175494,-0.025550665127046956,1.0346945167108983,0.3448981722369661,0.31118809019408894,0.07527443805541036,0.2141823220337965,0.34062074584587815
E6_acoustic_intermittent,proposed,20001001,1,0,,1,False,False,True,8,8,8,1.0,190.79999999999345,0.07835945845058692,0.24863835040113713,0,94.82775160895106,-0.032369881541315704,3.0009476340568177,1.0003158780189392,0.10521499314408303,0.779874213836478,0.09856577579438384,0.14651207117370976
E6_acoustic_intermittent,residual_only,20001001,0,0,,0,False,False,True,8,8,8,1.0,190.79999999999345,0.07835945845058692,0.24863835040113713,0,94.82775160895106,-0.032369881541315704,3.0009476340568177,1.0003158780189392,0.10521499314408303,0.779874213836478,0.09856577579438384,0.14651207117370976
E6_acoustic_intermittent,ablation_a1,20001002,1,0,,1,False,False,True,8,8,8,1.0,190.69999999999345,0.08727634795667719,0.21289385705393693,0,94.64760542839763,-0.0342081078734936,2.9994977539418204,0.9998325846472734,0.04494079235217519,0.9433665443104352,0.06759874938763888,0.09732881470965171
E6_acoustic_intermittent,ablation_a2,20001002,1,0,,1,False,False,True,8,8,8,1.0,190.69999999999345,0.08727634795667719,0.21289385705393693,0,94.64760542839763,-0.0342081078734936,2.9994977539418204,0.9998325846472734,0.04494079235217519,0.9433665443104352,0.06759874938763888,0.09732881470965171
E6_acoustic_intermittent,covariance_only,20001002,0,0,,0,False,False,True,8,8,8,1.0,190.99999999999343,0.07980050424972167,0.24243394860182077,0,94.81362152366319,-0.03251406608506957,2.9993887454100494,0.9997962484700165,0.0840293319622467,0.9989528795811519,0.08912718992827501,0.12442290381768716
E6_acoustic_intermittent,dead_reckoning,20001002,0,0,,0,False,False,True,8,8,8,1.0,191.29999999999342,0.07615844095777112,0.19201915313514029,0,94.96322748087947,-0.03098747468490337,2.99937916923341,0.9997930564111367,0.14177810512835592,0.0005227391531625719,0.1630653991082231,0.23835051262309095
E6_acoustic_intermittent,fixed,20001002,0,1,,0,False,False,True,8,8,8,1.0,379.40000000001777,0.09074397934133789,0.26968806773820875,0,94.60654656927647,-0.0346270758237095,2.9992683261196564,0.9997561087065522,0.04830193758112927,0.757511860832894,0.04447251890034293,0.06998723230347977
E6_acoustic_intermittent,oracle,20001002,0,1,,0,False,False,True,8,8,8,1.0,190.89999999999344,0.06195107575352732,0.19256022521422445,0,95.22600676733681,-0.0283060533945223,1.039124501233868,0.34637483374462263,0.033470863124822364,0.9869041382922996,0.05306880959283511,0.07032725089693882
E6_acoustic_intermittent,proposed,20001002,1,0,,1,False,False,True,8,8,8,1.0,190.69999999999345,0.08727634795667719,0.21289385705393693,0,94.64760542839763,-0.0342081078734936,2.9994977539418204,0.9998325846472734,0.04494079235217519,0.9433665443104352,0.06759874938763888,0.09732881470965171
E6_acoustic_intermittent,residual_only,20001002,0,0,,0,False,False,True,8,8,8,1.0,190.69999999999345,0.08727634795667719,0.21289385705393693,0,94.64760542839763,-0.0342081078734936,2.9994977539418204,0.9998325846472734,0.04494079235217519,0.9433665443104352,0.06759874938763888,0.09732881470965171
E6_acoustic_intermittent,ablation_a1,20001003,1,0,,1,False,False,True,8,8,8,1.0,189.9999999999935,0.06847632991829414,0.2755058816246354,0,94.56565052166891,-0.03504438243194985,2.999914146638302,0.9999713822127673,0.1134906444643992,0.7163157894736842,0.09348141351685518,0.20791133910969162
E6_acoustic_intermittent,ablation_a2,20001003,1,0,,1,False,False,True,8,8,8,1.0,189.9999999999935,0.06847632991829414,0.2755058816246354,0,94.56565052166891,-0.03504438243194985,2.999914146638302,0.9999713822127673,0.1134906444643992,0.7163157894736842,0.09348141351685518,0.20791133910969162
E6_acoustic_intermittent,covariance_only,20001003,0,0,,0,False,False,True,8,8,8,1.0,189.8999999999935,0.09772699184173617,0.2762716376689456,0,94.50698082451008,-0.03564305281112168,2.9998773812630457,0.9999591270876819,0.10723899015755635,0.9989468141126909,0.0950088917448535,0.1785340260204428
E6_acoustic_intermittent,dead_reckoning,20001003,0,0,,0,False,False,True,8,8,8,1.0,189.6999999999935,0.19173493427491312,0.4245738919599322,0,94.40680513092042,-0.03666525376611818,2.999872184594069,0.9999573948646896,0.1742315067136353,0.0005271481286241434,0.17975736471991005,0.26029731276626517
E6_acoustic_intermittent,fixed,20001003,0,1,,0,False,False,True,8,8,8,1.0,378.2000000000175,0.09274354765572604,0.2901336632282874,0,94.11327718219714,-0.03966043691635579,2.999647917521651,0.9998826391738836,0.09328336229885897,0.7427287149656266,0.07245584191835207,0.1352365062013147
E6_acoustic_intermittent,oracle,20001003,0,1,,0,False,False,True,8,8,8,1.0,190.09999999999349,0.05685734612552634,0.27130344610358925,0,94.58871845004181,-0.03480899540773663,2.999181099095793,0.999727033031931,0.12207557114695836,0.5718043135192005,0.12435589751280686,0.259579615277098
E6_acoustic_intermittent,proposed,20001003,1,0,,1,False,False,True,8,8,8,1.0,189.9999999999935,0.06847632991829414,0.2755058816246354,0,94.56565052166891,-0.03504438243194985,2.999914146638302,0.9999713822127673,0.1134906444643992,0.7163157894736842,0.09348141351685518,0.20791133910969162
E6_acoustic_intermittent,residual_only,20001003,0,0,,0,False,False,True,8,8,8,1.0,189.9999999999935,0.06847632991829414,0.2755058816246354,0,94.56565052166891,-0.03504438243194985,2.999914146638302,0.9999713822127673,0.1134906444643992,0.7163157894736842,0.09348141351685518,0.20791133910969162
E6_acoustic_intermittent,ablation_a1,20001004,1,0,,1,False,False,True,8,8,8,1.0,190.59999999999346,0.07154344275997812,0.25199387132268924,0,94.69274751829288,-0.03374747430313396,2.9990665976374005,0.9996888658791335,0.17082371268270663,0.5781741867785939,0.13351596287195877,0.2818107500919036
E6_acoustic_intermittent,ablation_a2,20001004,1,0,,1,False,False,True,8,8,8,1.0,190.59999999999346,0.07154344275997812,0.25199387132268924,0,94.69274751829288,-0.03374747430313396,2.9990665976374005,0.9996888658791335,0.17082371268270663,0.5781741867785939,0.13351596287195877,0.2818107500919036
E6_acoustic_intermittent,covariance_only,20001004,0,0,,0,False,False,True,8,8,8,1.0,190.59999999999346,0.10099732914258808,0.2971710065632216,0,94.6841377132993,-0.03383532945612966,2.9990525945738082,0.9996841981912694,0.12455164280851301,1.0,0.11361216629996924,0.20891246604456978
E6_acoustic_intermittent,dead_reckoning,20001004,0,0,,0,False,False,True,8,8,8,1.0,190.29999999999347,0.23978193608366455,0.49302894759387605,0,94.53178247054574,-0.035389974790349665,2.999039804398806,0.999679934799602,0.1573810073262624,0.0005254860746190226,0.21407996500709994,0.3103704517338004
E6_acoustic_intermittent,fixed,20001004,0,1,,0,False,False,True,8,8,8,1.0,378.2000000000175,0.1087481823908704,0.31613829139763716,0,94.44422066382818,-0.036283462613998174,2.9996584320138964,0.9998861440046322,0.11316692824794933,0.7281861448968799,0.08356902518176605,0.13428752698543137
E6_acoustic_intermittent,oracle,20001004,0,1,,0,False,False,True,8,8,8,1.0,190.59999999999346,0.0647022918409025,0.2157263817126931,0,95.17965458511614,-0.028779034845753726,1.0379602784673705,0.3459867594891235,0.04113745421200841,0.9868835257082896,0.05636737810607562,0.08704071603463936
E6_acoustic_intermittent,proposed,20001004,1,0,,1,False,False,True,8,8,8,1.0,190.59999999999346,0.07154344275997812,0.25199387132268924,0,94.69274751829288,-0.03374747430313396,2.9990665976374005,0.9996888658791335,0.17082371268270663,0.5781741867785939,0.13351596287195877,0.2818107500919036
E6_acoustic_intermittent,residual_only,20001004,0,0,,0,False,False,True,8,8,8,1.0,190.59999999999346,0.07154344275997812,0.25199387132268924,0,94.69274751829288,-0.03374747430313396,2.9990665976374005,0.9996888658791335,0.17082371268270663,0.5781741867785939,0.13351596287195877,0.2818107500919036
E6_acoustic_intermittent,ablation_a1,20001005,1,0,,1,False,False,True,8,8,8,1.0,190.19999999999348,0.07971133492897055,0.21883030094917189,0,94.50927596376846,-0.035619633022770825,2.9992988705601697,0.9997662901867232,0.0062663634398941424,0.9200841219768665,0.05436555079967947,0.10034641313149839
E6_acoustic_intermittent,ablation_a2,20001005,1,0,,1,False,False,True,8,8,8,1.0,190.19999999999348,0.07971133492897055,0.21883030094917189,0,94.50927596376846,-0.035619633022770825,2.9992988705601697,0.9997662901867232,0.0062663634398941424,0.9200841219768665,0.05436555079967947,0.10034641313149839
E6_acoustic_intermittent,covariance_only,20001005,0,0,,0,False,False,True,8,8,8,1.0,189.8999999999935,0.09381758955412517,0.23591930768105085,0,94.35622095698442,-0.03718141880628145,2.9993879662099903,0.9997959887366634,0.05103047109212358,0.9989468141126909,0.0829559781262436,0.14095394198898675
E6_acoustic_intermittent,dead_reckoning,20001005,0,0,,0,False,False,True,8,8,8,1.0,189.8999999999935,0.07462595127770563,0.37001768875994046,0,94.35783499882929,-0.03716494899153788,2.9993882268158156,0.9997960756052718,0.1468952089848164,0.000526592943654555,0.15193552740839456,0.24308841268671139
E6_acoustic_intermittent,fixed,20001005,0,1,,0,False,False,True,8,8,8,1.0,376.9000000000172,0.10679641581716698,0.32700284546424996,0,93.96429325177324,-0.04118068110435469,3.0002823526460154,1.0000941175486717,0.03994839383525879,0.753780843725126,0.04485604372131456,0.08265714300070161
E6_acoustic_intermittent,oracle,20001005,0,1,,0,False,False,True,8,8,8,1.0,190.09999999999349,0.05936045852132953,0.18380679601952377,0,95.20124242685708,-0.028558750746356387,1.0389547556806331,0.34631825189354437,0.02376512260920307,1.0,0.045926696694247066,0.06640844030481939
E6_acoustic_intermittent,proposed,20001005,1,0,,1,False,False,True,8,8,8,1.0,190.19999999999348,0.07971133492897055,0.21883030094917189,0,94.50927596376846,-0.035619633022770825,2.9992988705601697,0.9997662901867232,0.0062663634398941424,0.9200841219768665,0.05436555079967947,0.10034641313149839
E6_acoustic_intermittent,residual_only,20001005,0,0,,0,False,False,True,8,8,8,1.0,190.19999999999348,0.07971133492897055,0.21883030094917189,0,94.50927596376846,-0.035619633022770825,2.9992988705601697,0.9997662901867232,0.0062663634398941424,0.9200841219768665,0.05436555079967947,0.10034641313149839
E6_acoustic_intermittent,ablation_a1,20001006,1,0,,1,False,False,True,8,8,8,1.0,190.99999999999343,0.07407543377456624,0.19730258533993794,0,95.01670252447349,-0.030441810974760286,2.9995624205890743,0.9998541401963581,0.0889710016310208,0.8680628272251308,0.09121165612814623,0.11749831461070748
E6_acoustic_intermittent,ablation_a2,20001006,1,0,,1,False,False,True,8,8,8,1.0,190.99999999999343,0.07407543377456624,0.19730258533993794,0,95.01670252447349,-0.030441810974760286,2.9995624205890743,0.9998541401963581,0.0889710016310208,0.8680628272251308,0.09121165612814623,0.11749831461070748
E6_acoustic_intermittent,covariance_only,20001006,0,0,,0,False,False,True,8,8,8,1.0,191.19999999999342,0.06115790679899877,0.22079490844676464,0,95.15424766699229,-0.029038289112323534,2.9996053979616275,0.9998684659872091,0.15325765590918441,1.0,0.12045720350354892,0.16809185062601073
E6_acoustic_intermittent,dead_reckoning,20001006,0,0,,0,False,False,True,8,8,8,1.0,191.7999999999934,0.15639795853105914,0.23185500680885918,0,95.4627131531268,-0.025890682110951024,2.9996213787132113,0.9998737929044038,0.2445468499650732,0.0005213764337851929,0.24413853732314086,0.3585486688612849
E6_acoustic_intermittent,fixed,20001006,0,1,,0,False,False,True,8,8,8,1.0,379.70000000001784,0.09172897602534348,0.27708415117576557,0,94.72584866303916,-0.0334097075200086,3.0005818177517263,1.0001939392505754,0.08339139113618488,0.7421648670002634,0.06936547237113014,0.09531683109014395
E6_acoustic_intermittent,oracle,20001006,0,1,,0,False,False,True,8,8,8,1.0,191.5999999999934,0.05483428311825656,0.19997873242570785,0,95.10165234337667,-0.0295749760879932,2.9989531827300935,0.9996510609100312,0.13735452574660387,0.7228601252609603,0.108116989325857,0.15243760055805922
E6_acoustic_intermittent,proposed,20001006,1,0,,1,False,False,True,8,8,8,1.0,190.99999999999343,0.07407543377456624,0.19730258533993794,0,95.01670252447349,-0.030441810974760286,2.9995624205890743,0.9998541401963581,0.0889710016310208,0.8680628272251308,0.09121165612814623,0.11749831461070748
E6_acoustic_intermittent,residual_only,20001006,0,0,,0,False,False,True,8,8,8,1.0,190.99999999999343,0.07407543377456624,0.19730258533993794,0,95.01670252447349,-0.030441810974760286,2.9995624205890743,0.9998541401963581,0.0889710016310208,0.8680628272251308,0.09121165612814623,0.11749831461070748
E6_acoustic_intermittent,ablation_a1,20001007,1,0,,1,False,False,True,8,8,8,1.0,190.39999999999347,0.07126833067673669,0.2325815075333253,0,94.76528211841689,-0.03300732532227657,2.9991058359596776,0.9997019453198925,0.06602568255949201,0.9028361344537815,0.07104438611350858,0.11770256479100458
E6_acoustic_intermittent,ablation_a2,20001007,1,0,,1,False,False,True,8,8,8,1.0,190.39999999999347,0.07126833067673669,0.2325815075333253,0,94.76528211841689,-0.03300732532227657,2.9991058359596776,0.9997019453198925,0.06602568255949201,0.9028361344537815,0.07104438611350858,0.11770256479100458
E6_acoustic_intermittent,covariance_only,20001007,0,0,,0,False,False,True,8,8,8,1.0,190.49999999999346,0.08809892873772651,0.2651889360816764,0,94.8204401170344,-0.0324444886016898,2.9991256117282337,0.9997085372427446,0.07178313768059817,0.9984251968503937,0.09094153079174372,0.1575164732841712
E6_acoustic_intermittent,dead_reckoning,20001007,0,0,,0,False,False,True,8,8,8,1.0,190.59999999999346,0.14423751136283944,0.350687231504915,0,94.87152875329744,-0.031923175986760866,2.9991280395841096,0.9997093465280366,0.14576384963923436,0.0005246589716684155,0.16398205008604758,0.25230299222349506
E6_acoustic_intermittent,fixed,20001007,0,1,,0,False,False,True,8,8,8,1.0,379.80000000001786,0.07585561326174396,0.27032938115324967,0,94.42447499607226,-0.03648494901967081,2.9998139428370645,0.9999379809456882,0.08003152301845215,0.743812532912059,0.0589594255663575,0.10022129090755187
E6_acoustic_intermittent,oracle,20001007,0,0,,0,False,False,True,8,8,8,1.0,190.59999999999346,0.056142034096353995,0.18288919572193318,0,94.97059520298201,-0.030912293847122352,2.0117759115159184,0.6705919705053062,0.05410893338934624,0.7303252885624344,0.07796538886253256,0.14671843153915187
E6_acoustic_intermittent,proposed,20001007,1,0,,1,False,False,True,8,8,8,1.0,190.39999999999347,0.07126833067673669,0.2325815075333253,0,94.76528211841689,-0.03300732532227657,2.9991058359596776,0.9997019453198925,0.06602568255949201,0.9028361344537815,0.07104438611350858,0.11770256479100458
E6_acoustic_intermittent,residual_only,20001007,0,0,,0,False,False,True,8,8,8,1.0,190.39999999999347,0.07126833067673669,0.2325815075333253,0,94.76528211841689,-0.03300732532227657,2.9991058359596776,0.9997019453198925,0.06602568255949201,0.9028361344537815,0.07104438611350858,0.11770256479100458
E6_acoustic_intermittent,ablation_a1,20001008,1,0,,1,False,False,True,8,8,8,1.0,190.39999999999347,0.1238224195435994,0.4067903236575323,0,94.4856298794131,-0.03586091959782556,3.001576282220737,1.0005254274069124,0.22164205085977945,0.4422268907563025,0.1407450997330483,0.23334599417680388
E6_acoustic_intermittent,ablation_a2,20001008,1,0,,1,False,False,True,8,8,8,1.0,190.39999999999347,0.1238224195435994,0.4067903236575323,0,94.4856298794131,-0.03586091959782556,3.001576282220737,1.0005254274069124,0.22164205085977945,0.4422268907563025,0.1407450997330483,0.23334599417680388
E6_acoustic_intermittent,covariance_only,20001008,0,0,,0,False,False,True,8,8,8,1.0,190.39999999999347,0.12176777214118219,0.3388182608794299,0,94.4727186512362,-0.03599266682412039,3.001646902545125,1.0005489675150416,0.16636264257624736,0.9989495798319328,0.14731257059381564,0.25250204283090083
E6_acoustic_intermittent,dead_reckoning,20001008,0,0,,0,False,False,True,8,8,8,1.0,189.9999999999935,0.2863878644201213,0.5697727926642315,0,94.27622468404314,-0.03799770730568219,3.001643152676103,1.000547717558701,0.23499437744672436,0.0005263157894736842,0.2706972123800253,0.3892447102461463
E6_acoustic_intermittent,fixed,20001008,0,1,,0,False,False,True,8,8,8,1.0,378.80000000001763,0.107919514416109,0.3490120115415163,0,94.2266224010666,-0.038503853050340764,3.000364705451285,1.0001215684837617,0.1649589843095374,0.7270327349524816,0.105892652943476,0.17144767531730093
E6_acoustic_intermittent,oracle,20001008,0,1,,0,False,False,True,8,8,8,1.0,190.59999999999346,0.06134936821672277,0.178193939815257,0,95.1419573145065,-0.029163700872382625,1.0408361100704135,0.3469453700234712,0.08951915780485917,1.0,0.07713386901439202,0.14151577515600255
E6_acoustic_intermittent,proposed,20001008,1,0,,1,False,False,True,8,8,8,1.0,190.39999999999347,0.1238224195435994,0.4067903236575323,0,94.4856298794131,-0.03586091959782556,3.001576282220737,1.0005254274069124,0.22164205085977945,0.4422268907563025,0.1407450997330483,0.23334599417680388
E6_acoustic_intermittent,residual_only,20001008,0,0,,0,False,False,True,8,8,8,1.0,190.39999999999347,0.1238224195435994,0.4067903236575323,0,94.4856298794131,-0.03586091959782556,3.001576282220737,1.0005254274069124,0.22164205085977945,0.4422268907563025,0.1407450997330483,0.23334599417680388
E6_acoustic_intermittent,ablation_a1,20001009,1,0,,1,False,False,True,8,8,8,1.0,190.49999999999346,0.07731650021705486,0.20172789393204482,0,94.69079887849469,-0.03376735838270728,2.999964228848144,0.9999880762827146,0.027418394839181213,0.9522309711286089,0.058943389049209115,0.08612531937646685
E6_acoustic_intermittent,ablation_a2,20001009,1,0,,1,False,False,True,8,8,8,1.0,190.49999999999346,0.07731650021705486,0.20172789393204482,0,94.69079887849469,-0.03376735838270728,2.999964228848144,0.9999880762827146,0.027418394839181213,0.9522309711286089,0.058943389049209115,0.08612531937646685
E6_acoustic_intermittent,covariance_only,20001009,0,0,,0,False,False,True,8,8,8,1.0,190.59999999999346,0.08038065476095745,0.21004888035711433,0,94.74879066861718,-0.03317560542227371,2.999986010812695,0.999995336937565,0.059892221922957,0.9994753410283316,0.07691702056852434,0.11204032526890882
E6_acoustic_intermittent,dead_reckoning,20001009,0,0,,0,False,False,True,8,8,8,1.0,190.79999999999345,0.051290396590815954,0.22922465217274812,0,94.84903866344615,-0.0321526666995291,2.9999907037595013,0.9999969012531671,0.09617697784129657,0.0005241090146750524,0.10802861332547825,0.1558496432398707
E6_acoustic_intermittent,fixed,20001009,0,1,,0,False,False,True,8,8,8,1.0,379.0000000000177,0.09165074665817205,0.25911905797505597,0,94.34064538351846,-0.037340353229403433,3.0002346367962103,1.0000782122654035,0.020872105825902727,0.7577836411609499,0.03467642936363747,0.057242002341153966
E6_acoustic_intermittent,oracle,20001009,0,1,,0,False,False,True,8,8,8,1.0,190.89999999999344,0.06439938190376625,0.2358230954938687,0,94.8604190176045,-0.032036540636688815,2.0100981665052378,0.6700327221684126,0.02774364903728161,0.9434258774227344,0.05536509244151489,0.08184382253142244
E6_acoustic_intermittent,proposed,20001009,1,0,,1,False,False,True,8,8,8,1.0,190.49999999999346,0.07731650021705486,0.20172789393204482,0,94.69079887849469,-0.03376735838270728,2.999964228848144,0.9999880762827146,0.027418394839181213,0.9522309711286089,0.058943389049209115,0.08612531937646685
E6_acoustic_intermittent,residual_only,20001009,0,0,,0,False,False,True,8,8,8,1.0,190.49999999999346,0.07731650021705486,0.20172789393204482,0,94.69079887849469,-0.03376735838270728,2.999964228848144,0.9999880762827146,0.027418394839181213,0.9522309711286089,0.058943389049209115,0.08612531937646685
E7_compound,ablation_a1,20001000,6,1,0.5000000000001634,4,False,False,False,3,3,8,0.375,400.00000000002245,74.308275293776,145.06020776625599,2503,198.9182049017939,1.0297776010387132,3.001898822903555,1.0006329409678516,13.923089766509587,0.07175,11.775146741996446,13.902004674765376
E7_compound,ablation_a2,20001000,6,2,0.5000000000001634,4,False,False,False,3,3,8,0.375,400.00000000002245,72.18366873934012,142.6411357016931,2453,200.2289170349813,1.0431522146426664,2.7912476066037044,0.9304158688679015,1.8609403496218524,0.08975,4.153979689298977,10.150448213838047
E7_compound,covariance_only,20001000,0,0,,0,False,False,False,3,4,8,0.5,400.00000000002245,82.02643031821239,153.56941396391244,2676,199.04814062675686,1.0311034757832331,3.002628318906852,1.000876106302284,2.4506680350690138,0.0925,1.365712101257271,2.344890653501943
E7_compound,dead_reckoning,20001000,0,0,,0,False,False,False,3,4,8,0.5,400.00000000002245,80.80463969232306,151.96264945310566,2664,199.02564267500466,1.0308739048469864,3.002992789623552,1.0009975965411841,5.194158799859494,0.00025,3.941276497726894,5.6723002142737835
E7_compound,fixed,20001000,0,1,,0,False,False,False,1,2,8,0.25,400.00000000002245,42.33190887214394,78.90265369973721,2352,100.23843252698398,0.02284114823453054,3.001555699412783,1.0005185664709277,0.8124284286251156,0.08225,1.386705919299906,3.3261492702417903
E7_compound,oracle,20001000,0,1,,0,False,False,True,8,8,8,1.0,374.10000000001656,0.18349299106162537,1.0044581621413613,0,93.3574079378045,-0.047373388389750026,2.9989744658760054,0.9996581552920017,0.4773409939741961,0.08286554397219995,0.5409798985548738,1.2425361501982355
E7_compound,proposed,20001000,6,2,0.5000000000001634,4,True,True,False,3,3,8,0.375,400.00000000002245,11.671623135865762,12.894983198827367,2771,125.8191757164544,0.28386913996382046,28.91019289051482,9.63673096350494,0.029537084143974088,0.09425,4.0708091443369225,10.150448213838047
E7_compound,residual_only,20001000,0,185,,0,False,False,False,3,3,8,0.375,400.00000000002245,74.308275293776,145.06020776625599,2503,198.9182049017939,1.0297776010387132,3.001898822903555,1.0006329409678516,13.923089766509587,0.07175,11.775146741996446,13.902004674765376
E7_compound,ablation_a1,20001001,6,1,0.5000000000001634,4,False,False,False,3,3,8,0.375,400.00000000002245,74.88784775312148,146.14170409980548,2523,199.6859789511309,1.0376120301135807,3.0027920364292466,1.000930678809749,1.7791679226749533,0.09175,4.093669137464803,9.479722489900263
E7_compound,ablation_a2,20001001,6,2,0.5000000000001634,4,False,False,False,3,3,8,0.375,400.00000000002245,74.58562997127484,145.77539681532343,2517,200.14847023366212,1.0423313289149196,2.7847035307006864,0.9282345102335622,1.2565394269908483,0.10025,3.475167204582923,8.481459603225627
E7_compound,covariance_only,20001001,0,0,,0,False,False,False,3,4,8,0.5,400.00000000002245,82.56121139697373,154.4305600345844,2690,199.78225929809892,1.0385944826336626,3.002645141299039,1.0008817137663464,1.794003837294556,0.09225,1.310744509044104,2.3409592008735096
E7_compound,dead_reckoning,20001001,0,0,,0,False,False,False,3,4,8,0.5,400.00000000002245,80.39023610100601,151.6880317629785,2678,199.7440922822269,1.0382050232880293,3.002608436604568,1.0008694788681893,4.083265578415333,0.00025,4.339190895756578,8.92461297504059
E7_compound,fixed,20001001,0,1,,0,False,False,False,1,2,8,0.25,400.00000000002245,43.083891095537815,79.63107183559079,2390,99.79881530575604,0.018355258222000348,2.9966092425398654,0.9988697475132885,0.5270121319590875,0.0815,0.7132121522384295,1.553239674017618
E7_compound,oracle,20001001,0,1,,0,False,False,False,8,7,8,0.875,184.7999999999938,0.7952510304084411,2.420090140009692,0,91.83637684551448,-0.06289411382128085,2.995278989649687,0.998426329883229,0.2298307457184882,0.09199134199134198,0.9611110280748733,2.653898826484406
E7_compound,proposed,20001001,6,2,0.5000000000001634,4,True,True,False,3,3,8,0.375,400.00000000002245,10.091140367370047,11.295963032123046,2763,125.72140496936355,0.28287147927921996,28.78418512610683,9.594728375368943,0.030429323445891093,0.103,3.4285393876447796,8.481459603225627
E7_compound,residual_only,20001001,0,185,,0,False,False,False,3,3,8,0.375,400.00000000002245,74.88784775312148,146.14170409980548,2523,199.6859789511309,1.0376120301135807,3.0027920364292466,1.000930678809749,1.7791679226749533,0.09175,4.093669137464803,9.479722489900263
E7_compound,ablation_a1,20001002,6,1,0.5000000000001634,4,False,False,False,3,4,8,0.5,400.00000000002245,82.62548559286328,154.5296300257937,2698,200.1192556781202,1.0420332212053083,3.0013345916800214,1.0004448638933405,1.9787572356316976,0.0905,2.0953640200160515,4.204826483334671
E7_compound,ablation_a2,20001002,6,2,0.5000000000001634,4,False,False,False,3,4,8,0.5,400.00000000002245,83.00168049531693,155.09702646471712,2695,201.29267788284898,1.0540069171719284,2.813247983104813,0.9377493277016044,0.2911123834842332,0.10125,0.8232446317107127,1.986311346595444
E7_compound,covariance_only,20001002,0,0,,0,False,False,False,4,4,8,0.5,400.00000000002245,77.44333147938198,147.25021220214325,2406,200.23489692403044,1.043213233918678,3.0000448605376593,1.000014953512553,3.94467874442468,0.08875,3.2694803815096423,3.9404850212140183
E7_compound,dead_reckoning,20001002,0,0,,0,False,False,False,4,4,8,0.5,400.00000000002245,67.42845263678915,134.62639881279006,2155,200.13853810534744,1.0422299806668107,3.0013461704380444,1.0004487234793482,1.1740225170907845,0.00025,4.014974425374317,10.943736532964172
E7_compound,fixed,20001002,0,1,,0,False,False,False,1,2,8,0.25,400.00000000002245,42.54457672591328,79.13449389506842,2358,99.61804746136217,0.016510688381246696,3.0019411216132643,1.0006470405377548,0.1723641715179396,0.08225,0.9762437930957819,2.3410109931762326
E7_compound,oracle,20001002,0,1,,0,False,False,True,8,8,8,1.0,192.39999999999336,0.23711809861424127,1.050350183180623,0,95.85977387572976,-0.021839042084390248,2.0068466091243207,0.6689488697081069,0.07190554503882435,0.16372141372141372,0.41965335932429004,1.1549078990511787
E7_compound,proposed,20001002,6,2,0.5000000000001634,4,False,False,False,3,4,8,0.5,400.00000000002245,83.00168049531693,155.09702646471712,2695,201.29267788284898,1.0540069171719284,2.813247983104813,0.9377493277016044,0.2911123834842332,0.10125,0.8232446317107127,1.986311346595444
E7_compound,residual_only,20001002,0,185,,0,False,False,False,3,4,8,0.5,400.00000000002245,82.62548559286328,154.5296300257937,2698,200.1192556781202,1.0420332212053083,3.0013345916800214,1.0004448638933405,1.9787572356316976,0.0905,2.0953640200160515,4.204826483334671
E7_compound,ablation_a1,20001003,6,1,0.5000000000001634,4,False,False,False,3,4,8,0.5,400.00000000002245,75.37763307446635,143.60169676997836,2411,199.431540072866,1.0350157150292447,2.997304290207442,0.9991014300691473,41.62987103602393,0.078,34.56807218164342,41.52817954712816
E7_compound,ablation_a2,20001003,6,2,0.5000000000001634,4,False,False,False,3,4,8,0.5,400.00000000002245,75.11609566550419,146.36075250229445,2522,201.18938952433692,1.0529529543299687,2.7887956325181067,0.9295985441727023,1.3178452951169195,0.09675,3.652937456625896,8.72055925506345
E7_compound,covariance_only,20001003,0,0,,0,False,False,False,5,6,8,0.75,400.00000000002245,65.55334124316713,130.26228158090035,2202,199.65204589807914,1.0372657744701952,2.997143671085233,0.9990478903617444,2.2957121685804185,0.09125,1.523889058384012,2.3781177465294117
E7_compound,dead_reckoning,20001003,0,0,,0,False,False,False,5,5,8,0.625,400.00000000002245,63.89371258035979,129.63756233117795,2189,199.6044369471805,1.0367799688487804,2.997236287462235,0.9990787624874117,4.400057635026793,0.00025,3.383829933626303,4.398271665268983
E7_compound,fixed,20001003,0,1,,0,False,False,False,1,2,8,0.25,400.00000000002245,43.375955112744386,80.176262198018,2403,100.40510376245317,0.024541875127073176,2.99774826969853,0.9992494232328433,0.5732004560723248,0.08475,0.5435875205550893,1.3567873583305414
E7_compound,oracle,20001003,0,1,,0,False,False,True,8,8,8,1.0,188.79999999999356,0.33561902798227844,1.3543748755090597,0,93.82311359865892,-0.04262128980960289,2.997824748329918,0.9992749161099727,0.14630309464957963,0.12976694915254236,0.4395837363274974,1.1904985985802734
E7_compound,proposed,20001003,6,2,0.5000000000001634,4,True,True,False,3,4,8,0.5,400.00000000002245,10.136336102543916,11.273942194392133,2762,126.25252637220886,0.2882910854307026,28.757760112919105,9.585920037639701,0.024841023356967022,0.098,3.6070234829207957,8.72055925506345
E7_compound,residual_only,20001003,0,185,,0,False,False,False,3,4,8,0.5,400.00000000002245,75.37763307446635,143.60169676997836,2411,199.431540072866,1.0350157150292447,2.997304290207442,0.9991014300691473,41.62987103602393,0.078,34.56807218164342,41.52817954712816
E7_compound,ablation_a1,20001004,4,1,0.5000000000001634,2,False,False,False,8,4,8,0.5,344.0000000000097,53.129679795616944,74.63409915023384,2028,171.02029563179028,0.7451050574672478,3.0009927861850847,1.0003309287283615,74.91590076647117,0.08953488372093023,61.16139294768433,75.02239576756125
E7_compound,ablation_a2,20001004,6,2,0.5000000000001634,4,False,False,False,3,4,8,0.5,400.00000000002245,75.77051592189027,147.2318015804457,2544,200.52460962560107,1.046169485975521,2.8110879584835198,0.9370293194945066,1.6002186014735764,0.09375,2.9199733608793856,6.40020192977462
E7_compound,covariance_only,20001004,0,0,,0,False,False,False,3,3,8,0.375,400.00000000002245,80.34534305199543,152.40828845939808,2648,199.20287547518478,1.0326824028080082,3.0000954703391476,1.0000318234463825,1.66263848168164,0.09325,1.4858013155248158,3.15762124415079
E7_compound,dead_reckoning,20001004,0,0,,0,False,False,False,3,4,8,0.5,400.00000000002245,78.23536737983353,149.13522053940844,2648,199.10961456847792,1.0317307609028359,3.000595405545414,1.000198468515138,4.324795863765181,0.00025,4.235376394189272,9.27674295150452
E7_compound,fixed,20001004,0,1,,0,False,False,False,1,2,8,0.25,400.00000000002245,43.14287903965388,79.7542365998352,2397,99.99964432833441,0.020404533962596005,3.000241689039929,1.0000805630133096,0.6780293177521878,0.0815,0.6633559593834696,1.5109862979042208
E7_compound,oracle,20001004,0,1,,0,False,False,True,8,8,8,1.0,192.39999999999336,0.7340072606226526,3.0695263857033135,0,95.65455827165161,-0.023933078860697843,3.00158765333169,1.00052921777723,0.1846689347609408,0.0971933471933472,0.9263469587323537,2.5898194759136755
E7_compound,proposed,20001004,6,2,0.5000000000001634,4,False,False,False,3,4,8,0.5,400.00000000002245,75.77051592189027,147.2318015804457,2544,200.52460962560107,1.046169485975521,2.8110879584835198,0.9370293194945066,1.6002186014735764,0.09375,2.9199733608793856,6.40020192977462
E7_compound,residual_only,20001004,0,157,,0,False,False,False,8,4,8,0.5,344.0000000000097,53.129679795616944,74.63409915023384,2028,171.02029563179028,0.7451050574672478,3.0009927861850847,1.0003309287283615,74.91590076647117,0.08953488372093023,61.16139294768433,75.02239576756125
E7_compound,ablation_a1,20001005,6,1,0.5000000000001634,4,False,False,False,4,5,8,0.625,400.00000000002245,78.48382667264231,148.34730312160028,2419,199.80257929691584,1.0388018295603656,3.0015701111548005,1.0005233703849334,12.894994337531928,0.08475,10.78742136353085,12.894845952479745
E7_compound,ablation_a2,20001005,6,2,0.5000000000001634,4,False,False,False,4,4,8,0.5,400.00000000002245,77.88550617062559,149.42912313200873,2453,199.95841691666752,1.04039200935375,2.809812908632149,0.936604302877383,0.6462539764418227,0.1005,1.060799304571865,2.230556153389665
E7_compound,covariance_only,20001005,0,0,,0,False,False,False,4,5,8,0.625,400.00000000002245,78.86708003860362,148.60523361829533,2434,199.89767607566705,1.0397722048537452,3.0016908871411454,1.0005636290470485,3.5293406593620085,0.08875,2.988432361155289,3.7050341422467437
E7_compound,dead_reckoning,20001005,0,0,,0,False,False,False,4,4,8,0.5,400.00000000002245,74.42118217832278,143.9828748463644,2345,199.6879202172293,1.0376318389513193,3.0016718510897813,1.0005572836965937,2.2694979148876735,0.00025,3.097461657964588,7.076992261971301
E7_compound,fixed,20001005,0,1,,0,False,False,True,8,8,8,1.0,373.20000000001636,0.28868523282876823,1.3142922536844006,0,93.09594158555818,-0.05004141239226345,2.999376516253332,0.9997921720844439,0.06623456491465869,0.08467309753483387,0.26135786009953405,0.49239032910067954
E7_compound,oracle,20001005,0,1,,0,False,False,True,8,8,8,1.0,373.10000000001634,0.28536801114632077,1.3018058795839735,0,93.0556917129037,-0.05045212537853372,3.0001987811606474,1.0000662603868824,0.06910056115528235,0.08764406325381935,0.25967057092277607,0.4933825077682345
E7_compound,proposed,20001005,6,2,0.5000000000001634,4,False,False,False,4,4,8,0.5,400.00000000002245,77.88550617062559,149.42912313200873,2453,199.95841691666752,1.04039200935375,2.809812908632149,0.936604302877383,0.6462539764418227,0.1005,1.060799304571865,2.230556153389665
E7_compound,residual_only,20001005,0,185,,0,False,False,False,4,5,8,0.625,400.00000000002245,78.48382667264231,148.34730312160028,2419,199.80257929691584,1.0388018295603656,3.0015701111548005,1.0005233703849334,12.894994337531928,0.08475,10.78742136353085,12.894845952479745
E7_compound,ablation_a1,20001006,6,1,0.5000000000001634,4,False,False,False,3,3,8,0.375,400.00000000002245,76.5569611548629,148.11761230586947,2570,199.1927425177344,1.032579005283004,2.9995305811298922,0.9998435270432974,1.4375880531336813,0.091,2.8923697158661703,6.7634098959761975
E7_compound,ablation_a2,20001006,6,2,0.5000000000001634,4,False,False,False,3,4,8,0.5,400.00000000002245,80.57086124752925,152.4609956837016,2650,200.88296873618077,1.0498262115936812,2.8097606361190035,0.9365868787063345,0.9582018702671167,0.09925,1.6979964079624403,3.7545818671316704
E7_compound,covariance_only,20001006,0,0,,0,False,False,False,3,4,8,0.5,400.00000000002245,81.38325391777045,153.0132167996882,2666,199.25532657582846,1.0332176181206987,2.999558055923021,0.9998526853076736,0.9217524382354108,0.09325,0.9980199061302432,2.5158441755866927
E7_compound,dead_reckoning,20001006,0,0,,0,False,False,False,3,4,8,0.5,400.00000000002245,81.43211038621722,152.6514322536242,2676,199.25194994878132,1.0331831627426666,2.999664922813889,0.9998883076046297,5.442468953481461,0.00025,5.198548692062638,7.963170105127808
E7_compound,fixed,20001006,0,1,,0,False,False,True,8,8,8,1.0,375.2000000000168,0.40157766342583556,1.8058608325243313,0,93.44114096991737,-0.04651896969472069,2.996887320566433,0.998962440188811,0.10504504562712894,0.08635394456289978,0.3769181359652197,0.7328395974758515
E7_compound,oracle,20001006,0,1,,0,False,False,True,8,8,8,1.0,187.8999999999936,0.27845258977727566,0.8393195251768173,0,93.37789283868916,-0.04716435878888614,2.9990366786283493,0.9996788928761164,0.13681214475185027,0.09579563597658329,0.44479078124833993,1.1861218657508057
E7_compound,proposed,20001006,6,2,0.5000000000001634,4,False,False,False,3,4,8,0.5,400.00000000002245,80.57086124752925,152.4609956837016,2650,200.88296873618077,1.0498262115936812,2.8097606361190035,0.9365868787063345,0.9582018702671167,0.09925,1.6979964079624403,3.7545818671316704
E7_compound,residual_only,20001006,0,185,,0,False,False,False,3,3,8,0.375,400.00000000002245,76.5569611548629,148.11761230586947,2570,199.1927425177344,1.032579005283004,2.9995305811298922,0.9998435270432974,1.4375880531336813,0.091,2.8923697158661703,6.7634098959761975
E7_compound,ablation_a1,20001007,6,1,0.5000000000001634,4,False,False,False,3,4,8,0.5,400.00000000002245,76.05072136149853,147.61423815158318,2553,200.04740257432417,1.041300026268614,3.001089387130769,1.0003631290435897,1.0147096481528308,0.09075,2.919447076806896,7.210758639713401
E7_compound,ablation_a2,20001007,6,2,0.5000000000001634,4,False,False,False,3,4,8,0.5,400.00000000002245,77.83686260078271,149.96218774691175,2596,200.48776105510652,1.0457934801541482,2.811469885585846,0.9371566285286154,0.9256808191457399,0.09825,2.080048052374092,4.759249404587864
E7_compound,covariance_only,20001007,0,0,,0,False,False,False,3,4,8,0.5,400.00000000002245,82.7492712895858,154.7228820089258,2691,200.326057020568,1.0441434389853876,3.001683286863803,1.0005610956212676,0.9249234286692007,0.0925,0.7713111316444011,1.458668608114852
E7_compound,dead_reckoning,20001007,0,0,,0,False,False,False,3,4,8,0.5,400.00000000002245,81.97505017037435,153.7294463650235,2690,200.32519543636994,1.0441346473098974,3.0015351877916263,1.0005117292638754,2.915037974274876,0.00025,3.1608859077488094,7.0678880524871825
E7_compound,fixed,20001007,0,1,,0,False,False,False,1,2,8,0.25,400.00000000002245,42.68690094638011,79.21861847492109,2374,100.09534839278946,0.021381106048872,3.00400714960358,1.0013357165345267,0.4164509740120501,0.0835,1.0930079702646531,2.660474094642303
E7_compound,oracle,20001007,0,1,,0,False,False,True,8,8,8,1.0,376.8000000000172,0.199558961352477,0.6294702560723788,0,93.77071506142465,-0.04315596876097294,3.0018826559666256,1.0006275519888752,0.18917453092868047,0.08492569002123142,0.43438982715396063,0.5261936168458509
E7_compound,proposed,20001007,6,2,0.5000000000001634,4,False,False,False,3,4,8,0.5,400.00000000002245,77.83686260078271,149.96218774691175,2596,200.48776105510652,1.0457934801541482,2.811469885585846,0.9371566285286154,0.9256808191457399,0.09825,2.080048052374092,4.759249404587864
E7_compound,residual_only,20001007,0,185,,0,False,False,False,3,4,8,0.5,400.00000000002245,76.05072136149853,147.61423815158318,2553,200.04740257432417,1.041300026268614,3.001089387130769,1.0003631290435897,1.0147096481528308,0.09075,2.919447076806896,7.210758639713401
E7_compound,ablation_a1,20001008,6,1,0.5000000000001634,4,False,False,False,3,5,8,0.625,400.00000000002245,74.11938920897569,144.98197625259266,2504,199.37122664826225,1.0344002719210432,2.9997836244676948,0.999927874822565,9.17029773367339,0.065,8.448454517669276,13.921036574558558
E7_compound,ablation_a2,20001008,6,2,0.5000000000001634,4,False,False,False,3,4,8,0.5,400.00000000002245,76.47494431203457,148.12906391267367,2563,200.48559294859518,1.0457713566183182,2.8100552455025847,0.9366850818341949,1.988574547883774,0.08125,2.6864099519294133,6.080665014238131
E7_compound,covariance_only,20001008,0,0,,0,False,False,True,8,8,8,1.0,184.29999999999382,0.27650808349810324,1.5652707709782376,0,91.74562223540654,-0.0638201812713618,2.998666845521444,0.9995556151738146,0.466694394123202,0.19099294628323385,0.748181922226602,1.8410289933755524
E7_compound,dead_reckoning,20001008,0,0,,0,False,False,False,6,7,8,0.875,400.00000000002245,62.0463352472786,123.74842520600112,2056,199.71672072183486,1.037925721651376,3.000188474284683,1.000062824761561,5.183740594518364,0.00025,3.2929682731656187,4.998333265112477
E7_compound,fixed,20001008,0,1,,0,False,False,False,1,2,8,0.25,400.00000000002245,43.16890037613449,79.82784267303717,2394,100.02139680620837,0.020626498022534356,2.9990610793947456,0.9996870264649153,0.7804564102796806,0.0785,0.6298824458401284,1.4135302154297094
E7_compound,oracle,20001008,0,1,,0,False,False,False,1,4,8,0.5,400.00000000002245,25.215715569078963,55.27143868851959,1415,101.06910899726397,0.03131743874759141,1.015981981383044,0.3386606604610147,0.02851158646640768,0.7285,25.775419311496844,73.64133763246224
E7_compound,proposed,20001008,6,2,0.5000000000001634,4,False,False,False,3,4,8,0.5,400.00000000002245,76.47494431203457,148.12906391267367,2563,200.48559294859518,1.0457713566183182,2.8100552455025847,0.9366850818341949,1.988574547883774,0.08125,2.6864099519294133,6.080665014238131
E7_compound,residual_only,20001008,0,185,,0,False,False,False,3,5,8,0.625,400.00000000002245,74.11938920897569,144.98197625259266,2504,199.37122664826225,1.0344002719210432,2.9997836244676948,0.999927874822565,9.17029773367339,0.065,8.448454517669276,13.921036574558558
E7_compound,ablation_a1,20001009,6,1,0.5000000000001634,4,False,False,False,3,3,8,0.375,400.00000000002245,80.7450187982923,153.41314511257758,2669,199.8051803457172,1.0388283708746653,2.9973625738139154,0.9991208579379718,0.9734536521663201,0.09125,1.8385980788396055,4.012251415397196
E7_compound,ablation_a2,20001009,6,2,0.5000000000001634,4,False,False,True,8,8,8,1.0,186.99999999999366,0.39914705215224533,1.4072243417262351,0,93.87542326853377,-0.04208751766802277,2.5924394951534846,0.8641464983844949,0.04790858153362956,0.18288770053475936,0.44349651186147676,1.184668293436137
E7_compound,covariance_only,20001009,0,0,,0,False,False,False,3,4,8,0.5,400.00000000002245,82.39368463690433,154.5294461482506,2687,199.94541631999786,1.0402593502040598,2.9975759961824404,0.9991919987274801,0.7470392675412008,0.09275,1.3095576667956195,3.094624557460546
E7_compound,dead_reckoning,20001009,0,0,,0,False,False,False,5,6,8,0.75,400.00000000002245,65.62806993415616,130.36913760988423,2210,199.48042954082646,1.0355145871512903,2.9974241097119485,0.9991413699039828,2.2260516127751333,0.00025,1.919919586206158,2.529078194391663
E7_compound,fixed,20001009,0,1,,0,False,False,True,8,8,8,1.0,385.40000000001913,0.08586441537439109,0.26723912139802053,0,96.03733615856426,-0.02002718205546672,3.0017431575599924,1.0005810525199974,0.01424863169148136,0.08588479501816294,0.17893492917625525,0.45998861702280236
E7_compound,oracle,20001009,0,1,,0,False,False,True,8,8,8,1.0,385.40000000001913,0.08586441537439109,0.26723912139802053,0,96.03733615856426,-0.02002718205546672,3.0017431575599924,1.0005810525199974,0.01424863169148136,0.08588479501816294,0.17893492917625525,0.45998861702280236
E7_compound,proposed,20001009,6,2,0.5000000000001634,4,False,False,True,8,8,8,1.0,186.99999999999366,0.39914705215224533,1.4072243417262351,0,93.87542326853377,-0.04208751766802277,2.5924394951534846,0.8641464983844949,0.04790858153362956,0.18288770053475936,0.44349651186147676,1.184668293436137
E7_compound,residual_only,20001009,0,185,,0,False,False,False,3,3,8,0.375,400.00000000002245,80.7450187982923,153.41314511257758,2669,199.8051803457172,1.0388283708746653,2.9973625738139154,0.9991208579379718,0.9734536521663201,0.09125,1.8385980788396055,4.012251415397196
E8_turbid_dvl_loss,ablation_a1,20001000,6,1,0.5000000000003766,5,False,False,False,5,5,8,0.625,400.00000000002245,62.92215633267639,126.48259090182047,2128,199.6297662590502,1.037038431214798,2.998883560780811,0.9996278535936036,1.2249461770176981,0.07575,1.552262422700112,3.6419402293530148
E8_turbid_dvl_loss,ablation_a2,20001000,6,0,0.5000000000003766,5,False,False,True,8,8,8,1.0,190.59999999999346,0.11940765922985046,0.36898419588601605,0,94.56453759210217,-0.03505573885610036,3.0022568903563895,1.0007522967854632,0.14612628074327375,0.14742917103882477,0.15815187867134445,0.3218292490515403
E8_turbid_dvl_loss,covariance_only,20001000,0,0,,0,False,False,False,6,7,8,0.875,400.00000000002245,60.79828420760952,121.19488744595473,2001,199.67582835314792,1.037508452583142,2.998903472490739,0.9996344908302462,2.383140531844333,0.08175,1.2790390772346036,2.2151627203582125
E8_turbid_dvl_loss,dead_reckoning,20001000,0,0,,0,False,False,False,5,6,8,0.75,400.00000000002245,62.372514254946324,126.21085953044928,2119,199.69764100551401,1.0377310306685104,2.998712579665735,0.9995708598885783,5.973235422830335,0.00025,4.166445972411694,5.809275849781438
E8_turbid_dvl_loss,fixed,20001000,0,1,,0,False,False,True,8,8,8,1.0,382.30000000001843,0.08018818592556519,0.2772684987256291,0,95.1065844378364,-0.02952464859350612,2.9985188919658166,0.9995062973219389,0.19189627570165713,0.07690295579387915,0.1383058028041598,0.2494662511630306
E8_turbid_dvl_loss,oracle,20001000,0,1,,0,False,False,True,8,8,8,1.0,379.0000000000177,0.07374265214567385,0.24582255713692192,0,94.99739549302716,-0.030638821499722857,2.006482016017216,0.6688273386724054,0.19082453281423767,0.2287598944591029,0.15051881907147827,0.2426991735043035
E8_turbid_dvl_loss,proposed,20001000,6,0,0.5000000000003766,5,False,False,True,8,8,8,1.0,190.59999999999346,0.11940765922985046,0.36898419588601605,0,94.56453759210217,-0.03505573885610036,3.0022568903563895,1.0007522967854632,0.14612628074327375,0.14742917103882477,0.15815187867134445,0.3218292490515403
E8_turbid_dvl_loss,residual_only,20001000,0,181,,0,False,False,False,3,4,8,0.5,400.00000000002245,81.41173876583854,152.72864101179488,2684,199.5637895426289,1.0363651994145808,3.0018642953633696,1.00062143178779,6.649163050603294,0.103,5.061159656071087,6.625753469875664
E8_turbid_dvl_loss,ablation_a1,20001001,6,1,0.5000000000003766,5,False,False,False,4,6,8,0.75,400.00000000002245,77.8477637942642,146.71659354871392,2392,199.5285117419984,1.0360052218571263,3.0007535580895683,1.0002511860298562,5.343659186418933,0.07375,4.09403383364685,5.528544813593706
E8_turbid_dvl_loss,ablation_a2,20001001,6,0,0.5000000000003766,5,False,False,True,8,8,8,1.0,189.9999999999935,0.10900331229904178,0.359037560019992,0,94.47102648021108,-0.03600993387539719,2.9991736287888644,0.9997245429296214,0.17414735618869737,0.14947368421052631,0.13903363116064252,0.24993306409744376
E8_turbid_dvl_loss,covariance_only,20001001,0,0,,0,False,False,False,4,6,8,0.75,400.00000000002245,78.32990467835417,147.40184404872605,2406,199.52168248283542,1.0359355355391369,3.0008061523767866,1.0002687174589289,5.275784957924545,0.0755,3.9984781233441593,5.272744711800297
E8_turbid_dvl_loss,dead_reckoning,20001001,0,0,,0,False,False,False,3,4,8,0.5,400.00000000002245,79.4194922107519,150.1701090487204,2674,199.35849733766267,1.0342703809965577,2.9989801641094487,0.9996600547031496,1.3419685052063022,0.00025,3.3434559342916077,8.575189605813879
E8_turbid_dvl_loss,fixed,20001001,0,1,,0,False,False,True,8,8,8,1.0,380.9000000000181,0.09666939915628409,0.24270299761047065,0,94.79085778414398,-0.032746349141387965,3.002112361991842,1.0007041206639473,0.12227630367692345,0.07561039642950906,0.1284897242057791,0.21042694190335698
E8_turbid_dvl_loss,oracle,20001001,0,1,,0,False,False,True,8,8,8,1.0,378.90000000001766,0.0606348970636247,0.2806128177735996,0,94.49654741887022,-0.035749516133977366,2.998629823520508,0.999543274506836,0.10436397418973821,0.04645025072578517,0.09513712310852737,0.17941275829372486
E8_turbid_dvl_loss,proposed,20001001,6,0,0.5000000000003766,5,False,False,True,8,8,8,1.0,189.9999999999935,0.10900331229904178,0.359037560019992,0,94.47102648021108,-0.03600993387539719,2.9991736287888644,0.9997245429296214,0.17414735618869737,0.14947368421052631,0.13903363116064252,0.24993306409744376
E8_turbid_dvl_loss,residual_only,20001001,0,182,,0,False,False,False,5,6,8,0.75,400.00000000002245,63.9622398611863,127.25422741192249,2145,199.61968684628016,1.0369355800640832,2.9990293726261052,0.999676457542035,1.604805376960546,0.10425,1.1138696700358723,2.376205603932484
E8_turbid_dvl_loss,ablation_a1,20001002,6,1,0.5000000000003766,5,False,False,False,5,6,8,0.75,400.00000000002245,65.8050483962168,130.2413903722054,2205,199.68749358770873,1.0376274855888648,3.0003953108888632,1.0001317702962877,0.14844647335842034,0.0795,0.7912292644661356,1.8141358416020763
E8_turbid_dvl_loss,ablation_a2,20001002,6,0,0.5000000000003766,5,False,False,True,8,8,8,1.0,190.99999999999343,0.07328388861705734,0.25688318102259844,0,94.99562901638033,-0.030656846771629276,2.9937242866717413,0.9979080955572471,0.0506900486479056,0.15549738219895287,0.09971719419563274,0.1813384170385522
E8_turbid_dvl_loss,covariance_only,20001002,0,0,,0,False,False,True,8,8,8,1.0,192.59999999999334,0.19058807217261797,0.6919323068672671,0,95.8982199099534,-0.02144673561272048,3.0029638467830773,1.0009879489276925,0.2072917766797566,0.16355140186915887,0.5796734341436268,1.1646791060692925
E8_turbid_dvl_loss,dead_reckoning,20001002,0,0,,0,False,False,False,5,6,8,0.75,400.00000000002245,65.24874356207404,129.46900748109226,2189,199.72971550124385,1.0380583214412638,3.0005127386303156,1.000170912876772,0.6351425602858132,0.00025,0.9785841228857285,2.020678234911425
E8_turbid_dvl_loss,fixed,20001002,0,1,,0,False,False,True,8,8,8,1.0,380.1000000000179,0.09124162959891474,0.2689852472770107,0,94.65097222892489,-0.034173752766072596,2.996881136975045,0.9989603789916818,0.079389343390497,0.07840042094185741,0.08268100863820475,0.1650780608047541
E8_turbid_dvl_loss,oracle,20001002,0,1,,0,False,False,True,8,8,8,1.0,191.29999999999342,0.05830403381737462,0.16499207011282913,0,95.38474120352242,-0.026686314249771192,2.0128434227403464,0.6709478075801155,0.0653689951468373,0.1411395713538944,0.12687561372873066,0.24056326767451938
E8_turbid_dvl_loss,proposed,20001002,6,0,0.5000000000003766,5,False,False,True,8,8,8,1.0,190.99999999999343,0.07328388861705734,0.25688318102259844,0,94.99562901638033,-0.030656846771629276,2.9937242866717413,0.9979080955572471,0.0506900486479056,0.15549738219895287,0.09971719419563274,0.1813384170385522
E8_turbid_dvl_loss,residual_only,20001002,0,77,,0,False,False,True,8,8,8,1.0,189.49999999999352,0.16507567996504366,0.4455486280043566,0,94.3293972727208,-0.03745512987019595,3.002961009119831,1.0009870030399437,0.1851564061441751,0.21688654353562006,0.3051535679164462,0.5635737979068045
E8_turbid_dvl_loss,ablation_a1,20001003,6,1,0.5000000000003766,5,False,False,False,4,5,8,0.625,400.00000000002245,76.37424548697524,145.0775958524979,2340,199.3595078221515,1.0342806920627705,2.9991653071552684,0.9997217690517561,18.95486968052833,0.07325,14.910920194570497,18.907437509113386
E8_turbid_dvl_loss,ablation_a2,20001003,6,0,0.5000000000003766,5,False,False,True,8,8,8,1.0,191.09999999999343,0.04770758780565328,0.149361185384576,0,95.08761878739693,-0.029718175638806743,3.002033530138822,1.0006778433796073,0.12011560653462605,0.14861329147043434,0.11709783917397501,0.2100341942012754
E8_turbid_dvl_loss,covariance_only,20001003,0,0,,0,False,False,True,8,8,8,1.0,185.29999999999376,0.3283298332066469,1.3354349661957876,0,92.03209135721127,-0.06089702696723187,2.9989378565651483,0.9996459521883828,0.3150803500327538,0.1645979492714517,0.6322604021144058,1.3982451524582944
E8_turbid_dvl_loss,dead_reckoning,20001003,0,0,,0,False,False,False,4,3,8,0.375,400.00000000002245,74.66974617106936,145.469594498246,2468,199.31148607385273,1.033790674222987,2.999199296424296,0.9997330988080987,4.678763725551189,0.00025,5.85883015648069,13.963051612550123
E8_turbid_dvl_loss,fixed,20001003,0,1,,0,False,False,True,8,8,8,1.0,379.0000000000177,0.12528609141335567,0.4163675413753687,0,94.45959976699397,-0.03612653298985735,3.005178086093634,1.001726028697878,0.10974833512516124,0.07994722955145118,0.09438721843259447,0.15742686548731558
E8_turbid_dvl_loss,oracle,20001003,0,1,,0,False,False,True,8,8,8,1.0,190.49999999999346,0.050432021402998094,0.10514789918352907,0,95.00867567214429,-0.03052371763118067,2.009910127319101,0.6699700424397004,0.149440068215611,0.13753280839895013,0.12291577410852976,0.21939425706688712
E8_turbid_dvl_loss,proposed,20001003,6,0,0.5000000000003766,5,False,False,True,8,8,8,1.0,191.09999999999343,0.04770758780565328,0.149361185384576,0,95.08761878739693,-0.029718175638806743,3.002033530138822,1.0006778433796073,0.12011560653462605,0.14861329147043434,0.11709783917397501,0.2100341942012754
E8_turbid_dvl_loss,residual_only,20001003,0,181,,0,False,False,False,3,4,8,0.5,400.00000000002245,81.14381992904934,152.4137400790862,2677,199.34177239252193,1.0340997182910403,3.0016588305192804,1.0005529435064269,0.24044023159966452,0.10775,2.1200173611959565,5.042690499376624
E8_turbid_dvl_loss,ablation_a1,20001004,6,1,0.5000000000003766,5,False,False,False,5,6,8,0.75,400.00000000002245,62.02505488895628,126.1316732944365,2129,199.57562843217326,1.036486004409931,2.999079652539008,0.9996932175130028,3.4983130657428276,0.07575,2.826903365660691,4.382697374558277
E8_turbid_dvl_loss,ablation_a2,20001004,6,0,0.5000000000003766,5,False,False,True,8,8,8,1.0,190.99999999999343,0.06001731919197417,0.14366081230283445,0,94.88435557880265,-0.03179229001221784,2.999072002530503,0.9996906675101677,0.16013199594455352,0.14659685863874344,0.1485794056435998,0.24315372714033018
E8_turbid_dvl_loss,covariance_only,20001004,0,0,,0,False,False,True,8,8,8,1.0,187.79999999999362,0.26969165409808293,0.9293440459930444,0,93.50884101960659,-0.04582815286115727,2.9974278038399076,0.9991426012799692,0.25493463537415156,0.16187433439829607,0.5685663710054717,1.4628416668431639
E8_turbid_dvl_loss,dead_reckoning,20001004,0,0,,0,False,False,False,5,6,8,0.75,400.00000000002245,60.769838499495854,124.08489758712629,2080,199.67666190145007,1.0375169581780619,2.99895149694912,0.99965049898304,1.6379624686537293,0.00025,2.2694143900184955,5.888203150196205
E8_turbid_dvl_loss,fixed,20001004,0,1,,0,False,False,True,8,8,8,1.0,379.2000000000177,0.1367111356224616,0.37091489683262857,0,94.4139461678618,-0.03659238604222659,3.005104464943291,1.0017014883144304,0.102119147016852,0.07832278481012658,0.11631372692462125,0.18378139178038963
E8_turbid_dvl_loss,oracle,20001004,0,1,,0,False,False,True,8,8,8,1.0,190.59999999999346,0.04977735578110311,0.44800528145833773,0,95.03688858792731,-0.030235830735435676,1.042230874288816,0.34741029142960533,0.1480430218829596,0.10912906610703044,0.15289042087426818,0.28682476224459297
E8_turbid_dvl_loss,proposed,20001004,6,0,0.5000000000003766,5,False,False,True,8,8,8,1.0,190.99999999999343,0.06001731919197417,0.14366081230283445,0,94.88435557880265,-0.03179229001221784,2.999072002530503,0.9996906675101677,0.16013199594455352,0.14659685863874344,0.1485794056435998,0.24315372714033018
E8_turbid_dvl_loss,residual_only,20001004,0,181,,0,False,False,False,4,6,8,0.75,400.00000000002245,77.8581078258898,146.85280911330653,2401,199.2510873741739,1.0331743609609583,3.0015137274053423,1.0005045758017808,6.03313938591505,0.10225,4.715848701514952,6.989857876631717
E8_turbid_dvl_loss,ablation_a1,20001005,6,1,0.5000000000003766,5,False,False,True,8,8,8,1.0,189.29999999999353,0.6046065819933333,1.2758444292223627,0,94.35114496035928,-0.03723321469021146,2.9987810858029293,0.9995936952676431,0.06187750986918603,0.15795034337031166,0.9416228308179541,1.9921773084960932
E8_turbid_dvl_loss,ablation_a2,20001005,6,0,0.5000000000003766,5,False,False,True,8,8,8,1.0,189.7999999999935,0.06398389140484749,0.3097710081061269,0,94.65967059101884,-0.03408499396919551,2.997273316967903,0.9990911056559676,0.045343810046951566,0.1517386722866175,0.11131449628974159,0.2142410200450911
E8_turbid_dvl_loss,covariance_only,20001005,0,0,,0,False,False,True,8,8,8,1.0,187.29999999999364,0.5784899914508065,1.2617510189559873,0,93.36066453300946,-0.04734015782643408,2.9987672636668603,0.9995890878889534,0.13367457563143154,0.16444207154297918,0.8714519156952197,1.9880615346236328
E8_turbid_dvl_loss,dead_reckoning,20001005,0,0,,0,False,False,False,3,3,8,0.375,400.00000000002245,71.95717757723448,141.00933173213895,2649,200.06865520980557,1.0415168898959752,3.000447498237153,1.0001491660790511,1.5136590440439515,0.00025,6.008090184048081,16.625269280035617
E8_turbid_dvl_loss,fixed,20001005,0,1,,0,False,False,True,8,8,8,1.0,377.4000000000173,0.10063799156479047,0.3029836462385571,0,94.28236619072192,-0.03793503887018457,2.9968627239117853,0.9989542413039284,0.058959117894952735,0.08055113937466879,0.095850433924113,0.20978925798243747
E8_turbid_dvl_loss,oracle,20001005,0,1,,0,False,False,True,8,8,8,1.0,190.09999999999349,0.048824775719469325,0.165255354708421,0,95.1486979754868,-0.029094918617481702,1.0373693982940435,0.34578979943134786,0.015890448706385913,0.9652814308258811,0.04555159896268048,0.06770643853823456
E8_turbid_dvl_loss,proposed,20001005,6,0,0.5000000000003766,5,False,False,True,8,8,8,1.0,189.7999999999935,0.06398389140484749,0.3097710081061269,0,94.65967059101884,-0.03408499396919551,2.997273316967903,0.9990911056559676,0.045343810046951566,0.1517386722866175,0.11131449628974159,0.2142410200450911
E8_turbid_dvl_loss,residual_only,20001005,0,182,,0,False,False,False,4,5,8,0.625,400.00000000002245,77.71326745709375,147.48847075344193,2416,199.8788746228453,1.03958035329434,3.0007569073678777,1.0002523024559593,6.529541951013455,0.098,6.197633684469837,9.647081595756235
E8_turbid_dvl_loss,ablation_a1,20001006,6,1,0.5000000000003766,5,False,False,True,8,8,8,1.0,205.09999999999263,0.35132361452016253,1.8429324251691153,0,101.96742633498748,0.04048394219374973,3.001189571062503,1.000396523687501,0.43857348872853774,0.14870794734275963,0.8716959495658154,2.115855236937789
E8_turbid_dvl_loss,ablation_a2,20001006,6,0,0.5000000000003766,5,False,False,True,8,8,8,1.0,190.59999999999346,0.07983374191518398,0.26536049273986695,0,94.76098419058212,-0.033051181728753876,3.00436113488719,1.0014537116290634,0.12730308050032071,0.15372507869884575,0.12798746450675047,0.22111216493061248
E8_turbid_dvl_loss,covariance_only,20001006,0,0,,0,False,False,True,8,8,8,1.0,197.69999999999305,0.20469928529418877,1.420621649261168,0,98.24623922620951,0.002512645165403171,3.0013862980300887,1.0004620993433628,0.3646640549856484,0.1573090541224077,0.6401860576369753,1.7243019445967847
E8_turbid_dvl_loss,dead_reckoning,20001006,0,0,,0,False,False,False,8,6,8,0.75,183.19999999999388,1.2376643257350577,3.917335429618929,0,90.97302643325135,-0.07170381190559849,3.0010036767905546,1.0003345589301849,1.645859968974999,0.0005458515283842794,1.8423487198962467,4.228430151523306
E8_turbid_dvl_loss,fixed,20001006,0,1,,0,False,False,True,8,8,8,1.0,376.5000000000171,0.058288918557615164,0.398218487835015,0,94.21198351602153,-0.0386532294283517,2.9999160896503585,0.9999720298834528,0.09327328855620472,0.0799468791500664,0.11772865945675254,0.22272759701003303
E8_turbid_dvl_loss,oracle,20001006,0,1,,0,False,False,True,8,8,8,1.0,190.29999999999347,0.05228023552268943,0.17739561280183747,0,95.11269177131592,-0.029462328864123255,1.0394264909397206,0.34647549697990687,0.0825270584904355,0.9579611140304782,0.058438854599262784,0.08975267510079593
E8_turbid_dvl_loss,proposed,20001006,6,0,0.5000000000003766,5,False,False,True,8,8,8,1.0,190.59999999999346,0.07983374191518398,0.26536049273986695,0,94.76098419058212,-0.033051181728753876,3.00436113488719,1.0014537116290634,0.12730308050032071,0.15372507869884575,0.12798746450675047,0.22111216493061248
E8_turbid_dvl_loss,residual_only,20001006,0,181,,0,False,False,False,4,6,8,0.75,400.00000000002245,78.21666008088394,147.0983344518774,2402,199.5344041775204,1.036065348750208,3.0002676881782073,1.0000892293927357,3.875100770835199,0.101,3.009513114167004,3.9782017299397494
E8_turbid_dvl_loss,ablation_a1,20001007,6,1,0.5000000000003766,5,False,False,False,5,6,8,0.75,400.00000000002245,64.35295131875647,127.79869931960857,2164,199.2192302245795,1.032849288005913,2.995011385013914,0.9983371283379713,1.7297205363679837,0.076,1.3241266826769131,2.0615236590389703
E8_turbid_dvl_loss,ablation_a2,20001007,6,0,0.5000000000003766,5,False,False,True,8,8,8,1.0,190.99999999999343,0.057819708367485144,0.23663988489277132,0,94.79063238398058,-0.03274864914305531,3.0009721470249775,1.0003240490083258,0.07750925631868391,0.1518324607329843,0.11991727141377992,0.22200806832294998
E8_turbid_dvl_loss,covariance_only,20001007,0,0,,0,False,False,True,8,8,8,1.0,190.79999999999345,0.16382448558078327,0.42137680914977693,0,94.56983604159926,-0.035001673044905535,2.989853908109382,0.996617969369794,0.12376200962855735,0.159853249475891,0.27218923477877466,0.5700989516651223
E8_turbid_dvl_loss,dead_reckoning,20001007,0,0,,0,False,False,False,6,6,8,0.75,400.00000000002245,56.95228532946091,119.08966127483994,1960,199.34585090093208,1.0341413357237967,2.995048600608117,0.9983495335360391,0.779639034756472,0.00025,2.006525214415439,4.872109855793705
E8_turbid_dvl_loss,fixed,20001007,0,1,,0,False,False,True,8,8,8,1.0,379.0000000000177,0.11035530264693276,0.30708865788928286,0,94.46325455459012,-0.0360892392388763,2.997884392746567,0.999294797582189,0.09164862481261346,0.07968337730870713,0.08865295894590255,0.1633958834526377
E8_turbid_dvl_loss,oracle,20001007,0,1,,0,False,False,True,8,8,8,1.0,191.19999999999342,0.03842589051809683,0.16851285300790408,0,95.14976457398367,-0.029084034959350302,3.0054086044057957,1.0018028681352653,0.06446014781941438,0.23274058577405857,0.11394823095297162,0.23327675598350128
E8_turbid_dvl_loss,proposed,20001007,6,0,0.5000000000003766,5,False,False,True,8,8,8,1.0,190.99999999999343,0.057819708367485144,0.23663988489277132,0,94.79063238398058,-0.03274864914305531,3.0009721470249775,1.0003240490083258,0.07750925631868391,0.1518324607329843,0.11991727141377992,0.22200806832294998
E8_turbid_dvl_loss,residual_only,20001007,0,181,,0,False,False,False,3,4,8,0.5,400.00000000002245,81.55316842129677,153.07621395128461,2690,200.23795553715618,1.043244444256696,2.9982161940578638,0.999405398019288,0.11685362947489979,0.10775,2.306310641944956,5.412592991731688
E8_turbid_dvl_loss,ablation_a1,20001008,6,1,0.5000000000003766,5,False,False,False,3,4,8,0.5,400.00000000002245,81.19556114377471,152.53147589938578,2698,200.22653167490895,1.0431278742337646,2.999409812073049,0.9998032706910163,1.6407088321040841,0.07375,3.242988900902199,7.140400097991285
E8_turbid_dvl_loss,ablation_a2,20001008,6,0,0.5000000000003766,5,False,False,True,8,8,8,1.0,189.6999999999935,0.08506633247004694,0.2709374082802647,0,94.48023513646008,-0.035915967995305276,3.0010668210064693,1.0003556070021564,0.17109749861011447,0.14074855034264627,0.1451444565360704,0.2538370611562922
E8_turbid_dvl_loss,covariance_only,20001008,0,0,,0,False,False,False,4,4,8,0.5,400.00000000002245,76.84185706754175,147.56413663335894,2413,199.83948616930277,1.0391784302990077,2.9995603997805502,0.9998534665935167,12.615654477998254,0.077,10.134433546991964,12.65033452983103
E8_turbid_dvl_loss,dead_reckoning,20001008,0,0,,0,False,False,False,3,3,8,0.375,400.00000000002245,77.48188805067436,148.97497610753152,2687,199.79753847794893,1.038750392632132,2.999717390665749,0.999905796888583,2.02023912937942,0.00025,5.255702437627405,13.153264255644089
E8_turbid_dvl_loss,fixed,20001008,0,1,,0,False,False,True,8,8,8,1.0,378.50000000001756,0.14907529733113303,0.4552640234714094,0,94.47383620497978,-0.03598126321449213,3.001695104474979,1.000565034824993,0.12123791988596709,0.07001321003963012,0.13587731413483087,0.23219624928323218
E8_turbid_dvl_loss,oracle,20001008,0,1,,0,False,False,True,8,8,8,1.0,189.7999999999935,0.04939358796653959,0.20351300520550275,0,95.0688559499631,-0.029909633163641924,1.0429024772320497,0.3476341590773499,0.12753035089247203,1.0,0.06312988715046472,0.1020680069049462
E8_turbid_dvl_loss,proposed,20001008,6,0,0.5000000000003766,5,False,False,True,8,8,8,1.0,189.6999999999935,0.08506633247004694,0.2709374082802647,0,94.48023513646008,-0.035915967995305276,3.0010668210064693,1.0003556070021564,0.17109749861011447,0.14074855034264627,0.1451444565360704,0.2538370611562922
E8_turbid_dvl_loss,residual_only,20001008,0,182,,0,False,False,False,5,5,8,0.625,400.00000000002245,63.70065425463272,128.2610930772602,2177,199.52926799909883,1.0360129387663148,3.0008097346506157,1.0002699115502052,3.563886444066491,0.09425,2.8027228452497313,4.469329519581524
E8_turbid_dvl_loss,ablation_a1,20001009,6,1,0.5000000000003766,5,False,False,False,6,7,8,0.875,400.00000000002245,62.66941226580265,124.43734718650326,2071,199.4369778335465,1.0350712023831274,2.9973384490182062,0.9991128163394021,0.40530206827756365,0.07925,0.3384867378321349,0.7227774103775092
E8_turbid_dvl_loss,ablation_a2,20001009,6,0,0.5000000000003766,5,False,False,True,8,8,8,1.0,189.7999999999935,0.13731780902358617,0.5345140657056247,0,94.2723814081477,-0.03803692440665618,3.004779183371297,1.0015930611237656,0.06126385519115571,0.1554267650158061,0.12528458430534478,0.21162796791505092
E8_turbid_dvl_loss,covariance_only,20001009,0,0,,0,False,False,False,6,7,8,0.875,400.00000000002245,63.020905659113716,125.13170766004636,2085,199.45116597390458,1.035215979325557,2.997323627897957,0.9991078759659856,0.4146024861249954,0.08075,0.38818690673007866,0.8540832463300724
E8_turbid_dvl_loss,dead_reckoning,20001009,0,0,,0,False,False,False,5,5,8,0.625,400.00000000002245,61.791267967395854,124.74845465676235,2094,199.49284420529312,1.0356412674009503,2.9973806817883606,0.9991268939294535,3.7307782826537528,0.00025,3.104681133982967,3.745721750836375
E8_turbid_dvl_loss,fixed,20001009,0,1,,0,False,False,True,8,8,8,1.0,379.40000000001777,0.09439810831229263,0.2961491553221762,0,94.44542339043679,-0.0362711898935022,3.000524066102655,1.0001746887008849,0.01044292708371121,0.08065366367949393,0.08740482255812175,0.18287830970953287
E8_turbid_dvl_loss,oracle,20001009,0,1,,0,False,False,True,8,8,8,1.0,192.29999999999336,0.041934718153996436,0.1663611007304615,0,95.81840001984715,-0.022261224287274062,2.0056629382597357,0.6685543127532453,0.06606999753076166,0.35257410296411856,0.1651156950742688,0.32613608256624943
E8_turbid_dvl_loss,proposed,20001009,6,0,0.5000000000003766,5,False,False,True,8,8,8,1.0,189.7999999999935,0.13731780902358617,0.5345140657056247,0,94.2723814081477,-0.03803692440665618,3.004779183371297,1.0015930611237656,0.06126385519115571,0.1554267650158061,0.12528458430534478,0.21162796791505092
E8_turbid_dvl_loss,residual_only,20001009,0,79,,0,False,False,True,8,8,8,1.0,194.8999999999932,0.061809571753721114,0.6202940021022769,0,96.84894193930498,-0.0117454904152553,2.9998572781081383,0.9999524260360461,0.039484579339823335,0.20574653668547974,0.3953913734032372,0.9620893522391674
E9_current_unobservable,ablation_a1,20001000,3,0,0.5000000000004476,2,False,False,True,8,8,8,1.0,190.49999999999346,0.07148095525634876,0.19890000054338008,0,94.80218594073132,-0.03263075570682328,3.0013010568649334,1.0004336856216445,0.26494655914169823,0.7690288713910761,0.11745529491344545,0.26123693068249687
E9_current_unobservable,ablation_a2,20001000,3,0,0.5000000000004476,2,False,False,True,8,8,8,1.0,190.49999999999346,0.07148095525634876,0.19890000054338008,0,94.80218594073132,-0.03263075570682328,3.0013010568649334,1.0004336856216445,0.26494655914169823,0.7690288713910761,0.11745529491344545,0.26123693068249687
E9_current_unobservable,covariance_only,20001000,0,0,,0,False,False,True,8,8,8,1.0,190.39999999999347,0.07799569814692192,0.19255087941228766,0,94.7610045656215,-0.033050973820188734,3.0013432281991324,1.000447742733044,0.2018507732506342,1.0,0.12231003384420241,0.2505475139327406
E9_current_unobservable,dead_reckoning,20001000,0,0,,0,False,False,False,5,6,8,0.75,400.00000000002245,63.72295825135509,127.23479208145888,2134,200.3806773383868,1.0447007891672122,3.0000744628753426,1.0000248209584475,3.1648101743440646,0.00025,2.151059920728433,3.0755799394065226
E9_current_unobservable,fixed,20001000,0,1,,0,False,False,True,8,8,8,1.0,378.1000000000175,0.08597851125264172,0.2795458805090716,0,94.29210384835908,-0.03783567501674412,2.999247606899926,0.9997492022999753,0.15828275706775535,0.7379000264480297,0.0936113470772653,0.16590637379097498
E9_current_unobservable,oracle,20001000,0,1,,0,False,False,True,8,8,8,1.0,190.19999999999348,0.06481962294561938,0.2420536696187714,0,95.06718112193425,-0.029926723245568887,1.0322056654263774,0.3440685551421258,0.07870398676356191,0.9842271293375394,0.06081829345550325,0.0865632921570199
E9_current_unobservable,proposed,20001000,3,0,0.5000000000004476,2,False,False,True,8,8,8,1.0,190.49999999999346,0.07148095525634876,0.19890000054338008,0,94.80218594073132,-0.03263075570682328,3.0013010568649334,1.0004336856216445,0.26494655914169823,0.7690288713910761,0.11745529491344545,0.26123693068249687
E9_current_unobservable,residual_only,20001000,0,0,,0,False,False,True,8,8,8,1.0,190.49999999999346,0.07148095525634876,0.19890000054338008,0,94.80218594073132,-0.03263075570682328,3.0013010568649334,1.0004336856216445,0.26494655914169823,0.7690288713910761,0.11745529491344545,0.26123693068249687
E9_current_unobservable,ablation_a1,20001001,3,0,0.5000000000004476,2,False,False,True,8,8,8,1.0,190.29999999999347,0.07938830238243187,0.22886033069522682,0,94.5681284957765,-0.035019096981872444,3.0070106411091393,1.002336880369713,0.12151049050409399,0.9206516027325276,0.07247177038555105,0.12562595091745915
E9_current_unobservable,ablation_a2,20001001,3,0,0.5000000000004476,2,False,False,True,8,8,8,1.0,190.29999999999347,0.07938830238243187,0.22886033069522682,0,94.5681284957765,-0.035019096981872444,3.0070106411091393,1.002336880369713,0.12151049050409399,0.9206516027325276,0.07247177038555105,0.12562595091745915
E9_current_unobservable,covariance_only,20001001,0,0,,0,False,False,True,8,8,8,1.0,190.39999999999347,0.07980362879021496,0.2263160476036088,0,94.63741180379317,-0.03431212445109011,3.006911008003967,1.0023036693346556,0.13920904128113754,0.9989495798319328,0.09244793200862218,0.187095691846797
E9_current_unobservable,dead_reckoning,20001001,0,0,,0,False,False,False,6,6,8,0.75,400.00000000002245,60.53956464486162,122.6032085996491,2026,199.86985608233738,1.0394883273707896,3.003167994434181,1.0010559981447271,2.950239635269064,0.00025,2.086021976093802,2.885037625963442
E9_current_unobservable,fixed,20001001,0,1,,0,False,False,True,8,8,8,1.0,379.1000000000177,0.08050473696933996,0.23558517523419908,0,94.48538523075841,-0.03586341601266929,2.999240041289071,0.9997466804296904,0.09871461522980231,0.7544183592719599,0.07411080154676171,0.12447561667143672
E9_current_unobservable,oracle,20001001,0,1,,0,False,False,True,8,8,8,1.0,190.59999999999346,0.05992194839245209,0.21850570730047636,0,95.20559633045951,-0.028514323158576382,1.043539391331239,0.3478464637770797,0.035900835774897555,1.0,0.05227240471859847,0.05981501940336311
E9_current_unobservable,proposed,20001001,3,0,0.5000000000004476,2,False,False,True,8,8,8,1.0,190.29999999999347,0.07938830238243187,0.22886033069522682,0,94.5681284957765,-0.035019096981872444,3.0070106411091393,1.002336880369713,0.12151049050409399,0.9206516027325276,0.07247177038555105,0.12562595091745915
E9_current_unobservable,residual_only,20001001,0,0,,0,False,False,True,8,8,8,1.0,190.29999999999347,0.07938830238243187,0.22886033069522682,0,94.5681284957765,-0.035019096981872444,3.0070106411091393,1.002336880369713,0.12151049050409399,0.9206516027325276,0.07247177038555105,0.12562595091745915
E9_current_unobservable,ablation_a1,20001002,3,0,0.5000000000004476,2,False,False,True,8,8,8,1.0,190.79999999999345,0.07001889216630491,0.19049241066070666,0,94.7342749048516,-0.03332372546069795,2.995798303849085,0.9985994346163617,0.04644218512424306,0.9764150943396226,0.057787770707999765,0.08449748637310651
E9_current_unobservable,ablation_a2,20001002,3,0,0.5000000000004476,2,False,False,True,8,8,8,1.0,190.79999999999345,0.07001889216630491,0.19049241066070666,0,94.7342749048516,-0.03332372546069795,2.995798303849085,0.9985994346163617,0.04644218512424306,0.9764150943396226,0.057787770707999765,0.08449748637310651
E9_current_unobservable,covariance_only,20001002,0,0,,0,False,False,True,8,8,8,1.0,190.79999999999345,0.06698279188290117,0.18559788705097757,0,94.74393027006535,-0.03322520132586382,2.995903880381457,0.998634626793819,0.06131477931274083,0.9989517819706499,0.06749281753231605,0.11922554639143516
E9_current_unobservable,dead_reckoning,20001002,0,0,,0,False,False,False,3,4,8,0.5,400.00000000002245,82.04522689111069,153.68026232182055,2693,199.8615800081915,1.0394038776346073,2.9979596016634384,0.9993198672211462,2.8569587034485338,0.00025,3.508306364998135,7.477745936460752
E9_current_unobservable,fixed,20001002,0,1,,0,False,False,True,8,8,8,1.0,377.60000000001736,0.08471581990523427,0.24719394811500806,0,94.29105010433939,-0.03784642750674094,3.0006886143596487,1.000229538119883,0.053040707830873654,0.7521186440677966,0.04793947595728956,0.0754246796069344
E9_current_unobservable,oracle,20001002,0,1,,0,False,False,True,8,8,8,1.0,189.6999999999935,0.05089602832140284,0.1444741898250883,0,95.02833682350786,-0.030323093637674936,1.0323688452897912,0.3441229484299304,0.033318040696498366,0.9862941486557723,0.0515502073381455,0.06309244140768291
E9_current_unobservable,proposed,20001002,3,0,0.5000000000004476,2,False,False,True,8,8,8,1.0,190.79999999999345,0.07001889216630491,0.19049241066070666,0,94.7342749048516,-0.03332372546069795,2.995798303849085,0.9985994346163617,0.04644218512424306,0.9764150943396226,0.057787770707999765,0.08449748637310651
E9_current_unobservable,residual_only,20001002,0,0,,0,False,False,True,8,8,8,1.0,190.79999999999345,0.07001889216630491,0.19049241066070666,0,94.7342749048516,-0.03332372546069795,2.995798303849085,0.9985994346163617,0.04644218512424306,0.9764150943396226,0.057787770707999765,0.08449748637310651
E9_current_unobservable,ablation_a1,20001003,3,0,0.5000000000004476,2,False,False,True,8,8,8,1.0,190.59999999999346,0.06535023060862437,0.21092726033331033,0,94.68113799386897,-0.03386593883807176,3.001004608985229,1.000334869661743,0.10576045717832269,0.9244491080797481,0.05736052930263931,0.08416636187865092
E9_current_unobservable,ablation_a2,20001003,3,0,0.5000000000004476,2,False,False,True,8,8,8,1.0,190.59999999999346,0.06535023060862437,0.21092726033331033,0,94.68113799386897,-0.03386593883807176,3.001004608985229,1.000334869661743,0.10576045717832269,0.9244491080797481,0.05736052930263931,0.08416636187865092
E9_current_unobservable,covariance_only,20001003,0,0,,0,False,False,True,8,8,8,1.0,190.49999999999346,0.07591302716484,0.24569269010413786,0,94.60876645933058,-0.034604423884381785,3.0009609644151416,1.0003203214717138,0.11449591326518199,0.9984251968503937,0.06306241768084547,0.09960270628944168
E9_current_unobservable,dead_reckoning,20001003,0,0,,0,False,False,False,5,6,8,0.75,400.00000000002245,63.32806777412593,128.32898642467094,2178,198.86812238335122,1.0292665549321551,3.0011741242101326,1.0003913747367108,0.5597576852748218,0.00025,2.1606961501047586,5.930835768012698
E9_current_unobservable,fixed,20001003,0,1,,0,False,False,True,8,8,8,1.0,380.400000000018,0.1304305761700002,0.3093815581704238,0,94.54144087574313,-0.03529141963527416,3.0052345774309184,1.0017448591436395,0.11606216472904493,0.7578864353312302,0.06680006211485906,0.105432254518921
E9_current_unobservable,oracle,20001003,0,1,,0,False,False,True,8,8,8,1.0,190.49999999999346,0.05820507666929948,0.1817600352085691,0,94.92394653022343,-0.03138830071200582,2.0119399553120445,0.6706466517706815,0.0642804873510718,0.937007874015748,0.05469597317237226,0.07119159269860544
E9_current_unobservable,proposed,20001003,3,0,0.5000000000004476,2,False,False,True,8,8,8,1.0,190.59999999999346,0.06535023060862437,0.21092726033331033,0,94.68113799386897,-0.03386593883807176,3.001004608985229,1.000334869661743,0.10576045717832269,0.9244491080797481,0.05736052930263931,0.08416636187865092
E9_current_unobservable,residual_only,20001003,0,0,,0,False,False,True,8,8,8,1.0,190.59999999999346,0.06535023060862437,0.21092726033331033,0,94.68113799386897,-0.03386593883807176,3.001004608985229,1.000334869661743,0.10576045717832269,0.9244491080797481,0.05736052930263931,0.08416636187865092
E9_current_unobservable,ablation_a1,20001004,3,0,0.5000000000004476,2,False,False,True,8,8,8,1.0,191.3999999999934,0.07578696021166474,0.22194710189519817,0,94.90307870019859,-0.03160123775307555,2.997859368987153,0.999286456329051,0.14899070398570088,0.8834900731452455,0.06841399433086838,0.11311658814902699
E9_current_unobservable,ablation_a2,20001004,3,0,0.5000000000004476,2,False,False,True,8,8,8,1.0,191.3999999999934,0.07578696021166474,0.22194710189519817,0,94.90307870019859,-0.03160123775307555,2.997859368987153,0.999286456329051,0.14899070398570088,0.8834900731452455,0.06841399433086838,0.11311658814902699
E9_current_unobservable,covariance_only,20001004,0,0,,0,False,False,True,8,8,8,1.0,191.19999999999342,0.09023564020001926,0.2814583335784251,0,94.7744299604617,-0.03291397999528878,2.997796266300582,0.9992654221001941,0.13813856274588474,0.997907949790795,0.07535475710405605,0.13015532175826716
E9_current_unobservable,dead_reckoning,20001004,0,0,,0,False,False,False,5,5,8,0.625,400.00000000002245,63.33101079598989,127.83907373161118,2165,198.8822850183443,1.0294110716157583,2.998811575138432,0.9996038583794773,0.44803657886289183,0.00025,1.322872032224039,3.310070305733969
E9_current_unobservable,fixed,20001004,0,1,,0,False,False,True,8,8,8,1.0,379.70000000001784,0.14743444342893686,0.31181884656041525,0,94.50118614011922,-0.03570218224368149,3.0024072299294686,1.0008024099764896,0.11612516487843354,0.7716618382933895,0.0717037710010024,0.11018388188700226
E9_current_unobservable,oracle,20001004,0,1,,0,False,False,True,8,8,8,1.0,190.29999999999347,0.05539484125067751,0.1664814308420266,0,94.89837270720307,-0.0316492580897646,2.0068617957135735,0.6689539319045245,0.07027394077417252,0.9411455596426694,0.05788498758664712,0.07732362743367877
E9_current_unobservable,proposed,20001004,3,0,0.5000000000004476,2,False,False,True,8,8,8,1.0,191.3999999999934,0.07578696021166474,0.22194710189519817,0,94.90307870019859,-0.03160123775307555,2.997859368987153,0.999286456329051,0.14899070398570088,0.8834900731452455,0.06841399433086838,0.11311658814902699
E9_current_unobservable,residual_only,20001004,0,0,,0,False,False,True,8,8,8,1.0,191.3999999999934,0.07578696021166474,0.22194710189519817,0,94.90307870019859,-0.03160123775307555,2.997859368987153,0.999286456329051,0.14899070398570088,0.8834900731452455,0.06841399433086838,0.11311658814902699
E9_current_unobservable,ablation_a1,20001005,3,0,0.5000000000004476,2,False,False,True,8,8,8,1.0,189.9999999999935,0.06599679005853269,0.19698329685315263,0,94.55891613313827,-0.03511310068226259,3.002725902529434,1.0009086341764781,0.018896528716200376,0.97,0.04725124771071736,0.07625769149327609
E9_current_unobservable,ablation_a2,20001005,3,0,0.5000000000004476,2,False,False,True,8,8,8,1.0,189.9999999999935,0.06599679005853269,0.19698329685315263,0,94.55891613313827,-0.03511310068226259,3.002725902529434,1.0009086341764781,0.018896528716200376,0.97,0.04725124771071736,0.07625769149327609
E9_current_unobservable,covariance_only,20001005,0,0,,0,False,False,True,8,8,8,1.0,189.8999999999935,0.06258998063060386,0.2168667215611766,0,94.49246021792702,-0.035791222266050804,3.002737227130298,1.0009124090434327,0.04048813078077749,0.9989468141126909,0.0555701804292573,0.11195434246875545
E9_current_unobservable,dead_reckoning,20001005,0,0,,0,False,False,False,4,4,8,0.5,400.00000000002245,74.56169654568306,143.32716763613,2330,200.1855332167566,1.0427095226199654,3.0003145921135976,1.0001048640378658,4.643261310970755,0.00025,4.446118503781972,8.469053575204592
E9_current_unobservable,fixed,20001005,0,1,,0,False,False,True,8,8,8,1.0,378.80000000001763,0.09846104090815304,0.2661973957275663,0,94.37447321799348,-0.03699517124496443,2.9972410523420874,0.9990803507806958,0.04422050735336059,0.7676874340021119,0.04672741859785751,0.08595687428299242
E9_current_unobservable,oracle,20001005,0,1,,0,False,False,True,8,8,8,1.0,189.5999999999935,0.05423393503489282,0.19800275353466112,0,95.00670784516404,-0.03054379749832603,1.0425306418587441,0.3475102139529147,0.0200332570742731,1.0,0.04803085898008103,0.05825633788284379
E9_current_unobservable,proposed,20001005,3,0,0.5000000000004476,2,False,False,True,8,8,8,1.0,189.9999999999935,0.06599679005853269,0.19698329685315263,0,94.55891613313827,-0.03511310068226259,3.002725902529434,1.0009086341764781,0.018896528716200376,0.97,0.04725124771071736,0.07625769149327609
E9_current_unobservable,residual_only,20001005,0,0,,0,False,False,True,8,8,8,1.0,189.9999999999935,0.06599679005853269,0.19698329685315263,0,94.55891613313827,-0.03511310068226259,3.002725902529434,1.0009086341764781,0.018896528716200376,0.97,0.04725124771071736,0.07625769149327609
E9_current_unobservable,ablation_a1,20001006,3,0,0.5000000000004476,2,False,False,True,8,8,8,1.0,190.99999999999343,0.061193110442694466,0.22193917795742202,0,94.8818949479974,-0.03181739848982246,3.002761957522588,1.0009206525075294,0.08547045722466269,0.9602094240837696,0.07067798952085078,0.10689383969693542
E9_current_unobservable,ablation_a2,20001006,3,0,0.5000000000004476,2,False,False,True,8,8,8,1.0,190.99999999999343,0.061193110442694466,0.22193917795742202,0,94.8818949479974,-0.03181739848982246,3.002761957522588,1.0009206525075294,0.08547045722466269,0.9602094240837696,0.07067798952085078,0.10689383969693542
E9_current_unobservable,covariance_only,20001006,0,0,,0,False,False,True,8,8,8,1.0,190.89999999999344,0.06652169881697804,0.20437432806373224,0,94.85952483909719,-0.032045664907171534,3.002775479038658,1.0009251596795525,0.11782406946857292,0.998952331063384,0.08827042468921173,0.16005667891144099
E9_current_unobservable,dead_reckoning,20001006,0,0,,0,False,False,False,3,4,8,0.5,400.00000000002245,80.15530082223243,151.24528682427496,2668,198.81265210327228,1.0287005316660438,3.0013628902379397,1.00045429674598,3.211721408747124,0.00025,3.2154447650315294,6.914012005469422
E9_current_unobservable,fixed,20001006,0,1,,0,False,False,True,8,8,8,1.0,379.0000000000177,0.06897684387245755,0.2563703210659689,0,94.63952743415909,-0.034290536386131665,3.001632265412003,1.0005440884706676,0.09585866617095334,0.7620052770448549,0.06141414702642218,0.10088946321923555
E9_current_unobservable,oracle,20001006,0,1,,0,False,False,True,8,8,8,1.0,190.49999999999346,0.054977819522535366,0.17549557125443105,0,95.21516844776207,-0.028416648492223806,1.042061350895959,0.3473537836319864,0.035350063694805756,1.0,0.054313969594313,0.06392675644520786
E9_current_unobservable,proposed,20001006,3,0,0.5000000000004476,2,False,False,True,8,8,8,1.0,190.99999999999343,0.061193110442694466,0.22193917795742202,0,94.8818949479974,-0.03181739848982246,3.002761957522588,1.0009206525075294,0.08547045722466269,0.9602094240837696,0.07067798952085078,0.10689383969693542
E9_current_unobservable,residual_only,20001006,0,0,,0,False,False,True,8,8,8,1.0,190.99999999999343,0.061193110442694466,0.22193917795742202,0,94.8818949479974,-0.03181739848982246,3.002761957522588,1.0009206525075294,0.08547045722466269,0.9602094240837696,0.07067798952085078,0.10689383969693542
E9_current_unobservable,ablation_a1,20001007,3,0,0.5000000000004476,2,False,False,True,8,8,8,1.0,190.59999999999346,0.06458347977971707,0.1820948859884326,0,94.7941965702439,-0.03271227989547043,3.001606404330683,1.0005354681102276,0.0697471326586821,0.9637985309548793,0.058480351420577927,0.07865005137299812
E9_current_unobservable,ablation_a2,20001007,3,0,0.5000000000004476,2,False,False,True,8,8,8,1.0,190.59999999999346,0.06458347977971707,0.1820948859884326,0,94.7941965702439,-0.03271227989547043,3.001606404330683,1.0005354681102276,0.0697471326586821,0.9637985309548793,0.058480351420577927,0.07865005137299812
E9_current_unobservable,covariance_only,20001007,0,0,,0,False,False,True,8,8,8,1.0,190.59999999999346,0.07127622760970015,0.20711998671051424,0,94.7878722804575,-0.03277681346471928,3.001565965073662,1.0005219883578873,0.09138010773265975,0.9984260230849947,0.06599018669781499,0.09684854444254463
E9_current_unobservable,dead_reckoning,20001007,0,0,,0,False,False,False,5,6,8,0.75,400.00000000002245,65.84841608047486,130.2240806427078,2206,199.47905886100008,1.0355006006224499,3.0007397407882044,1.0002465802627347,3.6789331470562496,0.00025,2.9208794720087057,3.6792350638431683
E9_current_unobservable,fixed,20001007,0,1,,0,False,False,True,8,8,8,1.0,379.1000000000177,0.10231655737919437,0.27870385866240177,0,94.52701802770015,-0.035438591554080134,3.000119795980178,1.0000399319933926,0.055817838320118954,0.776576101292535,0.053825269541607816,0.0810252088271691
E9_current_unobservable,oracle,20001007,0,1,,0,False,False,True,8,8,8,1.0,190.79999999999345,0.06146035504729443,0.1961538102707845,0,94.85099576906578,-0.032132696234022706,2.9986648955945627,0.9995549651981875,0.08826554757522725,0.7856394129979035,0.07009301030494153,0.10101620532855964
E9_current_unobservable,proposed,20001007,3,0,0.5000000000004476,2,False,False,True,8,8,8,1.0,190.59999999999346,0.06458347977971707,0.1820948859884326,0,94.7941965702439,-0.03271227989547043,3.001606404330683,1.0005354681102276,0.0697471326586821,0.9637985309548793,0.058480351420577927,0.07865005137299812
E9_current_unobservable,residual_only,20001007,0,0,,0,False,False,True,8,8,8,1.0,190.59999999999346,0.06458347977971707,0.1820948859884326,0,94.7941965702439,-0.03271227989547043,3.001606404330683,1.0005354681102276,0.0697471326586821,0.9637985309548793,0.058480351420577927,0.07865005137299812
E9_current_unobservable,ablation_a1,20001008,3,0,0.5000000000004476,2,False,False,True,8,8,8,1.0,189.9999999999935,0.09240717120249256,0.3028898154647224,0,94.4399860959296,-0.036326672490514356,2.997664379723207,0.9992214599077357,0.26137747114526044,0.741578947368421,0.10268393620811776,0.20453713728260506
E9_current_unobservable,ablation_a2,20001008,3,0,0.5000000000004476,2,False,False,True,8,8,8,1.0,189.9999999999935,0.09240717120249256,0.3028898154647224,0,94.4399860959296,-0.036326672490514356,2.997664379723207,0.9992214599077357,0.26137747114526044,0.741578947368421,0.10268393620811776,0.20453713728260506
E9_current_unobservable,covariance_only,20001008,0,0,,0,False,False,True,8,8,8,1.0,190.29999999999347,0.09082303341576206,0.28327098678990703,0,94.57959073412084,-0.03490213536611386,2.9976819363470595,0.9992273121156865,0.1836712075557282,0.9984235417761429,0.09113963257664423,0.16878739148408275
E9_current_unobservable,dead_reckoning,20001008,0,0,,0,False,False,False,3,4,8,0.5,400.00000000002245,80.38547012315279,151.81359474501167,2695,200.67624497511832,1.0477167854603913,2.9981744491095235,0.9993914830365078,3.381429884018098,0.00025,3.7075027587859255,8.589197573013953
E9_current_unobservable,fixed,20001008,0,1,,0,False,False,True,8,8,8,1.0,380.20000000001795,0.1580263864928284,0.3621880288895323,0,94.63749164338415,-0.03431130976138619,3.0003884849271802,1.0001294949757267,0.16228952791979714,0.7409258285113098,0.09308098152834282,0.15184096065397318
E9_current_unobservable,oracle,20001008,0,1,,0,False,False,True,8,8,8,1.0,190.49999999999346,0.053668685655118405,0.17016682892152923,0,94.94259762675176,-0.03119798340049218,2.015378593253906,0.6717928644179687,0.11097976050147074,1.0,0.06065548138683918,0.09636704206644606
E9_current_unobservable,proposed,20001008,3,0,0.5000000000004476,2,False,False,True,8,8,8,1.0,189.9999999999935,0.09240717120249256,0.3028898154647224,0,94.4399860959296,-0.036326672490514356,2.997664379723207,0.9992214599077357,0.26137747114526044,0.741578947368421,0.10268393620811776,0.20453713728260506
E9_current_unobservable,residual_only,20001008,0,0,,0,False,False,True,8,8,8,1.0,189.9999999999935,0.09240717120249256,0.3028898154647224,0,94.4399860959296,-0.036326672490514356,2.997664379723207,0.9992214599077357,0.26137747114526044,0.741578947368421,0.10268393620811776,0.20453713728260506
E9_current_unobservable,ablation_a1,20001009,3,0,0.5000000000004476,2,False,False,True,8,8,8,1.0,189.9999999999935,0.0691835145571047,0.21510123348888932,0,94.5550772158128,-0.03515227330803261,2.9997363565264603,0.9999121188421535,0.025555087766461246,0.9826315789473684,0.051990097032075626,0.07958291789471009
E9_current_unobservable,ablation_a2,20001009,3,0,0.5000000000004476,2,False,False,True,8,8,8,1.0,189.9999999999935,0.0691835145571047,0.21510123348888932,0,94.5550772158128,-0.03515227330803261,2.9997363565264603,0.9999121188421535,0.025555087766461246,0.9826315789473684,0.051990097032075626,0.07958291789471009
E9_current_unobservable,covariance_only,20001009,0,0,,0,False,False,True,8,8,8,1.0,190.09999999999349,0.06854122219210888,0.2168039971094533,0,94.60977275903419,-0.03459415552005929,2.9997116510121433,0.9999038836707145,0.03630456938423077,0.9994739610731194,0.06016868011159651,0.10287806715795096
E9_current_unobservable,dead_reckoning,20001009,0,0,,0,False,False,False,6,5,8,0.625,400.00000000002245,63.11780948515552,127.23635581530141,2121,199.81277952400845,1.0389059135102903,3.000472022873173,1.0001573409577242,2.7076547930070594,0.00025,2.605133908249246,4.307908643906852
E9_current_unobservable,fixed,20001009,0,1,,0,False,False,True,8,8,8,1.0,378.3000000000175,0.07878125529608854,0.25955127552087376,0,94.41465647155258,-0.03658513804538188,3.002835957981401,1.0009453193271336,0.0162775602637544,0.760771874173936,0.03992627436108243,0.07454229366173694
E9_current_unobservable,oracle,20001009,0,1,,0,False,False,True,8,8,8,1.0,189.8999999999935,0.05510189528062379,0.20892051547586732,0,94.76774574359719,-0.03298218628982463,2.0076625317313366,0.6692208439104456,0.02190851141483553,0.9320695102685624,0.051119485196019235,0.07127467206731519
E9_current_unobservable,proposed,20001009,3,0,0.5000000000004476,2,False,False,True,8,8,8,1.0,189.9999999999935,0.0691835145571047,0.21510123348888932,0,94.5550772158128,-0.03515227330803261,2.9997363565264603,0.9999121188421535,0.025555087766461246,0.9826315789473684,0.051990097032075626,0.07958291789471009
E9_current_unobservable,residual_only,20001009,0,0,,0,False,False,True,8,8,8,1.0,189.9999999999935,0.0691835145571047,0.21510123348888932,0,94.5550772158128,-0.03515227330803261,2.9997363565264603,0.9999121188421535,0.025555087766461246,0.9826315789473684,0.051990097032075626,0.07958291789471009
