scenario,policy,seed,mode_transitions,channel_switches,detection_latency_s,false_alarms,surfacing_commanded,surfaced,completed,waypoints_captured,waypoints_surveyed,waypoints_total,coverage_fraction,elapsed_s,rms_cross_track_m,max_cross_track_m,safety_violations,path_length_m,path_overhead,mean_altitude_m,acoustic_infrastructure_cost,swath_coverage,terminal_error_m,aiding_availability,rms_position_error_m,p95_position_error_m
E10_current_steady,ablation_a1,20001000,1,0,,1,False,False,True,8,8,8,1.0,191.19999999999342,0.09255571427906009,0.21805946865678338,0,95.21743789757797,-0.028393490841041147,2.998989718271183,0.05000000000000001,0.9996632394237276,0.09737977880125379,0.46548117154811713,0.17471240906492175,0.3049861302489444
E10_current_steady,ablation_a2,20001000,1,0,,1,False,False,True,8,8,8,1.0,191.19999999999342,0.09255571427906009,0.21805946865678338,0,95.21743789757797,-0.028393490841041147,2.998989718271183,0.05000000000000001,0.9996632394237276,0.09737977880125379,0.46548117154811713,0.17471240906492175,0.3049861302489444
E10_current_steady,covariance_only,20001000,0,0,,0,False,False,True,8,8,8,1.0,190.89999999999344,0.08913362930991281,0.3132467967493322,0,95.06737533481383,-0.02992474148149149,2.99906841987373,0.05000000000000001,0.9996894732912432,0.2402061289719029,0.998952331063384,0.1855490010543851,0.2798099217871475
E10_current_steady,dead_reckoning,20001000,0,0,,0,False,False,True,8,8,8,1.0,191.5999999999934,0.2104844644399969,0.3255027848659928,0,95.42282102850744,-0.02629774460706691,2.9990741541931496,0.05,0.9996913847310499,0.3435239387193984,0.0005219206680584551,0.319639066888505,0.49431207040813346
E10_current_steady,fixed,20001000,0,1,,0,False,False,True,8,8,8,1.0,379.30000000001775,0.0652778393579485,0.23810219879571903,0,95.35484875718551,-0.02699133921239283,1.017768387628549,0.14997363564460847,0.33925612920951637,0.022254729570979834,1.0,0.03002446184931836,0.03572450912459429
E10_current_steady,oracle,20001000,0,1,,0,False,False,True,8,8,8,1.0,378.7000000000176,0.05950052983029412,0.28624152488824706,0,95.21946822440681,-0.02837277322033871,1.0193791457335586,0.14997359387377868,0.33979304857785286,0.019878806322171864,1.0,0.03010002296351956,0.036414811719793556
E10_current_steady,proposed,20001000,1,0,,1,False,False,True,8,8,8,1.0,191.19999999999342,0.09255571427906009,0.21805946865678338,0,95.21743789757797,-0.028393490841041147,2.998989718271183,0.05000000000000001,0.9996632394237276,0.09737977880125379,0.46548117154811713,0.17471240906492175,0.3049861302489444
E10_current_steady,residual_only,20001000,0,0,,0,False,False,True,8,8,8,1.0,191.19999999999342,0.09255571427906009,0.21805946865678338,0,95.21743789757797,-0.028393490841041147,2.998989718271183,0.05000000000000001,0.9996632394237276,0.09737977880125379,0.46548117154811713,0.17471240906492175,0.3049861302489444
E10_current_steady,ablation_a1,20001001,1,0,,1,False,False,True,8,8,8,1.0,190.99999999999343,0.07780110851356795,0.2710243443410043,0,94.72289152053551,-0.033439882443515145,2.999499360176214,0.05000000000000001,0.9998331200587379,0.12008597552241768,0.7198952879581152,0.10209578933324989,0.15272179036470296
E10_current_steady,ablation_a2,20001001,1,0,,1,False,False,True,8,8,8,1.0,190.99999999999343,0.07780110851356795,0.2710243443410043,0,94.72289152053551,-0.033439882443515145,2.999499360176214,0.05000000000000001,0.9998331200587379,0.12008597552241768,0.7198952879581152,0.10209578933324989,0.15272179036470296
E10_current_steady,covariance_only,20001001,0,0,,0,False,False,True,8,8,8,1.0,191.4999999999934,0.0637473690797801,0.25014484511006874,0,94.98790809369584,-0.030735631696981236,2.9994385110317205,0.05000000000000001,0.9998128370105736,0.16712228250622838,0.9994778067885117,0.13452372502155846,0.20254046721414706
E10_current_steady,dead_reckoning,20001001,0,0,,0,False,False,True,8,8,8,1.0,191.7999999999934,0.14051645736491972,0.21007955808966194,0,95.14080221568018,-0.029175487595100136,2.9994281209162867,0.05000000000000001,0.9998093736387622,0.22213102077231778,0.0005213764337851929,0.2330766824066187,0.3579447220798344
E10_current_steady,fixed,20001001,0,1,,0,False,False,True,8,8,8,1.0,378.1000000000175,0.07676990696853336,0.2687364789347466,0,95.2727408696697,-0.027829174799288703,1.01833763780691,0.14997355197037818,0.33944587926897,0.019829631001756578,1.0,0.02757884944784755,0.033941533447177874
E10_current_steady,oracle,20001001,0,1,,0,False,False,True,8,8,8,1.0,191.19999999999342,0.05396536838769198,0.33081694041394094,0,95.54361975975758,-0.02506510449226962,1.0354252611532326,0.14994769874476985,0.3451417537177442,0.3169667775200924,0.09309623430962342,0.20191074948701093,0.322887018006179
E10_current_steady,proposed,20001001,1,0,,1,False,False,True,8,8,8,1.0,190.99999999999343,0.07780110851356795,0.2710243443410043,0,94.72289152053551,-0.033439882443515145,2.999499360176214,0.05000000000000001,0.9998331200587379,0.12008597552241768,0.7198952879581152,0.10209578933324989,0.15272179036470296
E10_current_steady,residual_only,20001001,0,0,,0,False,False,True,8,8,8,1.0,190.99999999999343,0.07780110851356795,0.2710243443410043,0,94.72289152053551,-0.033439882443515145,2.999499360176214,0.05000000000000001,0.9998331200587379,0.12008597552241768,0.7198952879581152,0.10209578933324989,0.15272179036470296
E10_current_steady,ablation_a1,20001002,1,0,,1,False,False,True,8,8,8,1.0,190.79999999999345,0.0713845435263637,0.19077381353274125,0,94.70139288019445,-0.03365925632454647,2.9987219272837735,0.05,0.9995739757612578,0.044896415626285845,0.9465408805031447,0.06628851315705875,0.09544242488752308
E10_current_steady,ablation_a2,20001002,1,0,,1,False,False,True,8,8,8,1.0,190.79999999999345,0.0713845435263637,0.19077381353274125,0,94.70139288019445,-0.03365925632454647,2.9987219272837735,0.05,0.9995739757612578,0.044896415626285845,0.9465408805031447,0.06628851315705875,0.09544242488752308
E10_current_steady,covariance_only,20001002,0,0,,0,False,False,True,8,8,8,1.0,190.69999999999345,0.0734409330468121,0.22738493619441646,0,94.6707301010447,-0.03397214182607455,2.998748623853957,0.05000000000000001,0.9995828746179857,0.08693245593227251,0.9979024646040902,0.08821604759068832,0.12321612824747123
E10_current_steady,dead_reckoning,20001002,0,0,,0,False,False,True,8,8,8,1.0,191.09999999999343,0.08068305933210197,0.13203332127425726,0,94.86657703836269,-0.0319737036901766,2.9987525026642854,0.05,0.9995841675547618,0.1301362657217544,0.0005232862375719519,0.16117401966565206,0.23530456970396912
E10_current_steady,fixed,20001002,0,1,,0,False,False,True,8,8,8,1.0,378.6000000000176,0.08730956585154201,0.23895752246792057,0,95.34528657164533,-0.02708891253423129,1.019404934007586,0.14997358689910192,0.3398016446691953,0.01513718729635753,1.0,0.02587718680691984,0.030833540472733446
E10_current_steady,oracle,20001002,0,1,,0,False,False,True,8,8,8,1.0,190.69999999999345,0.06152086885429054,0.19257657380979865,0,95.16323899648589,-0.028946540852184843,1.0412663186534958,0.44979024646040916,0.34708877288449863,0.032222347540938764,1.0,0.05248901203260611,0.06787566236315862
E10_current_steady,proposed,20001002,1,0,,1,False,False,True,8,8,8,1.0,190.79999999999345,0.0713845435263637,0.19077381353274125,0,94.70139288019445,-0.03365925632454647,2.9987219272837735,0.05,0.9995739757612578,0.044896415626285845,0.9465408805031447,0.06628851315705875,0.09544242488752308
E10_current_steady,residual_only,20001002,0,0,,0,False,False,True,8,8,8,1.0,190.79999999999345,0.0713845435263637,0.19077381353274125,0,94.70139288019445,-0.03365925632454647,2.9987219272837735,0.05,0.9995739757612578,0.044896415626285845,0.9465408805031447,0.06628851315705875,0.09544242488752308
E10_current_steady,ablation_a1,20001003,1,0,,1,False,False,True,8,8,8,1.0,190.09999999999349,0.0664660158387378,0.23965476360310145,0,94.52146784607835,-0.03549522606042499,3.0000820174850262,0.05,1.0000273391616754,0.11390616736599793,0.6801683324566018,0.11110427793162347,0.24465647275961233
E10_current_steady,ablation_a2,20001003,1,0,,1,False,False,True,8,8,8,1.0,190.09999999999349,0.0664660158387378,0.23965476360310145,0,94.52146784607835,-0.03549522606042499,3.0000820174850262,0.05,1.0000273391616754,0.11390616736599793,0.6801683324566018,0.11110427793162347,0.24465647275961233
E10_current_steady,covariance_only,20001003,0,0,,0,False,False,True,8,8,8,1.0,189.9999999999935,0.1039324655076057,0.28505690857925536,0,94.43957251484345,-0.03633089270567913,3.0001207010399518,0.05,1.0000402336799838,0.10632705466393604,0.9989473684210526,0.09714123760584714,0.1837291324515866
E10_current_steady,dead_reckoning,20001003,0,0,,0,False,False,True,8,8,8,1.0,189.9999999999935,0.20317818751408365,0.4287292336955648,0,94.43864528933902,-0.036340354190418145,3.0001275568722665,0.05,1.0000425189574222,0.20476938455687946,0.0005263157894736842,0.19319947321798964,0.2796787947050516
E10_current_steady,fixed,20001003,0,1,,0,False,False,True,8,8,8,1.0,379.30000000001775,0.10649135096022432,0.25619920425932996,0,95.27037851085593,-0.027853280501470068,1.0185275037368113,0.14997363564460847,0.3395091679122704,0.014148806639185458,1.0,0.02439954150217522,0.029764886492505613
E10_current_steady,oracle,20001003,0,1,,0,False,False,True,8,8,8,1.0,189.9999999999935,0.056785234525781235,0.1995911968257893,0,94.80454460727461,-0.03260668768087138,2.010524660855004,0.1499473684210526,0.6701748869516679,0.11907899032692372,0.5347368421052632,0.12032575066149552,0.24679317874334328
E10_current_steady,proposed,20001003,1,0,,1,False,False,True,8,8,8,1.0,190.09999999999349,0.0664660158387378,0.23965476360310145,0,94.52146784607835,-0.03549522606042499,3.0000820174850262,0.05,1.0000273391616754,0.11390616736599793,0.6801683324566018,0.11110427793162347,0.24465647275961233
E10_current_steady,residual_only,20001003,0,0,,0,False,False,True,8,8,8,1.0,190.09999999999349,0.0664660158387378,0.23965476360310145,0,94.52146784607835,-0.03549522606042499,3.0000820174850262,0.05,1.0000273391616754,0.11390616736599793,0.6801683324566018,0.11110427793162347,0.24465647275961233
E10_current_steady,ablation_a1,20001004,1,0,,1,False,False,True,8,8,8,1.0,190.59999999999346,0.07273465335764442,0.24275063811249353,0,94.58181499444825,-0.034879438832160714,2.9983892737808095,0.05,0.9994630912602699,0.157113853050031,0.6327387198321092,0.12300157586097851,0.2629669763015534
E10_current_steady,ablation_a2,20001004,1,0,,1,False,False,True,8,8,8,1.0,190.59999999999346,0.07273465335764442,0.24275063811249353,0,94.58181499444825,-0.034879438832160714,2.9983892737808095,0.05,0.9994630912602699,0.157113853050031,0.6327387198321092,0.12300157586097851,0.2629669763015534
E10_current_steady,covariance_only,20001004,0,0,,0,False,False,True,8,8,8,1.0,190.59999999999346,0.11601104733103446,0.33564601029378593,0,94.56750442945902,-0.03502546500552017,2.998367860986629,0.05,0.9994559536622097,0.11426931867385673,0.9989506820566632,0.11402578520695704,0.20160290411209886
E10_current_steady,dead_reckoning,20001004,0,0,,0,False,False,True,8,8,8,1.0,190.39999999999347,0.26783722371485746,0.5510829337038405,0,94.46792253803221,-0.0360416067547733,2.9983703404781057,0.05000000000000001,0.9994567801593686,0.181655149985985,0.0005252100840336134,0.228773230122373,0.33370771908129504
E10_current_steady,fixed,20001004,0,1,,0,False,False,True,8,8,8,1.0,379.30000000001775,0.12382639109017048,0.269227157839774,0,95.29137508165267,-0.027639029779054303,1.0193373291305066,0.14997363564460847,0.33977910971016884,0.014231639865105627,1.0,0.026016096182637907,0.030219950616549484
E10_current_steady,oracle,20001004,0,1,,0,False,False,True,8,8,8,1.0,190.59999999999346,0.06378519247254427,0.28872021529069336,0,94.91955891685215,-0.03143307227701886,2.0099593849130777,0.44979013641133275,0.6699864616376926,0.19048962225470836,0.4260230849947534,0.1407642775033663,0.28763587782165245
E10_current_steady,proposed,20001004,1,0,,1,False,False,True,8,8,8,1.0,190.59999999999346,0.07273465335764442,0.24275063811249353,0,94.58181499444825,-0.034879438832160714,2.9983892737808095,0.05,0.9994630912602699,0.157113853050031,0.6327387198321092,0.12300157586097851,0.2629669763015534
E10_current_steady,residual_only,20001004,0,0,,0,False,False,True,8,8,8,1.0,190.59999999999346,0.07273465335764442,0.24275063811249353,0,94.58181499444825,-0.034879438832160714,2.9983892737808095,0.05,0.9994630912602699,0.157113853050031,0.6327387198321092,0.12300157586097851,0.2629669763015534
E10_current_steady,ablation_a1,20001005,1,0,,1,False,False,True,8,8,8,1.0,189.29999999999353,0.08577422770091384,0.25062492482319954,0,94.35346791734216,-0.03720951104752901,3.0021355260135487,0.05,1.0007118420045162,0.014947202224463538,0.9281563655573164,0.05305071326761902,0.09929980701532282
E10_current_steady,ablation_a2,20001005,1,0,,1,False,False,True,8,8,8,1.0,189.29999999999353,0.08577422770091384,0.25062492482319954,0,94.35346791734216,-0.03720951104752901,3.0021355260135487,0.05,1.0007118420045162,0.014947202224463538,0.9281563655573164,0.05305071326761902,0.09929980701532282
E10_current_steady,covariance_only,20001005,0,0,,0,False,False,True,8,8,8,1.0,189.09999999999354,0.10062004280120894,0.25798553594437656,0,94.24223839165079,-0.03834450620764507,3.0022313883083975,0.05,1.0007437961027992,0.05206355175055058,0.9994711792702274,0.08438337667012837,0.14857838244401986
E10_current_steady,dead_reckoning,20001005,0,0,,0,False,False,True,8,8,8,1.0,189.09999999999354,0.086588455354299,0.3617121216846755,0,94.24338828764716,-0.038332772575028984,3.0022323448606003,0.05,1.0007441149535334,0.16750084678171065,0.0005288207297726071,0.16533082469102806,0.2635306125898744
E10_current_steady,fixed,20001005,0,1,,0,False,False,True,8,8,8,1.0,378.1000000000175,0.06996068635662628,0.2406879544023628,0,95.28058637801786,-0.02774911859165452,1.019837566402345,0.14997355197037818,0.3399458554674483,0.010745477259347064,1.0,0.021985129388764256,0.02815646985676782
E10_current_steady,oracle,20001005,0,1,,0,False,False,True,8,8,8,1.0,189.8999999999935,0.06522362998535468,0.21062842074139354,0,94.62992397447425,-0.034388530872711764,2.0123561146559688,0.1499473407056345,0.6707853715519896,0.004867473084480339,0.9310163243812533,0.045760247352688715,0.08310478793694319
E10_current_steady,proposed,20001005,1,0,,1,False,False,True,8,8,8,1.0,189.29999999999353,0.08577422770091384,0.25062492482319954,0,94.35346791734216,-0.03720951104752901,3.0021355260135487,0.05,1.0007118420045162,0.014947202224463538,0.9281563655573164,0.05305071326761902,0.09929980701532282
E10_current_steady,residual_only,20001005,0,0,,0,False,False,True,8,8,8,1.0,189.29999999999353,0.08577422770091384,0.25062492482319954,0,94.35346791734216,-0.03720951104752901,3.0021355260135487,0.05,1.0007118420045162,0.014947202224463538,0.9281563655573164,0.05305071326761902,0.09929980701532282
E10_current_steady,ablation_a1,20001006,1,0,,1,False,False,True,8,8,8,1.0,191.19999999999342,0.06406231284886849,0.1947024284918255,0,94.97788122341483,-0.03083794669984874,3.0012242238463385,0.05000000000000001,1.0004080746154462,0.09328913100142082,0.8666317991631799,0.09108352443234582,0.11482216673797487
E10_current_steady,ablation_a2,20001006,1,0,,1,False,False,True,8,8,8,1.0,191.19999999999342,0.06406231284886849,0.1947024284918255,0,94.97788122341483,-0.03083794669984874,3.0012242238463385,0.05000000000000001,1.0004080746154462,0.09328913100142082,0.8666317991631799,0.09108352443234582,0.11482216673797487
E10_current_steady,covariance_only,20001006,0,0,,0,False,False,True,8,8,8,1.0,191.5999999999934,0.05129006780174549,0.19645625542993628,0,95.21518715018453,-0.028416457651178284,3.0012762095669108,0.05,1.0004254031889703,0.1488503935236848,0.9994780793319415,0.11907900320362073,0.16320074843491214
E10_current_steady,dead_reckoning,20001006,0,0,,0,False,False,True,8,8,8,1.0,192.09999999999337,0.15869280189706658,0.22173617932493528,0,95.47349315226687,-0.02578068211972584,3.0012691251469787,0.05,1.0004230417156597,0.2286213172767399,0.0005205622071837585,0.23587281399386048,0.34347431121165617
E10_current_steady,fixed,20001006,0,1,,0,False,False,True,8,8,8,1.0,380.0000000000179,0.08632259077418718,0.2740035104636238,0,95.31742570364439,-0.027373207105669484,1.018450094543889,0.1499736842105263,0.339483364847963,0.017702785486953324,1.0,0.02859356902407461,0.03225700301391326
E10_current_steady,oracle,20001006,0,1,,0,False,False,True,8,8,8,1.0,191.29999999999342,0.042678564385949504,0.18957905722698287,0,95.10011310813985,-0.029590682570001525,3.002583419909878,0.05000000000000001,1.0008611399699594,0.11486215719206319,0.7548353371667538,0.11014943090759131,0.1689693204872739
E10_current_steady,proposed,20001006,1,0,,1,False,False,True,8,8,8,1.0,191.19999999999342,0.06406231284886849,0.1947024284918255,0,94.97788122341483,-0.03083794669984874,3.0012242238463385,0.05000000000000001,1.0004080746154462,0.09328913100142082,0.8666317991631799,0.09108352443234582,0.11482216673797487
E10_current_steady,residual_only,20001006,0,0,,0,False,False,True,8,8,8,1.0,191.19999999999342,0.06406231284886849,0.1947024284918255,0,94.97788122341483,-0.03083794669984874,3.0012242238463385,0.05000000000000001,1.0004080746154462,0.09328913100142082,0.8666317991631799,0.09108352443234582,0.11482216673797487
E10_current_steady,ablation_a1,20001007,1,0,,1,False,False,True,8,8,8,1.0,190.89999999999344,0.07831004103075073,0.20208851917154114,0,94.84195959616737,-0.03222490207992479,3.0003526342278284,0.05000000000000001,1.0001175447426094,0.06895827493332571,0.9135673127291776,0.07022895541359041,0.11584535694049179
E10_current_steady,ablation_a2,20001007,1,0,,1,False,False,True,8,8,8,1.0,190.89999999999344,0.07831004103075073,0.20208851917154114,0,94.84195959616737,-0.03222490207992479,3.0003526342278284,0.05000000000000001,1.0001175447426094,0.06895827493332571,0.9135673127291776,0.07022895541359041,0.11584535694049179
E10_current_steady,covariance_only,20001007,0,0,,0,False,False,True,8,8,8,1.0,190.79999999999345,0.09547441142713772,0.2641170058653586,0,94.79776579873783,-0.0326758591965528,3.0003352203284823,0.05,1.000111740109494,0.07474098365637204,0.999475890985325,0.08771714182137864,0.1502266529222625
E10_current_steady,dead_reckoning,20001007,0,0,,0,False,False,True,8,8,8,1.0,191.09999999999343,0.14604621571050172,0.3267582109778342,0,94.95066006213166,-0.031115713651717725,3.0003271472056254,0.05,1.0001090490685418,0.15095043654296345,0.0005232862375719519,0.16094914282729914,0.24536774907211764
E10_current_steady,fixed,20001007,0,1,,0,False,False,True,8,8,8,1.0,379.1000000000177,0.08578148098231984,0.2539337601267313,0,95.30333065878571,-0.027517034094023396,1.0197266652084762,0.14997362173568976,0.3399088884028254,0.015456619715817658,1.0,0.026588827674377456,0.02979188660067464
E10_current_steady,oracle,20001007,0,1,,0,False,False,True,8,8,8,1.0,190.99999999999343,0.04756710678816644,0.1793877594844644,0,95.35790375188054,-0.026960165797137337,1.0393330817547781,0.14994764397905758,0.34644436058492606,0.1784577510650024,0.2942408376963351,0.119558519672907,0.20876395835238615
E10_current_steady,proposed,20001007,1,0,,1,False,False,True,8,8,8,1.0,190.89999999999344,0.07831004103075073,0.20208851917154114,0,94.84195959616737,-0.03222490207992479,3.0003526342278284,0.05000000000000001,1.0001175447426094,0.06895827493332571,0.9135673127291776,0.07022895541359041,0.11584535694049179
E10_current_steady,residual_only,20001007,0,0,,0,False,False,True,8,8,8,1.0,190.89999999999344,0.07831004103075073,0.20208851917154114,0,94.84195959616737,-0.03222490207992479,3.0003526342278284,0.05000000000000001,1.0001175447426094,0.06895827493332571,0.9135673127291776,0.07022895541359041,0.11584535694049179
E10_current_steady,ablation_a1,20001008,1,0,,1,False,False,True,8,8,8,1.0,189.8999999999935,0.12711636715412308,0.38673433249999967,0,94.52649096469116,-0.03544396974804931,2.9990664047679125,0.05000000000000001,0.9996888015893042,0.20689915580877627,0.44075829383886256,0.1385979615605544,0.22648153509592486
E10_current_steady,ablation_a2,20001008,1,0,,1,False,False,True,8,8,8,1.0,189.8999999999935,0.12711636715412308,0.38673433249999967,0,94.52649096469116,-0.03544396974804931,2.9990664047679125,0.05000000000000001,0.9996888015893042,0.20689915580877627,0.44075829383886256,0.1385979615605544,0.22648153509592486
E10_current_steady,covariance_only,20001008,0,0,,0,False,False,True,8,8,8,1.0,189.7999999999935,0.13524796283640825,0.3648663014363116,0,94.46589413603148,-0.03606230473437266,2.999137724961898,0.05,0.9997125749872993,0.16754373645826245,1.0,0.15047038415991984,0.24777114309908693
E10_current_steady,dead_reckoning,20001008,0,0,,0,False,False,True,8,8,8,1.0,189.5999999999935,0.29775956987835306,0.5974644687342732,0,94.3613980910163,-0.03712859090799692,2.999139628679731,0.05,0.9997132095599103,0.2584719224110348,0.0005274261603375527,0.28094199836655825,0.4116582316291736
E10_current_steady,fixed,20001008,0,1,,0,False,False,True,8,8,8,1.0,379.5000000000178,0.1180654908212231,0.2609539847077169,0,95.40212316193447,-0.026508947327199328,1.0205244703024325,0.14997364953886688,0.3401748234341442,0.01637013598911403,1.0,0.026048585762583273,0.029870876746339276
E10_current_steady,oracle,20001008,0,1,,0,False,False,True,8,8,8,1.0,190.39999999999347,0.06823553402088375,0.19588298056585352,0,95.21673801876328,-0.028400632461599185,1.0416175972207533,0.1499474789915966,0.3472058657402511,0.10747556501410492,0.9847689075630253,0.08153970533567703,0.1464117304501901
E10_current_steady,proposed,20001008,1,0,,1,False,False,True,8,8,8,1.0,189.8999999999935,0.12711636715412308,0.38673433249999967,0,94.52649096469116,-0.03544396974804931,2.9990664047679125,0.05000000000000001,0.9996888015893042,0.20689915580877627,0.44075829383886256,0.1385979615605544,0.22648153509592486
E10_current_steady,residual_only,20001008,0,0,,0,False,False,True,8,8,8,1.0,189.8999999999935,0.12711636715412308,0.38673433249999967,0,94.52649096469116,-0.03544396974804931,2.9990664047679125,0.05000000000000001,0.9996888015893042,0.20689915580877627,0.44075829383886256,0.1385979615605544,0.22648153509592486
E10_current_steady,ablation_a1,20001009,1,0,,1,False,False,True,8,8,8,1.0,190.19999999999348,0.07567859048041771,0.20952046819915093,0,94.622352362321,-0.034465792221214375,2.9981022812660987,0.05,0.9993674270886995,0.029600691085426473,0.9558359621451105,0.059164639105502397,0.08706411662555445
E10_current_steady,ablation_a2,20001009,1,0,,1,False,False,True,8,8,8,1.0,190.19999999999348,0.07567859048041771,0.20952046819915093,0,94.622352362321,-0.034465792221214375,2.9981022812660987,0.05,0.9993674270886995,0.029600691085426473,0.9558359621451105,0.059164639105502397,0.08706411662555445
E10_current_steady,covariance_only,20001009,0,0,,0,False,False,True,8,8,8,1.0,190.19999999999348,0.07496153513608352,0.2024495227280685,0,94.63097402205726,-0.034377816101456515,2.9981576039666398,0.05,0.99938586798888,0.05623172238900852,1.0,0.0763215478871594,0.10983234059918079
E10_current_steady,dead_reckoning,20001009,0,0,,0,False,False,True,8,8,8,1.0,190.59999999999346,0.05175351882419479,0.2517097629032694,0,94.82846260792672,-0.032362626449727316,2.998162257596832,0.05,0.999387419198944,0.09038588709395481,0.0005246589716684155,0.11373861417028569,0.16105572215967048
E10_current_steady,fixed,20001009,0,1,,0,False,False,True,8,8,8,1.0,378.1000000000175,0.08009872565509416,0.25209334533220584,0,95.29898924072263,-0.02756133427834051,1.0189858798904254,0.14997355197037818,0.33966195996347515,0.012411488549227486,1.0,0.025077543608471926,0.030805934648303168
E10_current_steady,oracle,20001009,0,1,,0,False,False,True,8,8,8,1.0,190.49999999999346,0.06311069951641711,0.1912136329275098,0,95.24116332822106,-0.028151394609989167,1.0372711093035636,0.44979002624671927,0.3457570364345212,0.025815825792665524,0.9858267716535433,0.0510928878562095,0.06780036584294696
E10_current_steady,proposed,20001009,1,0,,1,False,False,True,8,8,8,1.0,190.19999999999348,0.07567859048041771,0.20952046819915093,0,94.622352362321,-0.034465792221214375,2.9981022812660987,0.05,0.9993674270886995,0.029600691085426473,0.9558359621451105,0.059164639105502397,0.08706411662555445
E10_current_steady,residual_only,20001009,0,0,,0,False,False,True,8,8,8,1.0,190.19999999999348,0.07567859048041771,0.20952046819915093,0,94.622352362321,-0.034465792221214375,2.9981022812660987,0.05,0.9993674270886995,0.029600691085426473,0.9558359621451105,0.059164639105502397,0.08706411662555445
E11_current_building,ablation_a1,20001000,3,0,,3,False,False,True,8,8,8,1.0,192.29999999999336,0.08287667961421316,0.3582642455229692,0,95.35257590219864,-0.02701453161021794,2.9988651345145096,0.05,0.9996217115048366,0.4100965425913839,0.20228809152366095,0.25676435458514163,0.4084039211723268
E11_current_building,ablation_a2,20001000,3,0,,3,False,False,True,8,8,8,1.0,192.29999999999336,0.08287667961421316,0.3582642455229692,0,95.35257590219864,-0.02701453161021794,2.9988651345145096,0.05,0.9996217115048366,0.4100965425913839,0.20228809152366095,0.25676435458514163,0.4084039211723268
E11_current_building,covariance_only,20001000,0,0,,0,False,False,True,8,8,8,1.0,192.39999999999336,0.11207637424229279,0.2108987993365128,0,95.40538634463744,-0.026475649544515978,2.9988920034473807,0.05000000000000001,0.9996306678157936,0.3688698564587957,0.23284823284823286,0.27244054369046605,0.42623932803940434
E11_current_building,dead_reckoning,20001000,0,0,,0,False,False,True,8,8,8,1.0,192.49999999999335,0.17591752964625937,0.27237024899404005,0,95.45642679661681,-0.025954828605950886,2.9988926501766144,0.05,0.9996308833922048,0.30829165501719347,0.0005194805194805195,0.30104168450903185,0.46127216740136084
E11_current_building,fixed,20001000,0,1,,0,False,False,True,8,8,8,1.0,379.70000000001784,0.07464495824646698,0.23814304855723067,0,95.53784580111486,-0.025124022437603477,1.0176759672247764,0.14997366341848822,0.3392253224082588,0.040642582035591054,1.0,0.04340659564059744,0.055536933046558705
E11_current_building,oracle,20001000,0,1,,0,False,False,True,8,8,8,1.0,191.99999999999338,0.060703465351603564,0.2199927561605617,0,95.35384892550462,-0.02700154157648349,2.0100245251336237,0.05000000000000001,0.6700081750445412,0.22260704591743088,0.6864583333333333,0.17685127528560174,0.3151935923222546
E11_current_building,proposed,20001000,3,0,,3,False,False,True,8,8,8,1.0,192.29999999999336,0.08287667961421316,0.3582642455229692,0,95.35257590219864,-0.02701453161021794,2.9988651345145096,0.05,0.9996217115048366,0.4100965425913839,0.20228809152366095,0.25676435458514163,0.4084039211723268
E11_current_building,residual_only,20001000,0,62,,0,False,False,True,8,8,8,1.0,192.49999999999335,0.09407924461806488,0.320444359630665,0,95.31134988570034,-0.02743520524795573,2.998738279025053,0.05,0.9995794263416844,0.4127436065215736,0.3236363636363636,0.23980718985694782,0.39104962862616566
E11_current_building,ablation_a1,20001001,3,0,,3,False,False,True,8,8,8,1.0,192.09999999999337,0.07605758805766184,0.3558702184873166,0,95.01943828932099,-0.030413895006928704,2.9998013706888904,0.05,0.9999337902296301,0.3417343699919716,0.22644456012493494,0.20713148198007517,0.33984927271110965
E11_current_building,ablation_a2,20001001,3,0,,3,False,False,True,8,8,8,1.0,192.09999999999337,0.07605758805766184,0.3558702184873166,0,95.01943828932099,-0.030413895006928704,2.9998013706888904,0.05,0.9999337902296301,0.3417343699919716,0.22644456012493494,0.20713148198007517,0.33984927271110965
E11_current_building,covariance_only,20001001,0,0,,0,False,False,True,8,8,8,1.0,192.29999999999336,0.06806488485696567,0.3359912019469036,0,95.11518107302881,-0.029436927826236636,2.9997737214079256,0.05,0.9999245738026419,0.30250010015840445,0.23400936037441497,0.211801609840212,0.32743816399977327
E11_current_building,dead_reckoning,20001001,0,0,,0,False,False,True,8,8,8,1.0,192.49999999999335,0.11247362210287051,0.19705526146103658,0,95.20192661892095,-0.028551769194684162,2.999750905732196,0.05,0.9999169685773986,0.23084664004282443,0.0005194805194805195,0.22509998220871247,0.33911762098910775
E11_current_building,fixed,20001001,0,1,,0,False,False,True,8,8,8,1.0,378.00000000001745,0.07450692693549472,0.27462657686592706,0,95.35828632898208,-0.026956261949162452,1.0182339589082354,0.14997354497354493,0.33941131963607846,0.028132463584474476,1.0,0.034930583640290544,0.04585456135081246
E11_current_building,oracle,20001001,0,0,,0,False,False,True,8,8,8,1.0,191.5999999999934,0.04898534539807316,0.2039798797591903,0,95.5231247149735,-0.025274237602311178,1.037855306874494,0.14994780793319412,0.34595176895816465,0.07695834304090672,0.2781837160751566,0.13854228599043278,0.22718702616273825
E11_current_building,proposed,20001001,3,0,,3,False,False,True,8,8,8,1.0,192.09999999999337,0.07605758805766184,0.3558702184873166,0,95.01943828932099,-0.030413895006928704,2.9998013706888904,0.05,0.9999337902296301,0.3417343699919716,0.22644456012493494,0.20713148198007517,0.33984927271110965
E11_current_building,residual_only,20001001,0,60,,0,False,False,True,8,8,8,1.0,191.7999999999934,0.109128911254862,0.3238210364302301,0,95.00874620008642,-0.030522997958301823,2.998097993402451,0.05000000000000001,0.999365997800817,0.32082487245150587,0.35818561001042754,0.18512729388429208,0.3130741130143825
E11_current_building,ablation_a1,20001002,3,0,,3,False,False,True,8,8,8,1.0,191.4999999999934,0.07055984206781551,0.2767423061485168,0,94.89604851416524,-0.031672974345252625,3.0008147543122923,0.05000000000000001,1.0002715847707642,0.17200044082085517,0.22767624020887728,0.11986763856448915,0.19171238849798108
E11_current_building,ablation_a2,20001002,3,0,,3,False,False,True,8,8,8,1.0,191.4999999999934,0.07055984206781551,0.2767423061485168,0,94.89604851416524,-0.031672974345252625,3.0008147543122923,0.05000000000000001,1.0002715847707642,0.17200044082085517,0.22767624020887728,0.11986763856448915,0.19171238849798108
E11_current_building,covariance_only,20001002,0,0,,0,False,False,True,8,8,8,1.0,191.4999999999934,0.05254807621335909,0.2036983142214166,0,94.89691390193326,-0.0316641438578239,3.0008364272374446,0.05000000000000001,1.0002788090791481,0.1525896040285367,0.2318537859007833,0.12069654465640549,0.18559465334802555
E11_current_building,dead_reckoning,20001002,0,0,,0,False,False,True,8,8,8,1.0,191.5999999999934,0.06911178639523205,0.11532297077186504,0,94.94541771564424,-0.03116920698322201,3.000835566978085,0.05,1.0002785223260282,0.13529842642100062,0.0005219206680584551,0.16272624741098377,0.23310204565175752
E11_current_building,fixed,20001002,0,1,,0,False,False,True,8,8,8,1.0,378.50000000001756,0.08978358041577285,0.24755933981221112,0,95.46968682158384,-0.025819522228736402,1.0193560380550777,0.14997357992073973,0.33978534601835925,0.017454156549870536,1.0,0.028049608563736745,0.03837266114298769
E11_current_building,oracle,20001002,0,1,,0,False,False,True,8,8,8,1.0,191.4999999999934,0.045613082360589245,0.1874405521409237,0,94.95192522988931,-0.031102803776639654,3.000176848006418,0.14994778067885117,1.0000589493354728,0.16304212519413847,0.10548302872062663,0.13144707841727196,0.20554813366229766
E11_current_building,proposed,20001002,3,0,,3,False,False,True,8,8,8,1.0,191.4999999999934,0.07055984206781551,0.2767423061485168,0,94.89604851416524,-0.031672974345252625,3.0008147543122923,0.05000000000000001,1.0002715847707642,0.17200044082085517,0.22767624020887728,0.11986763856448915,0.19171238849798108
E11_current_building,residual_only,20001002,0,59,,0,False,False,True,8,8,8,1.0,191.89999999999338,0.08158050738436216,0.2635383462990024,0,94.94191273835625,-0.03120497205758932,2.9965454671819325,0.05000000000000001,0.9988484890606442,0.14349433575729267,0.3658155289213132,0.10307261517715292,0.16000389375377863
E11_current_building,ablation_a1,20001003,3,0,,3,False,False,True,8,8,8,1.0,191.3999999999934,0.15550234083996642,0.36950927079811713,0,94.68877655756319,-0.03378799431057977,2.999559832737,0.05000000000000001,0.999853277579,0.17579200548082616,0.22100313479623823,0.1433741621644361,0.2202535177317138
E11_current_building,ablation_a2,20001003,3,0,,3,False,False,True,8,8,8,1.0,191.3999999999934,0.15550234083996642,0.36950927079811713,0,94.68877655756319,-0.03378799431057977,2.999559832737,0.05000000000000001,0.999853277579,0.17579200548082616,0.22100313479623823,0.1433741621644361,0.2202535177317138
E11_current_building,covariance_only,20001003,0,0,,0,False,False,True,8,8,8,1.0,191.29999999999342,0.20527870968646567,0.43287429695294577,0,94.63633537872694,-0.034323108380337364,2.9995536003048486,0.05000000000000001,0.9998512001016162,0.1625848854785442,0.23575535807631992,0.1598419443281193,0.24076652789709665
E11_current_building,dead_reckoning,20001003,0,0,,0,False,False,True,8,8,8,1.0,191.3999999999934,0.23611063951551617,0.4687150665554167,0,94.68622405887363,-0.033814040215575214,2.9995493167727894,0.05000000000000001,0.9998497722575964,0.2074471542698942,0.0005224660397074191,0.1973884513598734,0.29043344775883273
E11_current_building,fixed,20001003,0,1,,0,False,False,True,8,8,8,1.0,379.0000000000177,0.11603343489725722,0.2630393867487415,0,95.41221350561938,-0.026405984636536983,1.0185338121715009,0.14997361477572554,0.33951127072383364,0.020733171333581556,1.0,0.028771601949262357,0.03778119209236585
E11_current_building,oracle,20001003,0,1,,0,False,False,True,8,8,8,1.0,190.99999999999343,0.07179211404599432,0.20639240524633173,0,95.19621127737464,-0.02861008900638118,1.0373049590708185,0.05000000000000001,0.34576831969027283,0.3034828371379168,0.3020942408376963,0.18781189484682564,0.33464848303076883
E11_current_building,proposed,20001003,3,0,,3,False,False,True,8,8,8,1.0,191.3999999999934,0.15550234083996642,0.36950927079811713,0,94.68877655756319,-0.03378799431057977,2.999559832737,0.05000000000000001,0.999853277579,0.17579200548082616,0.22100313479623823,0.1433741621644361,0.2202535177317138
E11_current_building,residual_only,20001003,0,59,,0,False,False,True,8,8,8,1.0,190.79999999999345,0.12011845624639662,0.3105958465625207,0,94.62510914392375,-0.034437661796696384,2.9972915135417852,0.05,0.999097171180595,0.21162522201597542,0.36268343815513626,0.14566517647728802,0.2500295025329559
E11_current_building,ablation_a1,20001004,3,0,,3,False,False,True,8,8,8,1.0,191.19999999999342,0.14984857539986107,0.3664853531847134,0,94.68700792985643,-0.033806041532077225,2.998808948299267,0.05000000000000001,0.9996029827664223,0.20109801509776737,0.2186192468619247,0.15479487164668987,0.23367885194146942
E11_current_building,ablation_a2,20001004,3,0,,3,False,False,True,8,8,8,1.0,191.19999999999342,0.14984857539986107,0.3664853531847134,0,94.68700792985643,-0.033806041532077225,2.998808948299267,0.05000000000000001,0.9996029827664223,0.20109801509776737,0.2186192468619247,0.15479487164668987,0.23367885194146942
E11_current_building,covariance_only,20001004,0,0,,0,False,False,True,8,8,8,1.0,191.09999999999343,0.20484433804913926,0.4242456903286196,0,94.63642620192306,-0.03432218161303002,2.998790089021517,0.05,0.9995966963405056,0.17766538976433938,0.23757195185766614,0.17389652503739195,0.2590696669033896
E11_current_building,dead_reckoning,20001004,0,0,,0,False,False,True,8,8,8,1.0,191.09999999999343,0.27724752828529775,0.5071269325615564,0,94.63609581569692,-0.03432555290105188,2.998789820265449,0.05,0.9995966067551496,0.1771593822349638,0.0005232862375719519,0.22337282192051866,0.3231838433129288
E11_current_building,fixed,20001004,0,1,,0,False,False,True,8,8,8,1.0,379.2000000000177,0.1324764666738793,0.2971431791163317,0,95.48692787362985,-0.025643593126225994,1.0191884854349733,0.14997362869198308,0.3397294951449911,0.017919041625258116,1.0,0.03242731160733457,0.042245363787434
E11_current_building,oracle,20001004,0,1,,0,False,False,True,8,8,8,1.0,191.29999999999342,0.0755182082267746,0.2574160228863285,0,95.10064821930685,-0.02958522225197091,2.0098839974534086,0.14994772608468374,0.6699613324844695,0.13534514620743837,0.9722948248823837,0.12362357491841584,0.27000068580898223
E11_current_building,proposed,20001004,3,0,,3,False,False,True,8,8,8,1.0,191.19999999999342,0.14984857539986107,0.3664853531847134,0,94.68700792985643,-0.033806041532077225,2.998808948299267,0.05000000000000001,0.9996029827664223,0.20109801509776737,0.2186192468619247,0.15479487164668987,0.23367885194146942
E11_current_building,residual_only,20001004,0,59,,0,False,False,True,8,8,8,1.0,190.99999999999343,0.11625717400207518,0.3143113112451754,0,94.76718337802782,-0.032987924714001804,2.9990759841734533,0.05000000000000001,0.9996919947244844,0.22050033935766913,0.34450261780104713,0.15206367129319104,0.2514467425605573
E11_current_building,ablation_a1,20001005,3,0,,3,False,False,True,8,8,8,1.0,190.39999999999347,0.12579270441616458,0.2816459614243403,0,94.4887162355581,-0.035829426167774514,3.0003372269848785,0.05000000000000001,1.0001124089949596,0.14245546987680302,0.23004201680672268,0.11482092118127972,0.19442962424324736
E11_current_building,ablation_a2,20001005,3,0,,3,False,False,True,8,8,8,1.0,190.39999999999347,0.12579270441616458,0.2816459614243403,0,94.4887162355581,-0.035829426167774514,3.0003372269848785,0.05000000000000001,1.0001124089949596,0.14245546987680302,0.23004201680672268,0.11482092118127972,0.19442962424324736
E11_current_building,covariance_only,20001005,0,0,,0,False,False,True,8,8,8,1.0,190.29999999999347,0.1122117926604031,0.31498196704798076,0,94.4359321246887,-0.036368039543992814,3.0003553907776706,0.05,1.0001184635925569,0.13008079991261226,0.23804519180241723,0.12371274445183825,0.20636622980795857
E11_current_building,dead_reckoning,20001005,0,0,,0,False,False,True,8,8,8,1.0,190.29999999999347,0.08215743544751115,0.2253882932085407,0,94.43491692713519,-0.0363783987027021,3.0003548099525346,0.05,1.0001182699841782,0.14259647104992457,0.0005254860746190226,0.1537229094930673,0.24223943640465895
E11_current_building,fixed,20001005,0,1,,0,False,False,True,8,8,8,1.0,377.8000000000174,0.0763937486691202,0.2540185846170391,0,95.35319178800022,-0.02700824706122229,1.0198415820180549,0.1499735309687665,0.3399471940060183,0.011334839246508292,1.0,0.01898113396325946,0.03332007224917493
E11_current_building,oracle,20001005,0,1,,0,False,False,True,8,8,8,1.0,378.00000000001745,0.07599072169707866,0.2543661823836949,0,95.38999257548485,-0.026632728821583074,1.019944743060992,0.14997354497354493,0.33998158102033066,0.013443003501836814,0.9592592592592593,0.018885987323825563,0.03387079681583812
E11_current_building,proposed,20001005,3,0,,3,False,False,True,8,8,8,1.0,190.39999999999347,0.12579270441616458,0.2816459614243403,0,94.4887162355581,-0.035829426167774514,3.0003372269848785,0.05000000000000001,1.0001124089949596,0.14245546987680302,0.23004201680672268,0.11482092118127972,0.19442962424324736
E11_current_building,residual_only,20001005,0,59,,0,False,False,True,8,8,8,1.0,190.49999999999346,0.12479280096174543,0.26359010081290357,0,94.48009113172947,-0.03591743743133202,2.999455100887645,0.05000000000000001,0.9998183669625483,0.12731462267606644,0.35118110236220473,0.09803085632887985,0.15395719804887315
E11_current_building,ablation_a1,20001006,5,0,,5,False,False,True,8,8,8,1.0,192.49999999999335,0.06301673907006002,0.20497855943569032,0,95.36073994749803,-0.026931225025530248,2.999422522800876,0.05,0.999807507600292,0.27607519404853914,0.22857142857142856,0.17243360512917466,0.28380923295401617
E11_current_building,ablation_a2,20001006,5,0,,5,False,False,True,8,8,8,1.0,192.49999999999335,0.06301673907006002,0.20497855943569032,0,95.36073994749803,-0.026931225025530248,2.999422522800876,0.05,0.999807507600292,0.27607519404853914,0.22857142857142856,0.17243360512917466,0.28380923295401617
E11_current_building,covariance_only,20001006,0,0,,0,False,False,True,8,8,8,1.0,192.59999999999334,0.06968207028575185,0.15399423707349813,0,95.41322819837602,-0.026395630628816114,2.9994236226950246,0.05,0.9998078742316748,0.2463619731443837,0.23572170301142265,0.1778292087871214,0.2645431613350835
E11_current_building,dead_reckoning,20001006,0,0,,0,False,False,True,8,8,8,1.0,192.69999999999334,0.1425919090274053,0.23962890459380048,0,95.46462933740199,-0.025871129210183752,2.9994215524330756,0.05000000000000001,0.9998071841443585,0.22816123009399572,0.0005189413596263622,0.23926147975293752,0.3457831932932244
E11_current_building,fixed,20001006,0,1,,0,False,False,True,8,8,8,1.0,380.300000000018,0.08828120374367988,0.2713906356379976,0,95.51842293137032,-0.025322214986017055,1.0184853008926043,0.1499737049697607,0.33949510029753477,0.02589259787540171,1.0,0.035178001799256856,0.04210127969991539
E11_current_building,oracle,20001006,0,1,,0,False,False,True,8,8,8,1.0,192.79999999999333,0.043438510018459796,0.23441000971009274,0,95.6278609446095,-0.024205500565209204,2.011468934467106,0.4497925311203321,0.6704896448223687,0.18199498807143127,0.1825726141078838,0.13956995841716516,0.20492612488037146
E11_current_building,proposed,20001006,5,0,,5,False,False,True,8,8,8,1.0,192.49999999999335,0.06301673907006002,0.20497855943569032,0,95.36073994749803,-0.026931225025530248,2.999422522800876,0.05,0.999807507600292,0.27607519404853914,0.22857142857142856,0.17243360512917466,0.28380923295401617
E11_current_building,residual_only,20001006,0,62,,0,False,False,True,8,8,8,1.0,192.59999999999334,0.08916688280803095,0.23912672598662432,0,95.34758832640537,-0.027065425240761498,2.9980164231350273,0.05,0.9993388077116757,0.24685728342967914,0.37383177570093457,0.1465816094993899,0.24441130340347514
E11_current_building,ablation_a1,20001007,3,0,,3,False,False,True,8,8,8,1.0,192.09999999999337,0.11466154004134774,0.2699882041462689,0,94.9697928857184,-0.030920480757975488,2.997246953571792,0.05,0.999082317857264,0.08679071444471616,0.22904737116085372,0.100346753797261,0.16531408193386055
E11_current_building,ablation_a2,20001007,3,0,,3,False,False,True,8,8,8,1.0,192.09999999999337,0.11466154004134774,0.2699882041462689,0,94.9697928857184,-0.030920480757975488,2.997246953571792,0.05,0.999082317857264,0.08679071444471616,0.22904737116085372,0.100346753797261,0.16531408193386055
E11_current_building,covariance_only,20001007,0,0,,0,False,False,True,8,8,8,1.0,191.89999999999338,0.15325414565036652,0.3315758789519676,0,94.87354397397603,-0.03190261251044868,2.99724825731205,0.05000000000000001,0.9990827524373499,0.08820619035481829,0.23710265763418448,0.11904808829678093,0.19221616394944102
E11_current_building,dead_reckoning,20001007,0,0,,0,False,False,True,8,8,8,1.0,191.99999999999338,0.17527675294407033,0.3563576813506555,0,94.92278006992184,-0.03140020336814442,2.997249816569329,0.05000000000000001,0.9990832721897763,0.1525718943534986,0.0005208333333333333,0.1685279367655177,0.25872028097543615
E11_current_building,fixed,20001007,0,1,,0,False,False,True,8,8,8,1.0,379.1000000000177,0.09864206430714083,0.2551642175273283,0,95.49997298463927,-0.025510479748578896,1.0197027085201122,0.14997362173568976,0.33990090284003743,0.017408945553678282,1.0,0.03040609914118855,0.03861467405898286
E11_current_building,oracle,20001007,0,0,,0,False,False,True,8,8,8,1.0,191.7999999999934,0.0684140254453851,0.22230645277838335,0,95.24601395745827,-0.02810189839328292,2.012265299567138,0.14994786235662147,0.6707550998557127,0.16404014765423244,0.2956204379562044,0.12317271343934748,0.23937244661386078
E11_current_building,proposed,20001007,3,0,,3,False,False,True,8,8,8,1.0,192.09999999999337,0.11466154004134774,0.2699882041462689,0,94.9697928857184,-0.030920480757975488,2.997246953571792,0.05,0.999082317857264,0.08679071444471616,0.22904737116085372,0.100346753797261,0.16531408193386055
E11_current_building,residual_only,20001007,0,58,,0,False,False,True,8,8,8,1.0,191.5999999999934,0.1057927172492355,0.2784014228254894,0,94.89679500442519,-0.03166535709770213,2.9993852804446477,0.05,0.9997950934815493,0.10212542442525076,0.35908141962421714,0.09731637801523689,0.1800828938022544
E11_current_building,ablation_a1,20001008,3,0,,3,False,False,True,8,8,8,1.0,190.89999999999344,0.19887348235044514,0.43969536227179384,0,94.4978818516938,-0.03573589947251221,3.0000474195256044,0.05000000000000001,1.0000158065085347,0.2507253665320428,0.18648507071765322,0.19921503958458142,0.2872862305820242
E11_current_building,ablation_a2,20001008,3,0,,3,False,False,True,8,8,8,1.0,190.89999999999344,0.19887348235044514,0.43969536227179384,0,94.4978818516938,-0.03573589947251221,3.0000474195256044,0.05000000000000001,1.0000158065085347,0.2507253665320428,0.18648507071765322,0.19921503958458142,0.2872862305820242
E11_current_building,covariance_only,20001008,0,0,,0,False,False,True,8,8,8,1.0,190.89999999999344,0.24473806425722885,0.4930663691187398,0,94.49515205193191,-0.03576375457212333,3.0000817538986015,0.05000000000000001,1.0000272512995338,0.2383391583628602,0.2357255107386066,0.22344346654378544,0.3325229485930767
E11_current_building,dead_reckoning,20001008,0,0,,0,False,False,True,8,8,8,1.0,190.89999999999344,0.31659744499798165,0.5796913933240493,0,94.49459002542076,-0.035769489536522814,3.0000820808041704,0.05000000000000001,1.0000273602680567,0.22929613209773336,0.0005238344683080147,0.2735154326000926,0.39785221134713794
E11_current_building,fixed,20001008,0,1,,0,False,False,True,8,8,8,1.0,379.70000000001784,0.13559532420590992,0.28331816268615384,0,95.65548389870276,-0.02392363368670658,1.0204361760395466,0.14997366341848822,0.3401453920131822,0.03238838769987566,1.0,0.036067230421069574,0.047840666847565924
E11_current_building,oracle,20001008,0,0,,0,False,False,True,8,8,8,1.0,191.19999999999342,0.07479589272633332,0.23140800782575965,0,95.15415669503724,-0.029039217397579087,1.040348183409815,0.14994769874476985,0.34678272780327163,0.15517643584468196,0.8321129707112971,0.10646794782586275,0.23428879070100853
E11_current_building,proposed,20001008,3,0,,3,False,False,True,8,8,8,1.0,190.89999999999344,0.19887348235044514,0.43969536227179384,0,94.4978818516938,-0.03573589947251221,3.0000474195256044,0.05000000000000001,1.0000158065085347,0.2507253665320428,0.18648507071765322,0.19921503958458142,0.2872862305820242
E11_current_building,residual_only,20001008,0,59,,0,False,False,True,8,8,8,1.0,190.29999999999347,0.15302096343698376,0.3653796017868185,0,94.49685401038461,-0.035746387649136624,3.000994568228472,0.05,1.000331522742824,0.2920478969681478,0.31266421439831843,0.19406898228173858,0.29843100260899436
E11_current_building,ablation_a1,20001009,5,0,,5,False,False,True,8,8,8,1.0,191.6999999999934,0.06863447749325226,0.20706174059757787,0,94.89921801637222,-0.0316406324859978,2.9999123432233974,0.05,0.9999707810744658,0.11870362061260975,0.2310902451747522,0.10269380153224832,0.16132168319481816
E11_current_building,ablation_a2,20001009,5,0,,5,False,False,True,8,8,8,1.0,191.6999999999934,0.06863447749325226,0.20706174059757787,0,94.89921801637222,-0.0316406324859978,2.9999123432233974,0.05,0.9999707810744658,0.11870362061260975,0.2310902451747522,0.10269380153224832,0.16132168319481816
E11_current_building,covariance_only,20001009,0,0,,0,False,False,True,8,8,8,1.0,191.6999999999934,0.05920649535872678,0.2654759094700321,0,94.89952738760711,-0.03163747563666219,2.9999198976622687,0.05,0.9999732992207563,0.10380019754264606,0.23735002608242045,0.10103468206257053,0.15321820196466435
E11_current_building,dead_reckoning,20001009,0,0,,0,False,False,True,8,8,8,1.0,191.7999999999934,0.055478168892737934,0.2513457713077436,0,94.95029005629227,-0.031119489221507424,2.9999190012855133,0.05000000000000001,0.9999730004285045,0.09193443904407693,0.0005213764337851929,0.11427698522033954,0.15763241729698588
E11_current_building,fixed,20001009,0,1,,0,False,False,True,8,8,8,1.0,378.00000000001745,0.09070632028791255,0.25898750913191737,0,95.44569566629357,-0.026064329935779895,1.0188759880948044,0.14997354497354493,0.3396253293649348,0.010488036473227654,1.0,0.025345224006140435,0.03574383461266968
E11_current_building,oracle,20001009,5,0,,5,False,False,True,8,8,8,1.0,191.6999999999934,0.06863447749325226,0.20706174059757787,0,94.89921801637222,-0.0316406324859978,2.9999123432233974,0.05,0.9999707810744658,0.11870362061260975,0.2310902451747522,0.10269380153224832,0.16132168319481816
E11_current_building,proposed,20001009,5,0,,5,False,False,True,8,8,8,1.0,191.6999999999934,0.06863447749325226,0.20706174059757787,0,94.89921801637222,-0.0316406324859978,2.9999123432233974,0.05,0.9999707810744658,0.11870362061260975,0.2310902451747522,0.10269380153224832,0.16132168319481816
E11_current_building,residual_only,20001009,0,60,,0,False,False,True,8,8,8,1.0,191.3999999999934,0.102027529019729,0.23200640225830416,0,94.82613456300247,-0.03238638201017885,2.999138865314506,0.05000000000000001,0.9997129551048354,0.10838922130871753,0.35266457680250785,0.09155477678899282,0.14526015334549616
E12_current_rotating,ablation_a1,20001000,3,0,0.5000000000005898,2,False,False,True,8,8,8,1.0,192.49999999999335,0.10000744764296597,0.2650828927870754,0,95.14871790365795,-0.029094715268796367,2.997283991871807,0.05,0.999094663957269,0.12384940595922865,0.5657142857142857,0.15499207279058363,0.2715982706027064
E12_current_rotating,ablation_a2,20001000,3,0,0.5000000000005898,2,False,False,True,8,8,8,1.0,192.49999999999335,0.10000744764296597,0.2650828927870754,0,95.14871790365795,-0.029094715268796367,2.997283991871807,0.05,0.999094663957269,0.12384940595922865,0.5657142857142857,0.15499207279058363,0.2715982706027064
E12_current_rotating,covariance_only,20001000,0,0,,0,False,False,True,8,8,8,1.0,192.09999999999337,0.11300212458040339,0.28680713240366185,0,95.15435457970948,-0.02903719816622985,2.9972651999173228,0.05,0.9990883999724409,0.21560827752763778,0.9989588755856325,0.17177875030019443,0.2720249473636047
E12_current_rotating,dead_reckoning,20001000,0,0,,0,False,False,True,8,8,8,1.0,192.59999999999334,0.18802589752802706,0.31282016549499403,0,95.59220784253799,-0.02456930772920418,2.997151862664652,0.05,0.9990506208882173,0.3840720947417228,0.0005192107995846313,0.35385883198943485,0.533832949898051
E12_current_rotating,fixed,20001000,0,1,,0,False,False,True,8,8,8,1.0,381.8000000000183,0.1803780179296508,0.3626004596037724,0,95.10114595821715,-0.02958014328349856,1.0189919935060003,0.14997380827658457,0.33966399783533346,0.02689671600383214,1.0,0.029451103349257168,0.03708686881732294
E12_current_rotating,oracle,20001000,0,1,,0,False,False,True,8,8,8,1.0,192.59999999999334,0.09918710147015866,0.26216478448358993,0,95.19365087656266,-0.028636215545279065,2.997613839930868,0.05,0.9992046133102893,0.11720862573135095,0.5233644859813084,0.15802999533995427,0.27963430324527083
E12_current_rotating,proposed,20001000,3,0,0.5000000000005898,2,False,False,True,8,8,8,1.0,192.49999999999335,0.10000744764296597,0.2650828927870754,0,95.14871790365795,-0.029094715268796367,2.997283991871807,0.05,0.999094663957269,0.12384940595922865,0.5657142857142857,0.15499207279058363,0.2715982706027064
E12_current_rotating,residual_only,20001000,0,0,,0,False,False,True,8,8,8,1.0,192.49999999999335,0.10000744764296597,0.2650828927870754,0,95.14871790365795,-0.029094715268796367,2.997283991871807,0.05,0.999094663957269,0.12384940595922865,0.5657142857142857,0.15499207279058363,0.2715982706027064
E12_current_rotating,ablation_a1,20001001,3,0,0.5000000000005898,2,False,False,True,8,8,8,1.0,192.09999999999337,0.12523773962495793,0.25958903590689086,0,94.93920891505378,-0.031232562091287885,3.002042681456224,0.05,1.0006808938187415,0.13133082777815697,0.8261322228006247,0.09130195000804799,0.13438402699249966
E12_current_rotating,ablation_a2,20001001,3,0,0.5000000000005898,2,False,False,True,8,8,8,1.0,192.09999999999337,0.12523773962495793,0.25958903590689086,0,94.93920891505378,-0.031232562091287885,3.002042681456224,0.05,1.0006808938187415,0.13133082777815697,0.8261322228006247,0.09130195000804799,0.13438402699249966
E12_current_rotating,covariance_only,20001001,0,0,,0,False,False,True,8,8,8,1.0,192.09999999999337,0.11513400585685514,0.2677702555022443,0,95.07548164938393,-0.029842023985878208,3.0019451530140153,0.05,1.0006483843380052,0.1557720219016802,1.0,0.13266194993322866,0.20676749256109103
E12_current_rotating,dead_reckoning,20001001,0,0,,0,False,False,True,8,8,8,1.0,192.19999999999337,0.14345486781721434,0.27375670888363857,0,95.3452126202898,-0.02708966713990002,3.0019472670383793,0.05000000000000001,1.000649089012793,0.32959661688399305,0.0005202913631633715,0.2955205845581023,0.43936025792290617
E12_current_rotating,fixed,20001001,0,1,,0,False,False,True,8,8,8,1.0,382.00000000001836,0.183989645491106,0.3490225460514349,0,95.11203400959259,-0.029469040718442918,1.0196858823177537,0.14997382198952877,0.3398952941059179,0.021229779428854487,1.0,0.027381788836534814,0.03463873419376708
E12_current_rotating,oracle,20001001,0,1,,0,False,False,True,8,8,8,1.0,192.29999999999336,0.10239525682938791,0.25799226014385646,0,95.28979157452498,-0.02765518801505118,2.0101851074089816,0.14994799791991678,0.6700617024696606,0.22752225311962393,0.46437857514300573,0.11788001834217454,0.19645917281360772
E12_current_rotating,proposed,20001001,3,0,0.5000000000005898,2,False,False,True,8,8,8,1.0,192.09999999999337,0.12523773962495793,0.25958903590689086,0,94.93920891505378,-0.031232562091287885,3.002042681456224,0.05,1.0006808938187415,0.13133082777815697,0.8261322228006247,0.09130195000804799,0.13438402699249966
E12_current_rotating,residual_only,20001001,0,0,,0,False,False,True,8,8,8,1.0,192.09999999999337,0.12523773962495793,0.25958903590689086,0,94.93920891505378,-0.031232562091287885,3.002042681456224,0.05,1.0006808938187415,0.13133082777815697,0.8261322228006247,0.09130195000804799,0.13438402699249966
E12_current_rotating,ablation_a1,20001002,3,0,0.5000000000005898,2,False,False,True,8,8,8,1.0,191.19999999999342,0.11680481631397406,0.24928859152245453,0,94.6703392717098,-0.03397612988051213,2.9994004782442456,0.05000000000000001,0.9998001594147485,0.053784753814617246,0.9440376569037657,0.06864055200805969,0.10223003207560176
E12_current_rotating,ablation_a2,20001002,3,0,0.5000000000005898,2,False,False,True,8,8,8,1.0,191.19999999999342,0.11680481631397406,0.24928859152245453,0,94.6703392717098,-0.03397612988051213,2.9994004782442456,0.05000000000000001,0.9998001594147485,0.053784753814617246,0.9440376569037657,0.06864055200805969,0.10223003207560176
E12_current_rotating,covariance_only,20001002,0,0,,0,False,False,True,8,8,8,1.0,191.3999999999934,0.10826845314705964,0.2778793031738669,0,94.88065777349287,-0.03183002271946045,2.9992907990132007,0.05000000000000001,0.9997635996710669,0.08824360367635911,1.0,0.09379640997544754,0.1380344400528805
E12_current_rotating,dead_reckoning,20001002,0,0,,0,False,False,True,8,8,8,1.0,191.29999999999342,0.09848460741768869,0.21590614816410003,0,95.0122636402095,-0.030487105712147966,2.999189745171647,0.05000000000000001,0.9997299150572156,0.1645639412869669,0.0005227391531625719,0.1901962042083943,0.2617191550867742
E12_current_rotating,fixed,20001002,0,1,,0,False,False,True,8,8,8,1.0,381.3000000000182,0.1701370644464418,0.3268134628549415,0,95.16434003199913,-0.02893530579592718,1.0182549899329567,0.14997377393128766,0.33941832997765226,0.024264646139527373,1.0,0.025654408114614273,0.03140256275140223
E12_current_rotating,oracle,20001002,0,1,,0,False,False,True,8,8,8,1.0,191.6999999999934,0.09736319807083058,0.22222370959232007,0,95.39951438302153,-0.026535567520188486,1.0385626679184676,0.14994783515910273,0.3461875559728225,0.03392866621695279,0.989567031820553,0.052589065737683544,0.07082953246034354
E12_current_rotating,proposed,20001002,3,0,0.5000000000005898,2,False,False,True,8,8,8,1.0,191.19999999999342,0.11680481631397406,0.24928859152245453,0,94.6703392717098,-0.03397612988051213,2.9994004782442456,0.05000000000000001,0.9998001594147485,0.053784753814617246,0.9440376569037657,0.06864055200805969,0.10223003207560176
E12_current_rotating,residual_only,20001002,0,0,,0,False,False,True,8,8,8,1.0,191.19999999999342,0.11680481631397406,0.24928859152245453,0,94.6703392717098,-0.03397612988051213,2.9994004782442456,0.05000000000000001,0.9998001594147485,0.053784753814617246,0.9440376569037657,0.06864055200805969,0.10223003207560176
E12_current_rotating,ablation_a1,20001003,3,0,0.5000000000005898,2,False,False,True,8,8,8,1.0,191.3999999999934,0.11391923798740512,0.28360125925570046,0,94.76267869834682,-0.033033890833195745,2.999985852452335,0.05000000000000001,0.9999952841507783,0.12148425637287878,0.8145245559038663,0.07372323597802066,0.12620694964278031
E12_current_rotating,ablation_a2,20001003,3,0,0.5000000000005898,2,False,False,True,8,8,8,1.0,191.3999999999934,0.11391923798740512,0.28360125925570046,0,94.76267869834682,-0.033033890833195745,2.999985852452335,0.05000000000000001,0.9999952841507783,0.12148425637287878,0.8145245559038663,0.07372323597802066,0.12620694964278031
E12_current_rotating,covariance_only,20001003,0,0,,0,False,False,True,8,8,8,1.0,190.89999999999344,0.13952083609379906,0.34509264526916894,0,94.5810586304266,-0.03488715683238164,2.999916785475843,0.05000000000000001,0.999972261825281,0.09817246178920701,0.997904662126768,0.09099555687390647,0.13932224819513267
E12_current_rotating,dead_reckoning,20001003,0,0,,0,False,False,True,8,8,8,1.0,190.69999999999345,0.2181019381750852,0.47088869186373117,0,94.6458535051986,-0.0342259846408306,2.9999865993756507,0.05000000000000001,0.9999955331252169,0.1473398541627238,0.0005243838489774515,0.18006953559634975,0.26018558749136306
E12_current_rotating,fixed,20001003,0,1,,0,False,False,True,8,8,8,1.0,381.10000000001816,0.15248058496459105,0.308023918040341,0,95.1914780873119,-0.02865838686416422,1.0194932756437411,0.1499737601679349,0.33983109188124705,0.020103628474234178,1.0,0.024365548138667464,0.028203247774504947
E12_current_rotating,oracle,20001003,0,1,,0,False,False,True,8,8,8,1.0,191.4999999999934,0.09904010548274748,0.22832215186834937,0,95.44627033657139,-0.02605846595335315,1.0387959519560348,0.44979112271540483,0.34626531731867827,0.03452279476852052,0.9874673629242819,0.052380619442392286,0.07626853052543167
E12_current_rotating,proposed,20001003,3,0,0.5000000000005898,2,False,False,True,8,8,8,1.0,191.3999999999934,0.11391923798740512,0.28360125925570046,0,94.76267869834682,-0.033033890833195745,2.999985852452335,0.05000000000000001,0.9999952841507783,0.12148425637287878,0.8145245559038663,0.07372323597802066,0.12620694964278031
E12_current_rotating,residual_only,20001003,0,0,,0,False,False,True,8,8,8,1.0,191.3999999999934,0.11391923798740512,0.28360125925570046,0,94.76267869834682,-0.033033890833195745,2.999985852452335,0.05000000000000001,0.9999952841507783,0.12148425637287878,0.8145245559038663,0.07372323597802066,0.12620694964278031
E12_current_rotating,ablation_a1,20001004,3,0,0.5000000000005898,2,False,False,True,8,8,8,1.0,191.29999999999342,0.10280402563974604,0.2705909705889731,0,94.83004759603077,-0.0323464531017269,2.9974676829051004,0.05000000000000001,0.9991558943017002,0.15538824758034742,0.7433350757971772,0.0883040295228735,0.1472943040065901
E12_current_rotating,ablation_a2,20001004,3,0,0.5000000000005898,2,False,False,True,8,8,8,1.0,191.29999999999342,0.10280402563974604,0.2705909705889731,0,94.83004759603077,-0.0323464531017269,2.9974676829051004,0.05000000000000001,0.9991558943017002,0.15538824758034742,0.7433350757971772,0.0883040295228735,0.1472943040065901
E12_current_rotating,covariance_only,20001004,0,0,,0,False,False,True,8,8,8,1.0,190.99999999999343,0.1378984690654694,0.3450116058900665,0,94.77440064058135,-0.03291427917774137,2.997240876605644,0.05000000000000001,0.9990802922018814,0.11046324794367177,0.9989528795811519,0.10656556132942309,0.15533178658948715
E12_current_rotating,dead_reckoning,20001004,0,0,,0,False,False,True,8,8,8,1.0,190.69999999999345,0.27204505077148666,0.5236471427107521,0,94.73434566641376,-0.03332300340394123,2.9972371873789956,0.05000000000000001,0.9990790624596652,0.1299983457139222,0.0005243838489774515,0.22237217681675633,0.3217795448973432
E12_current_rotating,fixed,20001004,0,1,,0,False,False,True,8,8,8,1.0,380.60000000001804,0.15720949959822034,0.32598093018360963,0,95.15290083731838,-0.029052032272261386,1.0190609342726729,0.14997372569626902,0.33968697809089093,0.019485528704918688,1.0,0.02547448988295777,0.02931265740796601
E12_current_rotating,oracle,20001004,0,1,,0,False,False,True,8,8,8,1.0,191.09999999999343,0.09757393076143721,0.21798975725228997,0,95.3692669020504,-0.02684421528519998,1.0392803485888311,0.05,0.3464267828629437,0.03397629976950518,0.9863945578231292,0.05546213990954168,0.0832997889208137
E12_current_rotating,proposed,20001004,3,0,0.5000000000005898,2,False,False,True,8,8,8,1.0,191.29999999999342,0.10280402563974604,0.2705909705889731,0,94.83004759603077,-0.0323464531017269,2.9974676829051004,0.05000000000000001,0.9991558943017002,0.15538824758034742,0.7433350757971772,0.0883040295228735,0.1472943040065901
E12_current_rotating,residual_only,20001004,0,0,,0,False,False,True,8,8,8,1.0,191.29999999999342,0.10280402563974604,0.2705909705889731,0,94.83004759603077,-0.0323464531017269,2.9974676829051004,0.05000000000000001,0.9991558943017002,0.15538824758034742,0.7433350757971772,0.0883040295228735,0.1472943040065901
E12_current_rotating,ablation_a1,20001005,3,0,0.5000000000005898,2,False,False,True,8,8,8,1.0,190.59999999999346,0.1268609875560096,0.2936512386476764,0,94.56905159087059,-0.03500967764417773,2.998560914905903,0.05,0.9995203049686343,0.015520568830023314,0.9270724029380902,0.05390295038369539,0.09810125634122925
E12_current_rotating,ablation_a2,20001005,3,0,0.5000000000005898,2,False,False,True,8,8,8,1.0,190.59999999999346,0.1268609875560096,0.2936512386476764,0,94.56905159087059,-0.03500967764417773,2.998560914905903,0.05,0.9995203049686343,0.015520568830023314,0.9270724029380902,0.05390295038369539,0.09810125634122925
E12_current_rotating,covariance_only,20001005,0,0,,0,False,False,True,8,8,8,1.0,190.29999999999347,0.1344427463396978,0.28386453069872086,0,94.42960518567881,-0.036432600146134586,2.998621483242326,0.05,0.9995404944141087,0.05178873851382993,0.998949027850762,0.0833764279082238,0.14542057281763013
E12_current_rotating,dead_reckoning,20001005,0,0,,0,False,False,True,8,8,8,1.0,190.09999999999349,0.10414006130037429,0.40595019187998815,0,94.45615335961317,-0.03616170041211053,2.998626659590071,0.05,0.9995422198633569,0.0947242360599259,0.0005260389268805891,0.16083345297959992,0.25342857380910744
E12_current_rotating,fixed,20001005,0,1,,0,False,False,True,8,8,8,1.0,381.8000000000183,0.16412336347884693,0.33804495659751055,0,95.08588585968742,-0.029735858574618135,1.020180787779194,0.14997380827658457,0.34006026259306465,0.018293277112979813,1.0,0.022157712556933336,0.02948665436687688
E12_current_rotating,oracle,20001005,0,1,,0,False,False,True,8,8,8,1.0,191.19999999999342,0.09421709420523515,0.22393576616032052,0,95.27205894224461,-0.02783613324240186,1.0378796090929217,0.14994769874476985,0.34595986969764053,0.021710017703515133,0.9874476987447699,0.04575806594702616,0.06608560620716138
E12_current_rotating,proposed,20001005,3,0,0.5000000000005898,2,False,False,True,8,8,8,1.0,190.59999999999346,0.1268609875560096,0.2936512386476764,0,94.56905159087059,-0.03500967764417773,2.998560914905903,0.05,0.9995203049686343,0.015520568830023314,0.9270724029380902,0.05390295038369539,0.09810125634122925
E12_current_rotating,residual_only,20001005,0,0,,0,False,False,True,8,8,8,1.0,190.59999999999346,0.1268609875560096,0.2936512386476764,0,94.56905159087059,-0.03500967764417773,2.998560914905903,0.05,0.9995203049686343,0.015520568830023314,0.9270724029380902,0.05390295038369539,0.09810125634122925
E12_current_rotating,ablation_a1,20001006,3,0,0.5000000000005898,2,False,False,True,8,8,8,1.0,192.19999999999337,0.11079519721134237,0.25038278207529174,0,95.08689047905732,-0.029725607356557937,2.99928512343016,0.05000000000000001,0.9997617078100532,0.09879881327895745,0.8995837669094693,0.08397622461121773,0.11518055546601103
E12_current_rotating,ablation_a2,20001006,3,0,0.5000000000005898,2,False,False,True,8,8,8,1.0,192.19999999999337,0.11079519721134237,0.25038278207529174,0,95.08689047905732,-0.029725607356557937,2.99928512343016,0.05000000000000001,0.9997617078100532,0.09879881327895745,0.8995837669094693,0.08397622461121773,0.11518055546601103
E12_current_rotating,covariance_only,20001006,0,0,,0,False,False,True,8,8,8,1.0,192.29999999999336,0.1051175632616571,0.24081931926343136,0,95.28071817108628,-0.02774777376442572,2.9992008116643754,0.05,0.9997336038881252,0.13893944085045212,1.0,0.11505230851616942,0.16595683749216505
E12_current_rotating,dead_reckoning,20001006,0,0,,0,False,False,True,8,8,8,1.0,192.69999999999334,0.13128518591706995,0.23870292150687789,0,95.62184388394968,-0.024266899143370657,2.9991942355091576,0.05000000000000001,0.9997314118363859,0.19732107282085845,0.0005189413596263622,0.21910133026281522,0.3224083683642978
E12_current_rotating,fixed,20001006,0,1,,0,False,False,True,8,8,8,1.0,381.2000000000182,0.17627295377505536,0.3443161325883821,0,95.12031024065716,-0.029384589381049375,1.0180489597368865,0.14997376705141652,0.3393496532456288,0.02182161200204402,1.0,0.028327122746472255,0.03385752060874208
E12_current_rotating,oracle,20001006,0,1,,0,False,False,True,8,8,8,1.0,192.59999999999334,0.08550001191329908,0.2176763464592244,0,95.27093233319466,-0.02784762925311568,2.999671334223285,0.05,0.9998904447410949,0.13672462799485946,0.7876427829698858,0.10500631232643635,0.15066327900348145
E12_current_rotating,proposed,20001006,3,0,0.5000000000005898,2,False,False,True,8,8,8,1.0,192.19999999999337,0.11079519721134237,0.25038278207529174,0,95.08689047905732,-0.029725607356557937,2.99928512343016,0.05000000000000001,0.9997617078100532,0.09879881327895745,0.8995837669094693,0.08397622461121773,0.11518055546601103
E12_current_rotating,residual_only,20001006,0,0,,0,False,False,True,8,8,8,1.0,192.19999999999337,0.11079519721134237,0.25038278207529174,0,95.08689047905732,-0.029725607356557937,2.99928512343016,0.05000000000000001,0.9997617078100532,0.09879881327895745,0.8995837669094693,0.08397622461121773,0.11518055546601103
E12_current_rotating,ablation_a1,20001007,3,0,0.5000000000005898,2,False,False,True,8,8,8,1.0,191.4999999999934,0.11066744872364784,0.23500130338991632,0,94.9418646036938,-0.031205463227614305,2.998656452504003,0.05000000000000001,0.9995521508346678,0.06433534352722417,0.9201044386422976,0.06794895353866398,0.10519198481207548
E12_current_rotating,ablation_a2,20001007,3,0,0.5000000000005898,2,False,False,True,8,8,8,1.0,191.4999999999934,0.11066744872364784,0.23500130338991632,0,94.9418646036938,-0.031205463227614305,2.998656452504003,0.05000000000000001,0.9995521508346678,0.06433534352722417,0.9201044386422976,0.06794895353866398,0.10519198481207548
E12_current_rotating,covariance_only,20001007,0,0,,0,False,False,True,8,8,8,1.0,191.19999999999342,0.1239054625268907,0.2834959831516599,0,94.89886484305565,-0.031644236295350514,2.998777159154531,0.05000000000000001,0.9995923863848436,0.06527975024382729,0.9989539748953975,0.08672928581077972,0.12957090084001602
E12_current_rotating,dead_reckoning,20001007,0,0,,0,False,False,True,8,8,8,1.0,191.09999999999343,0.11058235063667281,0.289878790927403,0,94.93143902417448,-0.03131184669209719,2.9988413353564205,0.05,0.9996137784521402,0.18901691313177213,0.0005232862375719519,0.17357511176848783,0.25308621339696336
E12_current_rotating,fixed,20001007,0,1,,0,False,False,True,8,8,8,1.0,380.70000000001806,0.16398363689395454,0.30094022254633046,0,95.05657109052545,-0.03003498887218925,1.0215083005844963,0.14997373259784602,0.3405027668614988,0.020257551588145503,1.0,0.026043587647615156,0.030313370001906544
E12_current_rotating,oracle,20001007,0,1,,0,False,False,True,8,8,8,1.0,191.4999999999934,0.0867024810992287,0.2157490946507341,0,95.06580400518877,-0.029940775457257485,2.0118734846889486,0.14994778067885117,0.6706244948963161,0.04367177173038132,1.0,0.05866747775850814,0.0823102249165766
E12_current_rotating,proposed,20001007,3,0,0.5000000000005898,2,False,False,True,8,8,8,1.0,191.4999999999934,0.11066744872364784,0.23500130338991632,0,94.9418646036938,-0.031205463227614305,2.998656452504003,0.05000000000000001,0.9995521508346678,0.06433534352722417,0.9201044386422976,0.06794895353866398,0.10519198481207548
E12_current_rotating,residual_only,20001007,0,0,,0,False,False,True,8,8,8,1.0,191.4999999999934,0.11066744872364784,0.23500130338991632,0,94.9418646036938,-0.031205463227614305,2.998656452504003,0.05000000000000001,0.9995521508346678,0.06433534352722417,0.9201044386422976,0.06794895353866398,0.10519198481207548
E12_current_rotating,ablation_a1,20001008,3,0,0.5000000000005898,2,False,False,True,8,8,8,1.0,190.49999999999346,0.16860406120759375,0.4401714658150375,0,94.5127825684315,-0.03558385134253572,2.99936083342001,0.05000000000000001,0.9997869444733367,0.08219532545573126,0.38110236220472443,0.1527798584608803,0.23374889439563346
E12_current_rotating,ablation_a2,20001008,3,0,0.5000000000005898,2,False,False,True,8,8,8,1.0,190.49999999999346,0.16860406120759375,0.4401714658150375,0,94.5127825684315,-0.03558385134253572,2.99936083342001,0.05000000000000001,0.9997869444733367,0.08219532545573126,0.38110236220472443,0.1527798584608803,0.23374889439563346
E12_current_rotating,covariance_only,20001008,0,0,,0,False,False,True,8,8,8,1.0,190.29999999999347,0.14689004889955087,0.3835572059138883,0,94.52984520084712,-0.03540974284849874,2.9993000177792615,0.05,0.9997666725930872,0.1559687550552505,1.0,0.133690741942373,0.19215711270135946
E12_current_rotating,dead_reckoning,20001008,0,0,,0,False,False,True,8,8,8,1.0,190.09999999999349,0.2852962223093588,0.5784142836333448,0,94.4911081123435,-0.03580501926180102,2.999313297324645,0.05,0.9997710991082149,0.23941619184708982,0.0005260389268805891,0.2747840070926075,0.39469578761626206
E12_current_rotating,fixed,20001008,0,1,,0,False,False,True,8,8,8,1.0,379.70000000001784,0.1607917411864506,0.3162034895244408,0,95.12920810115416,-0.029293794886182,1.0205755984298244,0.14997366341848822,0.3401918661432748,0.02005004547302037,1.0,0.02577507837300472,0.030226540258268465
E12_current_rotating,oracle,20001008,0,1,,0,False,False,True,8,8,8,1.0,190.99999999999343,0.09162200286855238,0.23751400373518372,0,94.99906149514572,-0.030621821478104883,2.0106997111886464,0.05000000000000001,0.6702332370628822,0.12585176879912283,1.0,0.07611564935984574,0.13552555510475664
E12_current_rotating,proposed,20001008,3,0,0.5000000000005898,2,False,False,True,8,8,8,1.0,190.49999999999346,0.16860406120759375,0.4401714658150375,0,94.5127825684315,-0.03558385134253572,2.99936083342001,0.05000000000000001,0.9997869444733367,0.08219532545573126,0.38110236220472443,0.1527798584608803,0.23374889439563346
E12_current_rotating,residual_only,20001008,0,0,,0,False,False,True,8,8,8,1.0,190.49999999999346,0.16860406120759375,0.4401714658150375,0,94.5127825684315,-0.03558385134253572,2.99936083342001,0.05000000000000001,0.9997869444733367,0.08219532545573126,0.38110236220472443,0.1527798584608803,0.23374889439563346
E12_current_rotating,ablation_a1,20001009,3,0,0.5000000000005898,2,False,False,True,8,8,8,1.0,191.4999999999934,0.12419657965811023,0.25779801171735306,0,94.71823549685375,-0.0334873928892474,2.997744782813527,0.05000000000000001,0.9992482609378422,0.029739493153279478,0.9608355091383812,0.05937228250454373,0.089747097937143
E12_current_rotating,ablation_a2,20001009,3,0,0.5000000000005898,2,False,False,True,8,8,8,1.0,191.4999999999934,0.12419657965811023,0.25779801171735306,0,94.71823549685375,-0.0334873928892474,2.997744782813527,0.05000000000000001,0.9992482609378422,0.029739493153279478,0.9608355091383812,0.05937228250454373,0.089747097937143
E12_current_rotating,covariance_only,20001009,0,0,,0,False,False,True,8,8,8,1.0,191.29999999999342,0.1258365184081433,0.26941141765268206,0,94.71824282565487,-0.0334873181055626,2.9977589286611708,0.05000000000000001,0.9992529762203902,0.05293044430958563,0.9994772608468374,0.0808276845895069,0.12362528276091757
E12_current_rotating,dead_reckoning,20001009,0,0,,0,False,False,True,8,8,8,1.0,191.3999999999934,0.09392746524695497,0.2660650567245586,0,94.89863547116188,-0.031646576824878814,2.9976953041671974,0.05000000000000001,0.9992317680557324,0.08529559424773371,0.0005224660397074191,0.13298710017586632,0.16646007039936667
E12_current_rotating,fixed,20001009,0,1,,0,False,False,True,8,8,8,1.0,380.9000000000181,0.16292667111322914,0.31425080741973943,0,95.03143688145549,-0.03029146039331132,1.0200712439540651,0.1499737463901286,0.3400237479846884,0.019234573052057228,1.0,0.02464698067796027,0.03164451239251108
E12_current_rotating,oracle,20001009,0,0,,0,False,False,True,8,8,8,1.0,191.3999999999934,0.10413534435069882,0.2540903704870381,0,94.76307183501139,-0.033029879234577675,2.998480612607849,0.14994775339602923,0.9994935375359497,0.031899314429824216,0.9989550679205852,0.05945287172755445,0.08736627356592273
E12_current_rotating,proposed,20001009,3,0,0.5000000000005898,2,False,False,True,8,8,8,1.0,191.4999999999934,0.12419657965811023,0.25779801171735306,0,94.71823549685375,-0.0334873928892474,2.997744782813527,0.05000000000000001,0.9992482609378422,0.029739493153279478,0.9608355091383812,0.05937228250454373,0.089747097937143
E12_current_rotating,residual_only,20001009,0,0,,0,False,False,True,8,8,8,1.0,191.4999999999934,0.12419657965811023,0.25779801171735306,0,94.71823549685375,-0.0334873928892474,2.997744782813527,0.05000000000000001,0.9992482609378422,0.029739493153279478,0.9608355091383812,0.05937228250454373,0.089747097937143
E13_acoustic_noise,ablation_a1,20001000,1,0,,1,False,False,True,8,8,8,1.0,191.19999999999342,0.08393255168161308,0.243174560737915,0,95.16672633801444,-0.028910955734546495,2.9989872179085912,0.05000000000000001,0.9996624059695304,0.09834237878743188,0.46338912133891214,0.1746867968321943,0.30493825792069196
E13_acoustic_noise,ablation_a2,20001000,1,0,,1,False,False,True,8,8,8,1.0,191.19999999999342,0.08393255168161308,0.243174560737915,0,95.16672633801444,-0.028910955734546495,2.9989872179085912,0.05000000000000001,0.9996624059695304,0.09834237878743188,0.46338912133891214,0.1746867968321943,0.30493825792069196
E13_acoustic_noise,covariance_only,20001000,0,0,,0,False,False,True,8,8,8,1.0,191.09999999999343,0.08586354796087761,0.31157375041418733,0,95.11517341610579,-0.029437005958104168,2.999069428569543,0.05,0.999689809523181,0.24190946760606025,0.998953427524856,0.18553620728244302,0.2799473388668351
E13_acoustic_noise,dead_reckoning,20001000,0,0,,0,False,False,True,8,8,8,1.0,191.5999999999934,0.200644235817875,0.31889993205216527,0,95.36993133725557,-0.026837435334126858,2.9990741541931496,0.05,0.9996913847310499,0.3466715235974277,0.0005219206680584551,0.31963108411062513,0.49437313818245954
E13_acoustic_noise,fixed,20001000,0,1,,0,False,False,True,8,8,8,1.0,380.0000000000179,0.07732181335861983,0.24741606135988992,0,95.42885733410199,-0.02623614965202048,1.0177365703980228,0.1499736842105263,0.3392455234660076,0.024015776347189096,1.0,0.030023023016330183,0.03628831738965462
E13_acoustic_noise,oracle,20001000,0,0,,0,False,False,True,8,8,8,1.0,191.09999999999343,0.058459973983422876,0.21032560628216013,0,95.09563047249392,-0.029636423750062035,3.000576657479982,0.44979068550497137,1.0001922191599941,0.11882331078819088,0.43275771847200417,0.17021462795743958,0.2843529361286291
E13_acoustic_noise,proposed,20001000,1,0,,1,False,False,True,8,8,8,1.0,191.19999999999342,0.08393255168161308,0.243174560737915,0,95.16672633801444,-0.028910955734546495,2.9989872179085912,0.05000000000000001,0.9996624059695304,0.09834237878743188,0.46338912133891214,0.1746867968321943,0.30493825792069196
E13_acoustic_noise,residual_only,20001000,0,0,,0,False,False,True,8,8,8,1.0,191.19999999999342,0.08393255168161308,0.243174560737915,0,95.16672633801444,-0.028910955734546495,2.9989872179085912,0.05000000000000001,0.9996624059695304,0.09834237878743188,0.46338912133891214,0.1746867968321943,0.30493825792069196
E13_acoustic_noise,ablation_a1,20001001,1,0,,1,False,False,True,8,8,8,1.0,191.19999999999342,0.08030950114669065,0.2615599377639768,0,94.78285266926343,-0.03282803398710776,2.999497053062415,0.05000000000000001,0.999832351020805,0.12142297014924097,0.7175732217573222,0.1019454213947629,0.15143612942971232
E13_acoustic_noise,ablation_a2,20001001,1,0,,1,False,False,True,8,8,8,1.0,191.19999999999342,0.08030950114669065,0.2615599377639768,0,94.78285266926343,-0.03282803398710776,2.999497053062415,0.05000000000000001,0.999832351020805,0.12142297014924097,0.7175732217573222,0.1019454213947629,0.15143612942971232
E13_acoustic_noise,covariance_only,20001001,0,0,,0,False,False,True,8,8,8,1.0,191.3999999999934,0.06694557261046778,0.2681349511716222,0,94.90337899938154,-0.03159817347569849,2.999441484412423,0.05000000000000001,0.9998138281374743,0.16829609209699306,0.9994775339602926,0.1344745950521077,0.2019593787374249
E13_acoustic_noise,dead_reckoning,20001001,0,0,,0,False,False,True,8,8,8,1.0,192.09999999999337,0.13205395992370778,0.25775185364040887,0,95.24852313487371,-0.02807629454210503,2.999421093721911,0.05,0.999807031240637,0.22553708205650627,0.0005205622071837585,0.2330962904292409,0.3583988884095186
E13_acoustic_noise,fixed,20001001,0,1,,0,False,False,True,8,8,8,1.0,378.40000000001754,0.08841283339363518,0.27643419117462287,0,95.26957427446926,-0.027861486995211626,1.0183219762005136,0.14997357293868915,0.33944065873350454,0.021071725850313496,1.0,0.027544893504189465,0.03336493003774442
E13_acoustic_noise,oracle,20001001,0,1,,0,False,False,True,8,8,8,1.0,191.4999999999934,0.05445504482977957,0.32799802879178586,0,95.61137213201305,-0.024373753754968974,1.0365869172929276,0.14994778067885117,0.34552897243097586,0.3044454382707191,0.06631853785900783,0.1980287562844357,0.3111568963990665
E13_acoustic_noise,proposed,20001001,1,0,,1,False,False,True,8,8,8,1.0,191.19999999999342,0.08030950114669065,0.2615599377639768,0,94.78285266926343,-0.03282803398710776,2.999497053062415,0.05000000000000001,0.999832351020805,0.12142297014924097,0.7175732217573222,0.1019454213947629,0.15143612942971232
E13_acoustic_noise,residual_only,20001001,0,0,,0,False,False,True,8,8,8,1.0,191.19999999999342,0.08030950114669065,0.2615599377639768,0,94.78285266926343,-0.03282803398710776,2.999497053062415,0.05000000000000001,0.999832351020805,0.12142297014924097,0.7175732217573222,0.1019454213947629,0.15143612942971232
E13_acoustic_noise,ablation_a1,20001002,1,0,,1,False,False,True,8,8,8,1.0,190.79999999999345,0.07653939854135827,0.22084467335409386,0,94.68714474952789,-0.03380464541298078,2.9987219088289123,0.05,0.9995739696096374,0.04617024694540219,0.9465408805031447,0.06627725215251624,0.09534368794608006
E13_acoustic_noise,ablation_a2,20001002,1,0,,1,False,False,True,8,8,8,1.0,190.79999999999345,0.07653939854135827,0.22084467335409386,0,94.68714474952789,-0.03380464541298078,2.9987219088289123,0.05,0.9995739696096374,0.04617024694540219,0.9465408805031447,0.06627725215251624,0.09534368794608006
E13_acoustic_noise,covariance_only,20001002,0,0,,0,False,False,True,8,8,8,1.0,190.89999999999344,0.07296565566388855,0.2352288020271187,0,94.75344140402292,-0.03312814893854166,2.9987500041048265,0.05000000000000001,0.9995833347016089,0.08866495757380986,0.997904662126768,0.08824675191335501,0.12312808252520605
E13_acoustic_noise,dead_reckoning,20001002,0,0,,0,False,False,True,8,8,8,1.0,191.19999999999342,0.0779042944537763,0.12694143278846903,0,94.90157422349881,-0.031616589556134556,2.9987531427773675,0.05000000000000001,0.9995843809257892,0.13352626436057097,0.0005230125523012552,0.16116629321042217,0.23520303842836657
E13_acoustic_noise,fixed,20001002,0,1,,0,False,False,True,8,8,8,1.0,378.6000000000176,0.0924024119366156,0.2432628660161109,0,95.31299377803863,-0.027418430836340546,1.0194047616619473,0.14997358689910192,0.33980158722064907,0.0174423635444018,1.0,0.025866963735803376,0.030824776297359222
E13_acoustic_noise,oracle,20001002,0,1,,0,False,False,True,8,8,8,1.0,190.79999999999345,0.06202301352681988,0.19224907575860328,0,95.19939658413058,-0.028577585876218503,1.0412490481668477,0.4497903563941301,0.3470830160556159,0.03513253565574511,1.0,0.05248106030064031,0.06783052856047789
E13_acoustic_noise,proposed,20001002,1,0,,1,False,False,True,8,8,8,1.0,190.79999999999345,0.07653939854135827,0.22084467335409386,0,94.68714474952789,-0.03380464541298078,2.9987219088289123,0.05,0.9995739696096374,0.04617024694540219,0.9465408805031447,0.06627725215251624,0.09534368794608006
E13_acoustic_noise,residual_only,20001002,0,0,,0,False,False,True,8,8,8,1.0,190.79999999999345,0.07653939854135827,0.22084467335409386,0,94.68714474952789,-0.03380464541298078,2.9987219088289123,0.05,0.9995739696096374,0.04617024694540219,0.9465408805031447,0.06627725215251624,0.09534368794608006
E13_acoustic_noise,ablation_a1,20001003,1,0,,1,False,False,True,8,8,8,1.0,189.9999999999935,0.06486291197479631,0.2854683716117279,0,94.50820474084914,-0.0356305638688863,3.000079380222402,0.05,1.000026460074134,0.11452145694530241,0.6742105263157895,0.10996506154668681,0.2406861146151626
E13_acoustic_noise,ablation_a2,20001003,1,0,,1,False,False,True,8,8,8,1.0,189.9999999999935,0.06486291197479631,0.2854683716117279,0,94.50820474084914,-0.0356305638688863,3.000079380222402,0.05,1.000026460074134,0.11452145694530241,0.6742105263157895,0.10996506154668681,0.2406861146151626
E13_acoustic_noise,covariance_only,20001003,0,0,,0,False,False,True,8,8,8,1.0,189.9999999999935,0.09862981996159075,0.2831881187282619,0,94.47688938672833,-0.0359501082986905,3.000120737749828,0.05,1.0000402459166093,0.10693027576284694,0.9989473684210526,0.09717741794629169,0.1837951462059812
E13_acoustic_noise,dead_reckoning,20001003,0,0,,0,False,False,True,8,8,8,1.0,189.7999999999935,0.20032053357979407,0.44008290319035126,0,94.37558998618758,-0.03698377565114719,3.00012701610961,0.05,1.0000423387032034,0.202173357831644,0.0005268703898840885,0.19322785146846835,0.2796991566262631
E13_acoustic_noise,fixed,20001003,0,1,,0,False,False,True,8,8,8,1.0,378.80000000001763,0.09839567266911987,0.263623618245564,0,95.22205860520327,-0.028346340763231948,1.018563574247019,0.14997360084477293,0.339521191415673,0.017505129073637247,1.0,0.024416740761019573,0.02994556027656901
E13_acoustic_noise,oracle,20001003,0,1,,0,False,False,True,8,8,8,1.0,189.9999999999935,0.05216939440585262,0.23947364600299892,0,94.84138955274221,-0.032230718849569295,2.0105258490039506,0.1499473684210526,0.6701752830013169,0.12040389434625129,0.5321052631578947,0.12036412491021636,0.24694890515574727
E13_acoustic_noise,proposed,20001003,1,0,,1,False,False,True,8,8,8,1.0,189.9999999999935,0.06486291197479631,0.2854683716117279,0,94.50820474084914,-0.0356305638688863,3.000079380222402,0.05,1.000026460074134,0.11452145694530241,0.6742105263157895,0.10996506154668681,0.2406861146151626
E13_acoustic_noise,residual_only,20001003,0,0,,0,False,False,True,8,8,8,1.0,189.9999999999935,0.06486291197479631,0.2854683716117279,0,94.50820474084914,-0.0356305638688863,3.000079380222402,0.05,1.000026460074134,0.11452145694530241,0.6742105263157895,0.10996506154668681,0.2406861146151626
E13_acoustic_noise,ablation_a1,20001004,1,0,,1,False,False,True,8,8,8,1.0,190.69999999999345,0.06711533637840697,0.24310559829170408,0,94.67748296621593,-0.03390323503861292,2.9983877829170162,0.05000000000000001,0.9994625943056721,0.1581260107822269,0.6276874672260094,0.12311904006169508,0.26385815741189006
E13_acoustic_noise,ablation_a2,20001004,1,0,,1,False,False,True,8,8,8,1.0,190.69999999999345,0.06711533637840697,0.24310559829170408,0,94.67748296621593,-0.03390323503861292,2.9983877829170162,0.05000000000000001,0.9994625943056721,0.1581260107822269,0.6276874672260094,0.12311904006169508,0.26385815741189006
E13_acoustic_noise,covariance_only,20001004,0,0,,0,False,False,True,8,8,8,1.0,190.49999999999346,0.1100763994547919,0.31681771823425464,0,94.56609273972796,-0.035039870002775864,2.9983690633744184,0.05000000000000001,0.9994563544581395,0.11460296196804075,0.9989501312335958,0.11404975576434481,0.20186923059621706
E13_acoustic_noise,dead_reckoning,20001004,0,0,,0,False,False,True,8,8,8,1.0,190.29999999999347,0.2569102873838838,0.5303789590509211,0,94.46605040463201,-0.03606071015681622,2.998371994018104,0.05,0.999457331339368,0.1786149351599159,0.0005254860746190226,0.2288659514918729,0.33402366738840406
E13_acoustic_noise,fixed,20001004,0,1,,0,False,False,True,8,8,8,1.0,378.6000000000176,0.11121959932790833,0.25766402666815447,0,95.21643173560084,-0.02840375779999149,1.019381534188743,0.14997358689910192,0.339793844729581,0.015433803226222061,1.0,0.026049573406047275,0.030342737751448197
E13_acoustic_noise,oracle,20001004,0,1,,0,False,False,True,8,8,8,1.0,190.59999999999346,0.05917715019915938,0.2010629257266232,0,94.96642559670765,-0.03095484084992195,2.00996524939337,0.44979013641133275,0.6699884164644567,0.19198542568070306,0.4181532004197272,0.14259903978268906,0.29201588427597447
E13_acoustic_noise,proposed,20001004,1,0,,1,False,False,True,8,8,8,1.0,190.69999999999345,0.06711533637840697,0.24310559829170408,0,94.67748296621593,-0.03390323503861292,2.9983877829170162,0.05000000000000001,0.9994625943056721,0.1581260107822269,0.6276874672260094,0.12311904006169508,0.26385815741189006
E13_acoustic_noise,residual_only,20001004,0,0,,0,False,False,True,8,8,8,1.0,190.69999999999345,0.06711533637840697,0.24310559829170408,0,94.67748296621593,-0.03390323503861292,2.9983877829170162,0.05000000000000001,0.9994625943056721,0.1581260107822269,0.6276874672260094,0.12311904006169508,0.26385815741189006
E13_acoustic_noise,ablation_a1,20001005,1,0,,1,False,False,True,8,8,8,1.0,189.49999999999352,0.08643288440255702,0.2409094346748497,0,94.43662678220858,-0.03636095120195326,3.0021266850967057,0.05,1.0007088950322351,0.012636334792505324,0.9266490765171504,0.053064452921940404,0.09947049047180889
E13_acoustic_noise,ablation_a2,20001005,1,0,,1,False,False,True,8,8,8,1.0,189.49999999999352,0.08643288440255702,0.2409094346748497,0,94.43662678220858,-0.03636095120195326,3.0021266850967057,0.05,1.0007088950322351,0.012636334792505324,0.9266490765171504,0.053064452921940404,0.09947049047180889
E13_acoustic_noise,covariance_only,20001005,0,0,,0,False,False,True,8,8,8,1.0,189.19999999999354,0.10275433217405179,0.2852920647092496,0,94.2762980035909,-0.03799695914703172,3.0022256695513194,0.05,1.0007418898504399,0.051347104553948184,0.9994714587737844,0.08443375684081958,0.1485292093545565
E13_acoustic_noise,dead_reckoning,20001005,0,0,,0,False,False,True,8,8,8,1.0,189.29999999999353,0.08859751233125487,0.370109527541171,0,94.32737480886756,-0.03747576725645352,3.002221218595412,0.05,1.0007404061984706,0.169595505554288,0.0005282620179609086,0.1653441221981122,0.2634486053750782
E13_acoustic_noise,fixed,20001005,0,1,,0,False,False,True,8,8,8,1.0,378.40000000001754,0.07326816926869957,0.23754242529991032,0,95.32460828606284,-0.02729991544833832,1.019824748005746,0.14997357293868915,0.33994158266858204,0.01390300194542548,1.0,0.021978265273877695,0.028265988680057197
E13_acoustic_noise,oracle,20001005,0,1,,0,False,False,True,8,8,8,1.0,189.9999999999935,0.06218365146222338,0.2410947611620795,0,94.66399925158875,-0.03404082396338015,2.012354073181366,0.1499473684210526,0.6707846910604554,0.004586103180908327,0.9310526315789474,0.045766997224467004,0.08329452933213079
E13_acoustic_noise,proposed,20001005,1,0,,1,False,False,True,8,8,8,1.0,189.49999999999352,0.08643288440255702,0.2409094346748497,0,94.43662678220858,-0.03636095120195326,3.0021266850967057,0.05,1.0007088950322351,0.012636334792505324,0.9266490765171504,0.053064452921940404,0.09947049047180889
E13_acoustic_noise,residual_only,20001005,0,0,,0,False,False,True,8,8,8,1.0,189.49999999999352,0.08643288440255702,0.2409094346748497,0,94.43662678220858,-0.03636095120195326,3.0021266850967057,0.05,1.0007088950322351,0.012636334792505324,0.9266490765171504,0.053064452921940404,0.09947049047180889
E13_acoustic_noise,ablation_a1,20001006,1,0,,1,False,False,True,8,8,8,1.0,191.4999999999934,0.06166546670789126,0.1715661747335795,0,95.11296488447444,-0.029459541995158767,3.0012089317028248,0.05000000000000001,1.0004029772342748,0.09297424734328603,0.8668407310704961,0.09077513507121976,0.1153249646858532
E13_acoustic_noise,ablation_a2,20001006,1,0,,1,False,False,True,8,8,8,1.0,191.4999999999934,0.06166546670789126,0.1715661747335795,0,95.11296488447444,-0.029459541995158767,3.0012089317028248,0.05000000000000001,1.0004029772342748,0.09297424734328603,0.8668407310704961,0.09077513507121976,0.1153249646858532
E13_acoustic_noise,covariance_only,20001006,0,0,,0,False,False,True,8,8,8,1.0,191.7999999999934,0.0514759495600165,0.2022674703129983,0,95.29986029397529,-0.027552445979844076,3.001273511278242,0.05000000000000001,1.000424503759414,0.15068055071515532,0.9994786235662148,0.11907088685271097,0.1632896677751008
E13_acoustic_noise,dead_reckoning,20001006,0,0,,0,False,False,True,8,8,8,1.0,192.19999999999337,0.15289547630193093,0.21514031114061094,0,95.50841163282513,-0.025424371093621168,3.0012676383050834,0.05000000000000001,1.0004225461016945,0.23207454179773268,0.0005202913631633715,0.23579615035271478,0.3432273631752993
E13_acoustic_noise,fixed,20001006,0,1,,0,False,False,True,8,8,8,1.0,380.300000000018,0.0889465048236444,0.27734440405981964,0,95.35730910187876,-0.0269662336542984,1.0184332103525267,0.1499737049697607,0.33947773678417553,0.020438339424699633,1.0,0.028584994475811917,0.0324648394345025
E13_acoustic_noise,oracle,20001006,0,1,,0,False,False,True,8,8,8,1.0,191.3999999999934,0.04457249578716115,0.19308594485042052,0,95.14704803986295,-0.02911175469527605,3.0024171567494253,0.05000000000000001,1.0008057189164752,0.11488299448863482,0.7847439916405433,0.10864260445840149,0.16682520821464694
E13_acoustic_noise,proposed,20001006,1,0,,1,False,False,True,8,8,8,1.0,191.4999999999934,0.06166546670789126,0.1715661747335795,0,95.11296488447444,-0.029459541995158767,3.0012089317028248,0.05000000000000001,1.0004029772342748,0.09297424734328603,0.8668407310704961,0.09077513507121976,0.1153249646858532
E13_acoustic_noise,residual_only,20001006,0,0,,0,False,False,True,8,8,8,1.0,191.4999999999934,0.06166546670789126,0.1715661747335795,0,95.11296488447444,-0.029459541995158767,3.0012089317028248,0.05000000000000001,1.0004029772342748,0.09297424734328603,0.8668407310704961,0.09077513507121976,0.1153249646858532
E13_acoustic_noise,ablation_a1,20001007,1,0,,1,False,False,True,8,8,8,1.0,190.59999999999346,0.07424151140350409,0.20949991241707977,0,94.72134289751128,-0.03345568471927263,3.000359229208852,0.05,1.0001197430696174,0.07328385982837313,0.9123819517313746,0.07021038854751036,0.11640283197841739
E13_acoustic_noise,ablation_a2,20001007,1,0,,1,False,False,True,8,8,8,1.0,190.59999999999346,0.07424151140350409,0.20949991241707977,0,94.72134289751128,-0.03345568471927263,3.000359229208852,0.05,1.0001197430696174,0.07328385982837313,0.9123819517313746,0.07021038854751036,0.11640283197841739
E13_acoustic_noise,covariance_only,20001007,0,0,,0,False,False,True,8,8,8,1.0,190.79999999999345,0.08731063434048761,0.24897526928113,0,94.8284402349268,-0.03236285474564493,3.000335238846071,0.05,1.0001117462820237,0.07643460003687258,0.999475890985325,0.08772162398515283,0.15035938981853417
E13_acoustic_noise,dead_reckoning,20001007,0,0,,0,False,False,True,8,8,8,1.0,190.79999999999345,0.14646756848986267,0.3402077420381051,0,94.83145296027578,-0.03233211265024716,3.0003344859241876,0.05,1.0001114953080625,0.1477779886386375,0.0005241090146750524,0.1609523406665669,0.24573061131660032
E13_acoustic_noise,fixed,20001007,0,1,,0,False,False,True,8,8,8,1.0,378.7000000000176,0.07772094086900365,0.2488327291808723,0,95.26325136920352,-0.027926006436698847,1.0197472814701256,0.14997359387377868,0.33991576049004185,0.01764435305601066,1.0,0.02661166806862576,0.029808339948543764
E13_acoustic_noise,oracle,20001007,0,1,,0,False,False,True,8,8,8,1.0,190.89999999999344,0.04837152160618527,0.2610716988243933,0,95.34162849528424,-0.02712623984403839,1.0393504772313007,0.14994761655316916,0.34645015907710025,0.1780154007968625,0.29387113672079623,0.11948753148905453,0.20941235784909082
E13_acoustic_noise,proposed,20001007,1,0,,1,False,False,True,8,8,8,1.0,190.59999999999346,0.07424151140350409,0.20949991241707977,0,94.72134289751128,-0.03345568471927263,3.000359229208852,0.05,1.0001197430696174,0.07328385982837313,0.9123819517313746,0.07021038854751036,0.11640283197841739
E13_acoustic_noise,residual_only,20001007,0,0,,0,False,False,True,8,8,8,1.0,190.59999999999346,0.07424151140350409,0.20949991241707977,0,94.72134289751128,-0.03345568471927263,3.000359229208852,0.05,1.0001197430696174,0.07328385982837313,0.9123819517313746,0.07021038854751036,0.11640283197841739
E13_acoustic_noise,ablation_a1,20001008,1,0,,1,False,False,True,8,8,8,1.0,189.5999999999935,0.12099446110659481,0.3884181790600958,0,94.43675452275394,-0.03635964772700062,2.9990626684661477,0.05,0.9996875561553825,0.20568080823558596,0.4388185654008439,0.13830580534462072,0.22667274106926122
E13_acoustic_noise,ablation_a2,20001008,1,0,,1,False,False,True,8,8,8,1.0,189.5999999999935,0.12099446110659481,0.3884181790600958,0,94.43675452275394,-0.03635964772700062,2.9990626684661477,0.05,0.9996875561553825,0.20568080823558596,0.4388185654008439,0.13830580534462072,0.22667274106926122
E13_acoustic_noise,covariance_only,20001008,0,0,,0,False,False,True,8,8,8,1.0,189.6999999999935,0.12608250953551645,0.36880693204406434,0,94.47592684975712,-0.035959930104519255,2.9991379239709928,0.05,0.9997126413236642,0.1666651788488044,1.0,0.15045260366095928,0.24839102713786634
E13_acoustic_noise,dead_reckoning,20001008,0,0,,0,False,False,True,8,8,8,1.0,189.39999999999353,0.2864509389456524,0.5747797814824729,0,94.31991826808759,-0.03755185440726949,2.999140842607406,0.05,0.9997136142024687,0.2558557056203708,0.0005279831045406547,0.28122986815074036,0.4123226287332622
E13_acoustic_noise,fixed,20001008,0,1,,0,False,False,True,8,8,8,1.0,378.80000000001763,0.1007220193532177,0.2461086797656975,0,95.3460158240645,-0.027081471183015404,1.020547183829667,0.14997360084477293,0.34018239460988897,0.02036051563003891,1.0,0.02606345117937697,0.029972517071630844
E13_acoustic_noise,oracle,20001008,0,1,,0,False,False,True,8,8,8,1.0,190.09999999999349,0.062154405455324524,0.18632755024016845,0,95.12216979823063,-0.02936561430376905,1.0416928868006456,0.14994739610731192,0.3472309622668819,0.10874518166502253,0.9847448711204629,0.08147414171389285,0.1467551525647272
E13_acoustic_noise,proposed,20001008,1,0,,1,False,False,True,8,8,8,1.0,189.5999999999935,0.12099446110659481,0.3884181790600958,0,94.43675452275394,-0.03635964772700062,2.9990626684661477,0.05,0.9996875561553825,0.20568080823558596,0.4388185654008439,0.13830580534462072,0.22667274106926122
E13_acoustic_noise,residual_only,20001008,0,0,,0,False,False,True,8,8,8,1.0,189.5999999999935,0.12099446110659481,0.3884181790600958,0,94.43675452275394,-0.03635964772700062,2.9990626684661477,0.05,0.9996875561553825,0.20568080823558596,0.4388185654008439,0.13830580534462072,0.22667274106926122
E13_acoustic_noise,ablation_a1,20001009,1,0,,1,False,False,True,8,8,8,1.0,190.29999999999347,0.07842837571765951,0.21903943613948584,0,94.66508183979684,-0.03402977714493016,2.998102628937389,0.05,0.9993675429791297,0.03188332897188864,0.954808197582764,0.059149833559173096,0.08703446915709304
E13_acoustic_noise,ablation_a2,20001009,1,0,,1,False,False,True,8,8,8,1.0,190.29999999999347,0.07842837571765951,0.21903943613948584,0,94.66508183979684,-0.03402977714493016,2.998102628937389,0.05,0.9993675429791297,0.03188332897188864,0.954808197582764,0.059149833559173096,0.08703446915709304
E13_acoustic_noise,covariance_only,20001009,0,0,,0,False,False,True,8,8,8,1.0,190.29999999999347,0.07466556469949925,0.20642463262697675,0,94.67354906526826,-0.033943376885017695,2.9981580159950356,0.05,0.9993860053316785,0.057858196445781246,1.0,0.07632234247016118,0.10970388582246984
E13_acoustic_noise,dead_reckoning,20001009,0,0,,0,False,False,True,8,8,8,1.0,190.59999999999346,0.05093795321606429,0.13990676327485163,0,94.82141456057258,-0.03243454530027978,2.998162257596832,0.05,0.999387419198944,0.09367177674179893,0.0005246589716684155,0.11374080775959922,0.16103106832847155
E13_acoustic_noise,fixed,20001009,0,1,,0,False,False,True,8,8,8,1.0,378.00000000001745,0.08544463709041328,0.26150460573382617,0,95.25656738763682,-0.027994210330236524,1.0189911334400363,0.14997354497354493,0.33966371114667876,0.015690622925185856,1.0,0.025072677639374954,0.030782712237256305
E13_acoustic_noise,oracle,20001009,0,1,,0,False,False,True,8,8,8,1.0,190.49999999999346,0.06536500796571515,0.19598325758514434,0,95.23410041598899,-0.028223465142969473,1.0372741274473083,0.44979002624671927,0.3457580424824361,0.028671183593563736,0.9858267716535433,0.05108685200789679,0.06779748259378497
E13_acoustic_noise,proposed,20001009,1,0,,1,False,False,True,8,8,8,1.0,190.29999999999347,0.07842837571765951,0.21903943613948584,0,94.66508183979684,-0.03402977714493016,2.998102628937389,0.05,0.9993675429791297,0.03188332897188864,0.954808197582764,0.059149833559173096,0.08703446915709304
E13_acoustic_noise,residual_only,20001009,0,0,,0,False,False,True,8,8,8,1.0,190.29999999999347,0.07842837571765951,0.21903943613948584,0,94.66508183979684,-0.03402977714493016,2.998102628937389,0.05,0.9993675429791297,0.03188332897188864,0.954808197582764,0.059149833559173096,0.08703446915709304
E14_noisy_dvl_loss,ablation_a1,20001000,3,0,0.5000000000003055,2,False,False,True,8,8,8,1.0,191.5999999999934,0.11310062858449384,0.23523687586046105,0,94.85731705414898,-0.03206819332501043,2.998980113990351,0.05,0.9996600379967836,0.3348831945128767,0.755741127348643,0.1238156130966134,0.26318388521833713
E14_noisy_dvl_loss,ablation_a2,20001000,3,0,0.5000000000003055,2,False,False,True,8,8,8,1.0,191.5999999999934,0.11310062858449384,0.23523687586046105,0,94.85731705414898,-0.03206819332501043,2.998980113990351,0.05,0.9996600379967836,0.3348831945128767,0.755741127348643,0.1238156130966134,0.26318388521833713
E14_noisy_dvl_loss,covariance_only,20001000,0,0,,0,False,False,True,8,8,8,1.0,191.29999999999342,0.11848764606860382,0.2915985145339941,0,94.84135630548407,-0.03223105810730542,2.999000465363741,0.05000000000000001,0.9996668217879137,0.23491332657017655,0.9994772608468374,0.12524996604919644,0.22145284244077632
E14_noisy_dvl_loss,dead_reckoning,20001000,0,0,,0,False,False,True,8,8,8,1.0,192.79999999999333,0.13801140399003675,0.21711593883238756,0,95.79870608853466,-0.022462182770054517,2.9990293696729466,0.05,0.9996764565576489,0.2507547348064294,0.0005186721991701245,0.29397257350513845,0.4261960865470424
E14_noisy_dvl_loss,fixed,20001000,0,1,,0,False,False,True,8,8,8,1.0,380.300000000018,0.08000466785120461,0.27277474750865416,0,95.44915438868753,-0.026029036850127252,1.0191745318646914,0.1499737049697607,0.33972484395489716,0.020594463040781393,1.0,0.028818193064721838,0.033058876000715096
E14_noisy_dvl_loss,oracle,20001000,0,1,,0,False,False,True,8,8,8,1.0,380.20000000001795,0.05907575078731026,0.23413254340621759,0,95.22069386555962,-0.028360266677962986,2.0050940370119434,0.44989479221462403,0.6683646790039811,0.2414689851496843,0.590215675960021,0.09783529780201648,0.18760262295594826
E14_noisy_dvl_loss,proposed,20001000,3,0,0.5000000000003055,2,False,False,True,8,8,8,1.0,191.5999999999934,0.11310062858449384,0.23523687586046105,0,94.85731705414898,-0.03206819332501043,2.998980113990351,0.05,0.9996600379967836,0.3348831945128767,0.755741127348643,0.1238156130966134,0.26318388521833713
E14_noisy_dvl_loss,residual_only,20001000,0,0,,0,False,False,True,8,8,8,1.0,191.5999999999934,0.11310062858449384,0.23523687586046105,0,94.85731705414898,-0.03206819332501043,2.998980113990351,0.05,0.9996600379967836,0.3348831945128767,0.755741127348643,0.1238156130966134,0.26318388521833713
E14_noisy_dvl_loss,ablation_a1,20001001,3,0,0.5000000000003055,2,False,False,True,8,8,8,1.0,191.19999999999342,0.08737307661203887,0.19292154750199275,0,94.78483046687974,-0.032807852378778146,3.0010340042291808,0.05000000000000001,1.0003446680763937,0.16771706088751295,0.8802301255230126,0.08020763511557456,0.13935936708266608
E14_noisy_dvl_loss,ablation_a2,20001001,3,0,0.5000000000003055,2,False,False,True,8,8,8,1.0,191.19999999999342,0.08737307661203887,0.19292154750199275,0,94.78483046687974,-0.032807852378778146,3.0010340042291808,0.05000000000000001,1.0003446680763937,0.16771706088751295,0.8802301255230126,0.08020763511557456,0.13935936708266608
E14_noisy_dvl_loss,covariance_only,20001001,0,0,,0,False,False,True,8,8,8,1.0,191.09999999999343,0.10146825852118875,0.30365239036912595,0,94.7018092665034,-0.033655007484659105,3.0008956983534856,0.05,1.0002985661178285,0.15545812307568296,0.9994767137624281,0.09521867599142192,0.15389071575910995
E14_noisy_dvl_loss,dead_reckoning,20001001,0,0,,0,False,False,True,8,8,8,1.0,194.19999999999325,0.21969007945648758,0.493966882773869,0,96.24874612460934,-0.017869937503986355,3.000860453317947,0.05,1.000286817772649,0.1359527348533595,0.0005149330587023687,0.23319949365213374,0.3386686518832104
E14_noisy_dvl_loss,fixed,20001001,0,1,,0,False,False,True,8,8,8,1.0,379.9000000000179,0.07703718030215227,0.24620123922771953,0,95.3547133991177,-0.026992720417166383,1.0183166050456645,0.14997367728349562,0.3394388683485548,0.014862774650719642,1.0,0.026964514652552757,0.031522207946317965
E14_noisy_dvl_loss,oracle,20001001,0,1,,0,False,False,True,8,8,8,1.0,379.6000000000178,0.06795287104576694,0.2366627275536528,0,95.4150448739165,-0.026377093123301054,1.0201487508302385,0.05,0.3400495836100795,0.023392856014783206,0.8917281348788199,0.028696389169707803,0.03509839931447339
E14_noisy_dvl_loss,proposed,20001001,3,0,0.5000000000003055,2,False,False,True,8,8,8,1.0,191.19999999999342,0.08737307661203887,0.19292154750199275,0,94.78483046687974,-0.032807852378778146,3.0010340042291808,0.05000000000000001,1.0003446680763937,0.16771706088751295,0.8802301255230126,0.08020763511557456,0.13935936708266608
E14_noisy_dvl_loss,residual_only,20001001,0,0,,0,False,False,True,8,8,8,1.0,191.19999999999342,0.08737307661203887,0.19292154750199275,0,94.78483046687974,-0.032807852378778146,3.0010340042291808,0.05000000000000001,1.0003446680763937,0.16771706088751295,0.8802301255230126,0.08020763511557456,0.13935936708266608
E14_noisy_dvl_loss,ablation_a1,20001002,3,0,0.5000000000003055,2,False,False,True,8,8,8,1.0,190.99999999999343,0.06629979752086732,0.1893994553278997,0,94.78898479079326,-0.03276546131843605,2.9984207999438914,0.05000000000000001,0.9994735999812971,0.04349350726847777,0.9769633507853404,0.057928449037937486,0.08233517089186079
E14_noisy_dvl_loss,ablation_a2,20001002,3,0,0.5000000000003055,2,False,False,True,8,8,8,1.0,190.99999999999343,0.06629979752086732,0.1893994553278997,0,94.78898479079326,-0.03276546131843605,2.9984207999438914,0.05000000000000001,0.9994735999812971,0.04349350726847777,0.9769633507853404,0.057928449037937486,0.08233517089186079
E14_noisy_dvl_loss,covariance_only,20001002,0,0,,0,False,False,True,8,8,8,1.0,190.79999999999345,0.07503589918401911,0.21611540815185304,0,94.69566335374077,-0.0337177208801962,2.9986157634139556,0.05,0.9995385878046519,0.07352225595121116,0.9989517819706499,0.0695494303809595,0.09774390529724403
E14_noisy_dvl_loss,dead_reckoning,20001002,0,0,,0,False,False,True,8,8,8,1.0,192.39999999999336,0.08376454208653611,0.3630009564413186,0,95.6127856945211,-0.0243593296477439,2.998672936515798,0.05000000000000001,0.9995576455052659,0.32928483146986753,0.0005197505197505198,0.35124991176091497,0.5598107286721424
E14_noisy_dvl_loss,fixed,20001002,0,1,,0,False,False,True,8,8,8,1.0,378.90000000001766,0.07741486201933646,0.22653213084082635,0,95.30502891029282,-0.027499704997012042,1.0200193616575866,0.14997360781208757,0.3400064538858622,0.014993568637300092,1.0,0.025634196670142436,0.03119885861524523
E14_noisy_dvl_loss,oracle,20001002,0,1,,0,False,False,True,8,8,8,1.0,191.19999999999342,0.06089656351575127,0.1862360701903012,0,95.2264683910579,-0.028301342948388708,1.0405141106271274,0.44979079497907964,0.34683803687570913,0.03334636718208134,1.0,0.051027959308995445,0.06273592867560407
E14_noisy_dvl_loss,proposed,20001002,3,0,0.5000000000003055,2,False,False,True,8,8,8,1.0,190.99999999999343,0.06629979752086732,0.1893994553278997,0,94.78898479079326,-0.03276546131843605,2.9984207999438914,0.05000000000000001,0.9994735999812971,0.04349350726847777,0.9769633507853404,0.057928449037937486,0.08233517089186079
E14_noisy_dvl_loss,residual_only,20001002,0,0,,0,False,False,True,8,8,8,1.0,190.99999999999343,0.06629979752086732,0.1893994553278997,0,94.78898479079326,-0.03276546131843605,2.9984207999438914,0.05000000000000001,0.9994735999812971,0.04349350726847777,0.9769633507853404,0.057928449037937486,0.08233517089186079
E14_noisy_dvl_loss,ablation_a1,20001003,3,0,0.5000000000003055,2,False,False,True,8,8,8,1.0,190.29999999999347,0.06865761047126483,0.19893634494319556,0,94.81073531410638,-0.032543517202996086,2.99940648511832,0.05,0.9998021617061067,0.11693463735647236,0.9138202837624803,0.05801839960504194,0.08899938310974082
E14_noisy_dvl_loss,ablation_a2,20001003,3,0,0.5000000000003055,2,False,False,True,8,8,8,1.0,190.29999999999347,0.06865761047126483,0.19893634494319556,0,94.81073531410638,-0.032543517202996086,2.99940648511832,0.05,0.9998021617061067,0.11693463735647236,0.9138202837624803,0.05801839960504194,0.08899938310974082
E14_noisy_dvl_loss,covariance_only,20001003,0,0,,0,False,False,True,8,8,8,1.0,190.39999999999347,0.06452661330563492,0.2242102103548511,0,94.83183519773226,-0.03232821226803817,2.999317398138436,0.05000000000000001,0.9997724660461453,0.12693681097904608,0.9984243697478992,0.061839308004687794,0.10304065399477189
E14_noisy_dvl_loss,dead_reckoning,20001003,0,0,,0,False,False,True,8,8,8,1.0,190.09999999999349,0.11459282458759723,0.37147432839908,0,94.65149101386712,-0.03416845904217225,2.9992954377713397,0.05,0.9997651459237799,0.4885606670928282,0.0005260389268805891,0.2424808889424579,0.4301645878801322
E14_noisy_dvl_loss,fixed,20001003,0,1,,0,False,False,True,8,8,8,1.0,378.80000000001763,0.09641618729120459,0.26112388070859716,0,95.22850177820852,-0.028280594099913015,1.019045086356409,0.14997360084477293,0.3396816954521363,0.016947939083657375,1.0,0.024696379711854153,0.03099137001715485
E14_noisy_dvl_loss,oracle,20001003,0,0,,0,False,False,True,8,8,8,1.0,190.19999999999348,0.055880178058311955,0.20294622345048197,0,94.7641179360898,-0.03301920473377751,3.000141669031158,0.14994742376445844,1.000047223010386,0.07422951390890221,0.9989484752891693,0.05427397011393117,0.07432065336328825
E14_noisy_dvl_loss,proposed,20001003,3,0,0.5000000000003055,2,False,False,True,8,8,8,1.0,190.29999999999347,0.06865761047126483,0.19893634494319556,0,94.81073531410638,-0.032543517202996086,2.99940648511832,0.05,0.9998021617061067,0.11693463735647236,0.9138202837624803,0.05801839960504194,0.08899938310974082
E14_noisy_dvl_loss,residual_only,20001003,0,0,,0,False,False,True,8,8,8,1.0,190.29999999999347,0.06865761047126483,0.19893634494319556,0,94.81073531410638,-0.032543517202996086,2.99940648511832,0.05,0.9998021617061067,0.11693463735647236,0.9138202837624803,0.05801839960504194,0.08899938310974082
E14_noisy_dvl_loss,ablation_a1,20001004,3,0,0.5000000000003055,2,False,False,True,8,8,8,1.0,191.09999999999343,0.07808953015670005,0.19938191449711873,0,94.91971923095598,-0.031431436418816516,2.9997547459953897,0.05,0.9999182486651299,0.158670524218383,0.880167451596023,0.06705322177738791,0.11639916177676529
E14_noisy_dvl_loss,ablation_a2,20001004,3,0,0.5000000000003055,2,False,False,True,8,8,8,1.0,191.09999999999343,0.07808953015670005,0.19938191449711873,0,94.91971923095598,-0.031431436418816516,2.9997547459953897,0.05,0.9999182486651299,0.158670524218383,0.880167451596023,0.06705322177738791,0.11639916177676529
E14_noisy_dvl_loss,covariance_only,20001004,0,0,,0,False,False,True,8,8,8,1.0,191.19999999999342,0.07187985782860289,0.20754572170187258,0,94.89350503700632,-0.031698928193813036,2.9998071338679235,0.05000000000000001,0.9999357112893078,0.15333494171616743,0.9994769874476988,0.07311120735235187,0.13522885316410854
E14_noisy_dvl_loss,dead_reckoning,20001004,0,0,,0,False,False,True,8,8,8,1.0,190.39999999999347,0.20406824573754795,0.5214438174543385,0,94.50698049504659,-0.035643056172994014,3.000013162172855,0.05000000000000001,1.0000043873909517,0.0908679517346122,0.0005252100840336134,0.21121277762095494,0.31818622161772225
E14_noisy_dvl_loss,fixed,20001004,0,1,,0,False,False,True,8,8,8,1.0,378.00000000001745,0.09103212881919871,0.2577082447421102,0,95.29730842012277,-0.027578485508951256,1.0177804969134527,0.14997354497354493,0.3392601656378176,0.01935288373231635,1.0,0.026301761753127977,0.031864395462020495
E14_noisy_dvl_loss,oracle,20001004,0,1,,0,False,False,True,8,8,8,1.0,190.39999999999347,0.06454902042607746,0.19256446345355194,0,95.02519883977337,-0.03035511387986356,2.0093741237872185,0.1499474789915966,0.6697913745957395,0.07514229710868084,0.9537815126050421,0.05649266121194476,0.07750643513734852
E14_noisy_dvl_loss,proposed,20001004,3,0,0.5000000000003055,2,False,False,True,8,8,8,1.0,191.09999999999343,0.07808953015670005,0.19938191449711873,0,94.91971923095598,-0.031431436418816516,2.9997547459953897,0.05,0.9999182486651299,0.158670524218383,0.880167451596023,0.06705322177738791,0.11639916177676529
E14_noisy_dvl_loss,residual_only,20001004,0,0,,0,False,False,True,8,8,8,1.0,191.09999999999343,0.07808953015670005,0.19938191449711873,0,94.91971923095598,-0.031431436418816516,2.9997547459953897,0.05,0.9999182486651299,0.158670524218383,0.880167451596023,0.06705322177738791,0.11639916177676529
E14_noisy_dvl_loss,ablation_a1,20001005,3,0,0.5000000000003055,2,False,False,True,8,8,8,1.0,190.19999999999348,0.07688751732112184,0.23051465435793794,0,94.67684185788367,-0.033909776960370674,2.9998221253318045,0.05,0.9999407084439348,0.01634896753343326,0.9658254468980021,0.0459667621973147,0.06814660132782276
E14_noisy_dvl_loss,ablation_a2,20001005,3,0,0.5000000000003055,2,False,False,True,8,8,8,1.0,190.19999999999348,0.07688751732112184,0.23051465435793794,0,94.67684185788367,-0.033909776960370674,2.9998221253318045,0.05,0.9999407084439348,0.01634896753343326,0.9658254468980021,0.0459667621973147,0.06814660132782276
E14_noisy_dvl_loss,covariance_only,20001005,0,0,,0,False,False,True,8,8,8,1.0,189.9999999999935,0.08449558070658818,0.2314321022781769,0,94.52104730735546,-0.03549951727188305,2.9999837947533257,0.05,0.9999945982511086,0.046366470621973355,0.9989473684210526,0.05093344513611578,0.08513979431460372
E14_noisy_dvl_loss,dead_reckoning,20001005,0,0,,0,False,False,True,8,8,8,1.0,189.29999999999353,0.14382853406637947,0.41445941949694287,0,94.11079619622708,-0.039685753099723664,2.9999002293139596,0.05,0.9999667431046532,0.26592204291973803,0.0005282620179609086,0.2045630375205546,0.32034935697131345
E14_noisy_dvl_loss,fixed,20001005,0,1,,0,False,False,True,8,8,8,1.0,377.60000000001736,0.0883431119299557,0.26615260273157837,0,95.28705881073938,-0.027683073359802246,1.0202985855889348,0.1499735169491525,0.3400995285296449,0.015349745771657777,1.0,0.02344538228638163,0.03166673111562081
E14_noisy_dvl_loss,oracle,20001005,0,1,,0,False,False,True,8,8,8,1.0,189.9999999999935,0.051570452358207855,0.22044360068172786,0,94.90832911897473,-0.031547662051278236,2.0121017666327146,0.4497894736842107,0.6707005888775716,0.004815141903272249,0.9494736842105264,0.04587705213990028,0.06368089360550787
E14_noisy_dvl_loss,proposed,20001005,3,0,0.5000000000003055,2,False,False,True,8,8,8,1.0,190.19999999999348,0.07688751732112184,0.23051465435793794,0,94.67684185788367,-0.033909776960370674,2.9998221253318045,0.05,0.9999407084439348,0.01634896753343326,0.9658254468980021,0.0459667621973147,0.06814660132782276
E14_noisy_dvl_loss,residual_only,20001005,0,0,,0,False,False,True,8,8,8,1.0,190.19999999999348,0.07688751732112184,0.23051465435793794,0,94.67684185788367,-0.033909776960370674,2.9998221253318045,0.05,0.9999407084439348,0.01634896753343326,0.9658254468980021,0.0459667621973147,0.06814660132782276
E14_noisy_dvl_loss,ablation_a1,20001006,3,0,0.5000000000003055,2,False,False,True,8,8,8,1.0,191.09999999999343,0.0733353370270043,0.1973349239780804,0,94.85761769009476,-0.032065125611278056,2.9996475216164353,0.05,0.9998825072054784,0.09814607307639668,0.9408686551543695,0.07337309617412996,0.10991850657720112
E14_noisy_dvl_loss,ablation_a2,20001006,3,0,0.5000000000003055,2,False,False,True,8,8,8,1.0,191.09999999999343,0.0733353370270043,0.1973349239780804,0,94.85761769009476,-0.032065125611278056,2.9996475216164353,0.05,0.9998825072054784,0.09814607307639668,0.9408686551543695,0.07337309617412996,0.10991850657720112
E14_noisy_dvl_loss,covariance_only,20001006,0,0,,0,False,False,True,8,8,8,1.0,190.79999999999345,0.08330635123076906,0.24826515627506662,0,94.80514710230197,-0.03260053977242883,2.999572510434444,0.05,0.9998575034781481,0.13712608395082643,1.0,0.09283729536794659,0.14627325268362382
E14_noisy_dvl_loss,dead_reckoning,20001006,0,0,,0,False,False,True,8,8,8,1.0,192.29999999999336,0.224633807810054,0.3625638226790784,0,95.66262648393037,-0.023850750163975865,2.999615861306642,0.05,0.9998719537688806,0.31770441199295035,0.0005200208008320333,0.3424629278964622,0.5754753083374591
E14_noisy_dvl_loss,fixed,20001006,0,1,,0,False,False,True,8,8,8,1.0,381.50000000001825,0.08393988909690771,0.2629083902783371,0,95.38408304663443,-0.026693030136383356,1.0187636910877524,0.14997378768020966,0.3395878970292508,0.02028482939492549,1.0,0.027971855993932062,0.03243362105736396
E14_noisy_dvl_loss,oracle,20001006,0,1,,0,False,False,True,8,8,8,1.0,191.09999999999343,0.06377343260414316,0.1953253833469475,0,95.20625044647973,-0.028507648505308847,1.0390870725177712,0.44979068550497137,0.34636235750592376,0.04363789428620915,0.9832548403976975,0.053973868255235424,0.06530873644435217
E14_noisy_dvl_loss,proposed,20001006,3,0,0.5000000000003055,2,False,False,True,8,8,8,1.0,191.09999999999343,0.0733353370270043,0.1973349239780804,0,94.85761769009476,-0.032065125611278056,2.9996475216164353,0.05,0.9998825072054784,0.09814607307639668,0.9408686551543695,0.07337309617412996,0.10991850657720112
E14_noisy_dvl_loss,residual_only,20001006,0,0,,0,False,False,True,8,8,8,1.0,191.09999999999343,0.0733353370270043,0.1973349239780804,0,94.85761769009476,-0.032065125611278056,2.9996475216164353,0.05,0.9998825072054784,0.09814607307639668,0.9408686551543695,0.07337309617412996,0.10991850657720112
E14_noisy_dvl_loss,ablation_a1,20001007,3,0,0.5000000000003055,2,False,False,True,8,8,8,1.0,190.59999999999346,0.06510360339090109,0.19266484417797258,0,94.83443159951781,-0.03230171837226725,3.001186638727217,0.05,1.0003955462424057,0.06958824160342436,0.9695697796432319,0.05658149069989689,0.07229690529809327
E14_noisy_dvl_loss,ablation_a2,20001007,3,0,0.5000000000003055,2,False,False,True,8,8,8,1.0,190.59999999999346,0.06510360339090109,0.19266484417797258,0,94.83443159951781,-0.03230171837226725,3.001186638727217,0.05,1.0003955462424057,0.06958824160342436,0.9695697796432319,0.05658149069989689,0.07229690529809327
E14_noisy_dvl_loss,covariance_only,20001007,0,0,,0,False,False,True,8,8,8,1.0,190.59999999999346,0.067034988028938,0.20215944254060902,0,94.83569191471145,-0.032288858013148514,3.001278998273548,0.05,1.0004263327578493,0.09878056219096096,0.9994753410283316,0.06402665963820653,0.09595960513470336
E14_noisy_dvl_loss,dead_reckoning,20001007,0,0,,0,False,False,True,8,8,8,1.0,191.09999999999343,0.20758276028613362,0.359353024300447,0,95.01811342368241,-0.030427414044057022,3.001274194013502,0.05,1.000424731337834,0.13732940445366212,0.0005232862375719519,0.1922444766257326,0.34677213731489837
E14_noisy_dvl_loss,fixed,20001007,0,1,,0,False,False,True,8,8,8,1.0,379.1000000000177,0.09552099841115654,0.24633004626564237,0,95.2823925017892,-0.02773068875725304,1.0205123527241253,0.14997362173568976,0.3401707842413751,0.016447764154692058,1.0,0.02626779228079151,0.030532472274704306
E14_noisy_dvl_loss,oracle,20001007,0,1,,0,False,False,True,8,8,8,1.0,190.89999999999344,0.05374627351909423,0.21418226623970682,0,94.7496941715065,-0.03316638600503563,2.9991711574112556,0.4497904662126769,0.9997237191370852,0.1076509022123016,0.7663698271346254,0.06875362966800569,0.10433152659205427
E14_noisy_dvl_loss,proposed,20001007,3,0,0.5000000000003055,2,False,False,True,8,8,8,1.0,190.59999999999346,0.06510360339090109,0.19266484417797258,0,94.83443159951781,-0.03230171837226725,3.001186638727217,0.05,1.0003955462424057,0.06958824160342436,0.9695697796432319,0.05658149069989689,0.07229690529809327
E14_noisy_dvl_loss,residual_only,20001007,0,0,,0,False,False,True,8,8,8,1.0,190.59999999999346,0.06510360339090109,0.19266484417797258,0,94.83443159951781,-0.03230171837226725,3.001186638727217,0.05,1.0003955462424057,0.06958824160342436,0.9695697796432319,0.05658149069989689,0.07229690529809327
E14_noisy_dvl_loss,ablation_a1,20001008,3,0,0.5000000000003055,2,False,False,True,8,8,8,1.0,190.19999999999348,0.07294726501159327,0.20023879782769605,0,94.95859105664687,-0.03103478513625646,3.0010068858509915,0.05,1.000335628616997,0.2602728548918487,0.7875920084121977,0.09313870909230726,0.19687983704983958
E14_noisy_dvl_loss,ablation_a2,20001008,3,0,0.5000000000003055,2,False,False,True,8,8,8,1.0,190.19999999999348,0.07294726501159327,0.20023879782769605,0,94.95859105664687,-0.03103478513625646,3.0010068858509915,0.05,1.000335628616997,0.2602728548918487,0.7875920084121977,0.09313870909230726,0.19687983704983958
E14_noisy_dvl_loss,covariance_only,20001008,0,0,,0,False,False,True,8,8,8,1.0,190.39999999999347,0.07419309282620634,0.2323185431305217,0,94.7995012188128,-0.032658150828440924,3.0009895971950815,0.05000000000000001,1.000329865731694,0.21592108953428735,1.0,0.08938635831714024,0.17833481501993892
E14_noisy_dvl_loss,dead_reckoning,20001008,0,0,,0,False,False,True,8,8,8,1.0,189.9999999999935,0.27886514791261363,0.5513171255745304,0,94.4818531527225,-0.035899457625280684,3.0010591259485273,0.05,1.0003530419828424,0.5957592926302739,0.0005263157894736842,0.38742164317583644,0.5716189789108966
E14_noisy_dvl_loss,fixed,20001008,0,1,,0,False,False,True,8,8,8,1.0,377.3000000000173,0.10833443901101752,0.2896749655867681,0,95.1705054625391,-0.028872393239396943,1.0200540838985828,0.1499734958918632,0.34001802796619424,0.016669850712741182,1.0,0.025918062557260254,0.031183077411410253
E14_noisy_dvl_loss,oracle,20001008,0,0,,0,False,False,True,8,8,8,1.0,190.29999999999347,0.06571102691474828,0.19790866263183915,0,95.06423794994153,-0.0299567556128415,2.013011818187115,0.05,0.671003939395705,0.12542543779528906,1.0,0.06085104092215294,0.10125523977431629
E14_noisy_dvl_loss,proposed,20001008,3,0,0.5000000000003055,2,False,False,True,8,8,8,1.0,190.19999999999348,0.07294726501159327,0.20023879782769605,0,94.95859105664687,-0.03103478513625646,3.0010068858509915,0.05,1.000335628616997,0.2602728548918487,0.7875920084121977,0.09313870909230726,0.19687983704983958
E14_noisy_dvl_loss,residual_only,20001008,0,0,,0,False,False,True,8,8,8,1.0,190.19999999999348,0.07294726501159327,0.20023879782769605,0,94.95859105664687,-0.03103478513625646,3.0010068858509915,0.05,1.000335628616997,0.2602728548918487,0.7875920084121977,0.09313870909230726,0.19687983704983958
E14_noisy_dvl_loss,ablation_a1,20001009,3,0,0.5000000000003055,2,False,False,True,8,8,8,1.0,190.69999999999345,0.06503317023395877,0.20028464750943442,0,94.74082756293357,-0.03325686160271868,2.998824587536612,0.05000000000000001,0.9996081958455374,0.026241269410568112,0.9800734137388568,0.054476283461763045,0.0744931474387184
E14_noisy_dvl_loss,ablation_a2,20001009,3,0,0.5000000000003055,2,False,False,True,8,8,8,1.0,190.69999999999345,0.06503317023395877,0.20028464750943442,0,94.74082756293357,-0.03325686160271868,2.998824587536612,0.05000000000000001,0.9996081958455374,0.026241269410568112,0.9800734137388568,0.054476283461763045,0.0744931474387184
E14_noisy_dvl_loss,covariance_only,20001009,0,0,,0,False,False,True,8,8,8,1.0,190.49999999999346,0.0763974757579403,0.22078165590269583,0,94.6025074854547,-0.034668290964747994,2.998763652838762,0.05000000000000001,0.9995878842795873,0.03828392951248792,0.9989501312335958,0.05956653877340211,0.08688656575701313
E14_noisy_dvl_loss,dead_reckoning,20001009,0,0,,0,False,False,True,8,8,8,1.0,191.5999999999934,0.11248119635728328,0.19855985264238818,0,95.24449186649953,-0.028117429933678273,2.99875961668938,0.05,0.9995865388964601,0.21478732714169896,0.0005219206680584551,0.2044212767927721,0.3057223806960325
E14_noisy_dvl_loss,fixed,20001009,0,1,,0,False,False,True,8,8,8,1.0,378.50000000001756,0.09631559299672143,0.25037707484036975,0,95.32952846807181,-0.027249709509471254,1.0194550954478874,0.14997357992073973,0.3398183651492958,0.014843889575514918,1.0,0.02531042503184548,0.031174057831349657
E14_noisy_dvl_loss,oracle,20001009,0,1,,0,False,False,True,8,8,8,1.0,190.49999999999346,0.055706196063079,0.18125920472892254,0,95.22495293094788,-0.028316806827062502,1.0363946901628753,0.05000000000000001,0.3454648967209584,0.0330217114364245,0.9900262467191601,0.05043706485160655,0.060282554515851704
E14_noisy_dvl_loss,proposed,20001009,3,0,0.5000000000003055,2,False,False,True,8,8,8,1.0,190.69999999999345,0.06503317023395877,0.20028464750943442,0,94.74082756293357,-0.03325686160271868,2.998824587536612,0.05000000000000001,0.9996081958455374,0.026241269410568112,0.9800734137388568,0.054476283461763045,0.0744931474387184
E14_noisy_dvl_loss,residual_only,20001009,0,0,,0,False,False,True,8,8,8,1.0,190.69999999999345,0.06503317023395877,0.20028464750943442,0,94.74082756293357,-0.03325686160271868,2.998824587536612,0.05000000000000001,0.9996081958455374,0.026241269410568112,0.9800734137388568,0.054476283461763045,0.0744931474387184
E15_turbid_and_noisy,ablation_a1,20001000,3,0,,3,False,False,True,8,8,8,1.0,191.89999999999338,0.07500623011107059,0.39102694060573207,0,95.37775666104032,-0.02675758509142523,3.000230424229195,0.05000000000000001,1.0000768080763984,0.43053806976050196,0.19228764981761334,0.27399906975148425,0.4368308491581059
E15_turbid_and_noisy,ablation_a2,20001000,3,0,,3,False,False,True,8,8,8,1.0,191.89999999999338,0.07500623011107059,0.39102694060573207,0,95.37775666104032,-0.02675758509142523,3.000230424229195,0.05000000000000001,1.0000768080763984,0.43053806976050196,0.19228764981761334,0.27399906975148425,0.4368308491581059
E15_turbid_and_noisy,covariance_only,20001000,0,0,,0,False,False,True,8,8,8,1.0,191.99999999999338,0.1140939427532423,0.3691889467194862,0,95.43198024736064,-0.02620428319019752,3.0002579932812887,0.05000000000000001,1.0000859977604295,0.3987585113194235,0.21979166666666666,0.29142655671921175,0.45855000894817716
E15_turbid_and_noisy,dead_reckoning,20001000,0,0,,0,False,False,True,8,8,8,1.0,192.09999999999337,0.18096458502880128,0.3096722690305782,0,95.48370450597527,-0.025676484632905394,3.000259023387285,0.05,1.000086341129095,0.3454072235677839,0.0005205622071837585,0.3183948787168885,0.4880273750037849
E15_turbid_and_noisy,fixed,20001000,0,1,,0,False,False,True,8,8,8,1.0,379.6000000000178,0.09450272765033456,0.27068702834109803,0,95.37023581543768,-0.02683432841390121,1.0176743639566659,0.14997365648050578,0.3392247879855553,0.04657598567072161,1.0,0.04760044055678758,0.06166704327139347
E15_turbid_and_noisy,oracle,20001000,0,1,,0,False,False,True,8,8,8,1.0,380.300000000018,0.06728201860839945,0.4365455575009456,0,94.92137464171608,-0.03141454447228487,2.9999894284726936,0.1499737049697607,0.9999964761575645,0.3617982088880609,0.15777018143570865,0.23105469515227484,0.35914806767429286
E15_turbid_and_noisy,proposed,20001000,3,0,,3,False,False,True,8,8,8,1.0,191.89999999999338,0.07500623011107059,0.39102694060573207,0,95.37775666104032,-0.02675758509142523,3.000230424229195,0.05000000000000001,1.0000768080763984,0.43053806976050196,0.19228764981761334,0.27399906975148425,0.4368308491581059
E15_turbid_and_noisy,residual_only,20001000,0,64,,0,False,False,True,8,8,8,1.0,191.6999999999934,0.08109270978346218,0.3657225302202374,0,95.22990442623,-0.02826628136500009,2.99869442896999,0.05,0.9995648096566634,0.43828779799822387,0.297339593114241,0.2571168532926803,0.4179717166882653
E15_turbid_and_noisy,ablation_a1,20001001,5,0,,5,False,False,True,8,8,8,1.0,191.3999999999934,0.07161482724160784,0.3319054506903303,0,95.12079171965303,-0.029379676330071103,2.9988739098675583,0.05000000000000001,0.9996246366225194,0.33610548648167515,0.2084639498432602,0.20818413376140824,0.3350620116982865
E15_turbid_and_noisy,ablation_a2,20001001,5,0,,5,False,False,True,8,8,8,1.0,191.3999999999934,0.07161482724160784,0.3319054506903303,0,95.12079171965303,-0.029379676330071103,2.9988739098675583,0.05000000000000001,0.9996246366225194,0.33610548648167515,0.2084639498432602,0.20818413376140824,0.3350620116982865
E15_turbid_and_noisy,covariance_only,20001001,0,0,,0,False,False,True,8,8,8,1.0,191.4999999999934,0.07851078658541769,0.30922691111456935,0,95.17382975191464,-0.028838471919238384,2.998847709854427,0.05000000000000001,0.999615903284809,0.29976909933431,0.21618798955613577,0.2136653322485091,0.33194255988410737
E15_turbid_and_noisy,dead_reckoning,20001001,0,0,,0,False,False,True,8,8,8,1.0,191.5999999999934,0.1273032770559613,0.18107575684851085,0,95.22595674705951,-0.028306563805515217,2.99884901331014,0.05,0.9996163377700467,0.22950922387926367,0.0005219206680584551,0.22939439621463542,0.34786520781975044
E15_turbid_and_noisy,fixed,20001001,0,1,,0,False,False,True,8,8,8,1.0,378.3000000000175,0.09165992626213837,0.26258442263786996,0,95.2636811165834,-0.027921621259353047,1.0182022869181673,0.14997356595294736,0.33940076230605576,0.03114453584660069,1.0,0.037377701981246236,0.0499940771935937
E15_turbid_and_noisy,oracle,20001001,0,1,,0,False,False,True,8,8,8,1.0,191.4999999999934,0.0466842552735542,0.20435410038516055,0,95.60477704093476,-0.024441050602706516,1.03664552348791,0.14994778067885117,0.3455485078293033,0.0923165914501133,0.3127937336814621,0.13492196761649503,0.2315090178422339
E15_turbid_and_noisy,proposed,20001001,5,0,,5,False,False,True,8,8,8,1.0,191.3999999999934,0.07161482724160784,0.3319054506903303,0,95.12079171965303,-0.029379676330071103,2.9988739098675583,0.05000000000000001,0.9996246366225194,0.33610548648167515,0.2084639498432602,0.20818413376140824,0.3350620116982865
E15_turbid_and_noisy,residual_only,20001001,0,63,,0,False,False,True,8,8,8,1.0,191.09999999999343,0.09058343980037592,0.3471617033939509,0,94.96097480410856,-0.031010461182565674,2.9980832392473244,0.05,0.9993610797491081,0.31894683381462474,0.3212977498691784,0.1940417893913879,0.317599771115604
E15_turbid_and_noisy,ablation_a1,20001002,3,0,,3,False,False,True,8,8,8,1.0,190.89999999999344,0.05950007469615588,0.2064627718541976,0,94.9355492670393,-0.03126990543837438,2.9975656436587537,0.05000000000000001,0.9991885478862512,0.1553773419670936,0.21267679413305396,0.11313349401937124,0.177804769697765
E15_turbid_and_noisy,ablation_a2,20001002,3,0,,3,False,False,True,8,8,8,1.0,190.89999999999344,0.05950007469615588,0.2064627718541976,0,94.9355492670393,-0.03126990543837438,2.9975656436587537,0.05000000000000001,0.9991885478862512,0.1553773419670936,0.21267679413305396,0.11313349401937124,0.177804769697765
E15_turbid_and_noisy,covariance_only,20001002,0,0,,0,False,False,True,8,8,8,1.0,190.89999999999344,0.04908213042363177,0.25334613752922586,0,94.93633822917612,-0.031261854804325306,2.9975858236753923,0.05000000000000001,0.9991952745584641,0.13956327191370424,0.21843897328444212,0.11643792204370665,0.17437746199767937
E15_turbid_and_noisy,dead_reckoning,20001002,0,0,,0,False,False,True,8,8,8,1.0,190.89999999999344,0.08562780383964587,0.23037545902453438,0,94.93680173346709,-0.03125712516870316,2.99758610498357,0.05000000000000001,0.9991953683278566,0.1337209632806308,0.0005238344683080147,0.16413446452983566,0.23809297436800744
E15_turbid_and_noisy,fixed,20001002,0,1,,0,False,False,True,8,8,8,1.0,378.7000000000176,0.09392172497518488,0.24878936378031824,0,95.33285742673388,-0.02721574054353182,1.0193510594266213,0.14997359387377868,0.3397836864755404,0.021153436499920842,1.0,0.028861046010922677,0.04050117105982416
E15_turbid_and_noisy,oracle,20001002,0,1,,0,False,False,True,8,8,8,1.0,190.89999999999344,0.048202981190750074,0.2754657380932013,0,94.8260010960399,-0.03238774391796018,2.9979334804064806,0.14994761655316916,0.9993111601354935,0.17567426716067597,0.10529072812991094,0.1294645800306696,0.20202408843039177
E15_turbid_and_noisy,proposed,20001002,3,0,,3,False,False,True,8,8,8,1.0,190.89999999999344,0.05950007469615588,0.2064627718541976,0,94.9355492670393,-0.03126990543837438,2.9975656436587537,0.05000000000000001,0.9991885478862512,0.1553773419670936,0.21267679413305396,0.11313349401937124,0.177804769697765
E15_turbid_and_noisy,residual_only,20001002,0,64,,0,False,False,True,8,8,8,1.0,190.69999999999345,0.07617270032846114,0.2502189241798778,0,94.77284242174555,-0.03293017936994336,2.9984217618837503,0.05000000000000001,0.9994739206279167,0.16388947199919268,0.3361300471945464,0.11023579278770355,0.17768054756598994
E15_turbid_and_noisy,ablation_a1,20001003,3,0,,3,False,False,True,8,8,8,1.0,189.6999999999935,0.12488375096732045,0.33032865210718754,0,94.41942963059901,-0.036536432340826375,3.0000110053935862,0.05,1.0000036684645288,0.1609805986419071,0.20716921454928836,0.13368675282957357,0.20279449648287323
E15_turbid_and_noisy,ablation_a2,20001003,3,0,,3,False,False,True,8,8,8,1.0,189.6999999999935,0.12488375096732045,0.33032865210718754,0,94.41942963059901,-0.036536432340826375,3.0000110053935862,0.05,1.0000036684645288,0.1609805986419071,0.20716921454928836,0.13368675282957357,0.20279449648287323
E15_turbid_and_noisy,covariance_only,20001003,0,0,,0,False,False,True,8,8,8,1.0,189.7999999999935,0.1646322175900958,0.3861024262810293,0,94.4586610722006,-0.03613611150815721,2.999974529201744,0.05,0.9999915097339147,0.14495951474066582,0.22128556375131717,0.1501065695290398,0.2255107495292693
E15_turbid_and_noisy,dead_reckoning,20001003,0,0,,0,False,False,True,8,8,8,1.0,189.7999999999935,0.1919807805200899,0.42005935029547814,0,94.45841895639244,-0.03613858207762821,2.9999740366848444,0.05,0.9999913455616148,0.18666787401300103,0.0005268703898840885,0.186057473186206,0.2746430322304941
E15_turbid_and_noisy,fixed,20001003,0,1,,0,False,False,True,8,8,8,1.0,378.80000000001763,0.08980098787756687,0.2966606417091935,0,95.1609127692251,-0.02897027786504991,1.0185393028806082,0.14997360084477293,0.33951310096020276,0.029863130191787123,1.0,0.030707544157477187,0.04085562296589325
E15_turbid_and_noisy,oracle,20001003,0,1,,0,False,False,True,8,8,8,1.0,189.7999999999935,0.06270159945793793,0.3111387673466801,0,94.75442427683033,-0.03311811962418021,2.012084387671736,0.05,0.6706947958905786,0.1475089372391023,0.7766069546891464,0.12987829226870581,0.27959753270046767
E15_turbid_and_noisy,proposed,20001003,3,0,,3,False,False,True,8,8,8,1.0,189.6999999999935,0.12488375096732045,0.33032865210718754,0,94.41942963059901,-0.036536432340826375,3.0000110053935862,0.05,1.0000036684645288,0.1609805986419071,0.20716921454928836,0.13368675282957357,0.20279449648287323
E15_turbid_and_noisy,residual_only,20001003,0,63,,0,False,False,True,8,8,8,1.0,190.19999999999348,0.11001885343029023,0.31885026903368896,0,94.47591342651333,-0.03596006707639454,3.0007269680398165,0.05,1.0002423226799388,0.18277186115904545,0.3117770767613039,0.13877148340401252,0.22883667206486605
E15_turbid_and_noisy,ablation_a1,20001004,3,0,,3,False,False,True,8,8,8,1.0,190.39999999999347,0.13716679555878145,0.3492943913338493,0,94.6101836654842,-0.03458996259710001,2.998293848626377,0.05000000000000001,0.999431282875459,0.19090521962808063,0.20430672268907563,0.1552704576336918,0.23190467881143406
E15_turbid_and_noisy,ablation_a2,20001004,3,0,,3,False,False,True,8,8,8,1.0,190.39999999999347,0.13716679555878145,0.3492943913338493,0,94.6101836654842,-0.03458996259710001,2.998293848626377,0.05000000000000001,0.999431282875459,0.19090521962808063,0.20430672268907563,0.1552704576336918,0.23190467881143406
E15_turbid_and_noisy,covariance_only,20001004,0,0,,0,False,False,True,8,8,8,1.0,190.29999999999347,0.1917493802157605,0.41816295864541075,0,94.55897016670299,-0.035112549319357256,2.9982927493057114,0.05,0.9994309164352372,0.17698261354145947,0.2186022070415134,0.17877797882228938,0.2677894179302431
E15_turbid_and_noisy,dead_reckoning,20001004,0,0,,0,False,False,True,8,8,8,1.0,190.19999999999348,0.26158087360632626,0.5025296947212929,0,94.5084533821539,-0.035628026712715255,2.998294049966633,0.05,0.9994313499888777,0.1822834506652459,0.0005257623554153522,0.22859821687813864,0.3334627779603425
E15_turbid_and_noisy,fixed,20001004,0,1,,0,False,False,True,8,8,8,1.0,378.7000000000176,0.10325870912421825,0.2782827843671578,0,95.20603049856344,-0.028509892871801723,1.0191948814166172,0.14997359387377868,0.3397316271388724,0.025897044729086147,1.0,0.034794161869518704,0.04664755372202109
E15_turbid_and_noisy,oracle,20001004,0,0,,0,False,False,True,8,8,8,1.0,190.29999999999347,0.06340348370284644,0.2421053614388029,0,95.10429539717077,-0.029548006151318695,1.0369585181772987,0.14994745139253804,0.3456528393924329,0.14014758436226,0.6022070415133999,0.09562101599045207,0.1962560159067997
E15_turbid_and_noisy,proposed,20001004,3,0,,3,False,False,True,8,8,8,1.0,190.39999999999347,0.13716679555878145,0.3492943913338493,0,94.6101836654842,-0.03458996259710001,2.998293848626377,0.05000000000000001,0.999431282875459,0.19090521962808063,0.20430672268907563,0.1552704576336918,0.23190467881143406
E15_turbid_and_noisy,residual_only,20001004,0,62,,0,False,False,True,8,8,8,1.0,190.39999999999347,0.1081178367923029,0.29619711501530377,0,94.59829773856438,-0.03471124756566957,2.997071823744004,0.05000000000000001,0.9990239412480014,0.2029349180001716,0.32142857142857145,0.14741926429370936,0.23980628459419234
E15_turbid_and_noisy,ablation_a1,20001005,3,0,,3,False,False,True,8,8,8,1.0,189.19999999999354,0.11571724437742442,0.2771237872427892,0,94.3563118727267,-0.0371804910946254,2.999857844863647,0.05,0.999952614954549,0.13176624094650335,0.20718816067653276,0.11724982170230955,0.1976328323291935
E15_turbid_and_noisy,ablation_a2,20001005,3,0,,3,False,False,True,8,8,8,1.0,189.19999999999354,0.11571724437742442,0.2771237872427892,0,94.3563118727267,-0.0371804910946254,2.999857844863647,0.05,0.999952614954549,0.13176624094650335,0.20718816067653276,0.11724982170230955,0.1976328323291935
E15_turbid_and_noisy,covariance_only,20001005,0,0,,0,False,False,True,8,8,8,1.0,189.19999999999354,0.10586309288123502,0.31235321522468595,0,94.35356141218725,-0.03720855701849746,2.9998724464487494,0.05,0.9999574821495831,0.12806934887711816,0.21458773784355178,0.12625747870891607,0.2102982136540758
E15_turbid_and_noisy,dead_reckoning,20001005,0,0,,0,False,False,True,8,8,8,1.0,189.09999999999354,0.07959644116531947,0.3782756666338791,0,94.30304296315896,-0.037724051396337166,2.9998719900458752,0.05,0.9999573300152917,0.14490749616943616,0.0005288207297726071,0.15550727236535095,0.2456396151046689
E15_turbid_and_noisy,fixed,20001005,0,1,,0,False,False,True,8,8,8,1.0,378.40000000001754,0.07774678961033835,0.24575570946634784,0,95.22341698030766,-0.028332479792778975,1.0198071968629205,0.14997357293868915,0.3399357322876402,0.00902874109205909,1.0,0.018641850417174716,0.034368393053820424
E15_turbid_and_noisy,oracle,20001005,0,1,,0,False,False,True,8,8,8,1.0,190.09999999999349,0.07316644999530561,0.22237320990189957,0,95.06298204008043,-0.029969571019587526,1.0397406427593037,0.4497895844292479,0.3465802142531012,0.007961436450979178,1.0,0.045021506927541095,0.07815530428689443
E15_turbid_and_noisy,proposed,20001005,3,0,,3,False,False,True,8,8,8,1.0,189.19999999999354,0.11571724437742442,0.2771237872427892,0,94.3563118727267,-0.0371804910946254,2.999857844863647,0.05,0.999952614954549,0.13176624094650335,0.20718816067653276,0.11724982170230955,0.1976328323291935
E15_turbid_and_noisy,residual_only,20001005,0,63,,0,False,False,True,8,8,8,1.0,189.39999999999353,0.12075634291663097,0.28805441601583937,0,94.43202336002366,-0.036407924897717714,2.99935893359307,0.05,0.99978631119769,0.13671004457078512,0.3368532206969377,0.10790261132674762,0.17996606680985217
E15_turbid_and_noisy,ablation_a1,20001006,3,0,,3,False,False,True,8,8,8,1.0,191.4999999999934,0.04780447621521127,0.26563509927674467,0,95.24611617977925,-0.028100855308375028,3.001208091656332,0.05000000000000001,1.0004026972187774,0.25827440333066704,0.206266318537859,0.16318943117318785,0.2589325088038704
E15_turbid_and_noisy,ablation_a2,20001006,3,0,,3,False,False,True,8,8,8,1.0,191.4999999999934,0.04780447621521127,0.26563509927674467,0,95.24611617977925,-0.028100855308375028,3.001208091656332,0.05000000000000001,1.0004026972187774,0.25827440333066704,0.206266318537859,0.16318943117318785,0.2589325088038704
E15_turbid_and_noisy,covariance_only,20001006,0,0,,0,False,False,True,8,8,8,1.0,191.5999999999934,0.0694780744193787,0.23606522484731052,0,95.30932119680669,-0.027455906155033794,3.0011649578573154,0.05,1.0003883192857719,0.23559116652673465,0.2139874739039666,0.17120398367022588,0.25749908644831454
E15_turbid_and_noisy,dead_reckoning,20001006,0,0,,0,False,False,True,8,8,8,1.0,191.6999999999934,0.15426191135952969,0.214209177310698,0,95.35999586284693,-0.026938817726051778,3.0011640858458293,0.05,1.0003880286152764,0.2271011138422393,0.0005216484089723526,0.23644806749770228,0.34746432829523494
E15_turbid_and_noisy,fixed,20001006,0,1,,0,False,False,True,8,8,8,1.0,380.1000000000179,0.09189187394846876,0.27899787657510267,0,95.38050582209011,-0.02672953242765186,1.018495779389301,0.1499736911339121,0.339498593129767,0.031290614304900134,1.0,0.03714092179207448,0.044814996746558616
E15_turbid_and_noisy,oracle,20001006,0,1,,0,False,False,True,8,8,8,1.0,191.7999999999934,0.04100161229178836,0.15101568586083536,0,95.38915430085,-0.02664128264438781,2.9969340864858505,0.4497914494264861,0.9989780288286169,0.19135958643260262,0.1251303441084463,0.149932063015256,0.21693834765215608
E15_turbid_and_noisy,proposed,20001006,3,0,,3,False,False,True,8,8,8,1.0,191.4999999999934,0.04780447621521127,0.26563509927674467,0,95.24611617977925,-0.028100855308375028,3.001208091656332,0.05000000000000001,1.0004026972187774,0.25827440333066704,0.206266318537859,0.16318943117318785,0.2589325088038704
E15_turbid_and_noisy,residual_only,20001006,0,63,,0,False,False,True,8,8,8,1.0,191.5999999999934,0.061576837993325334,0.25586064801356834,0,95.25905975172753,-0.027968778043596543,3.000044657552161,0.05,1.0000148858507203,0.27433859153410795,0.32724425887265135,0.1594914148303899,0.2694021383891212
E15_turbid_and_noisy,ablation_a1,20001007,3,0,,3,False,False,True,8,8,8,1.0,190.69999999999345,0.0884078090266703,0.26995603276697366,0,94.87219789316823,-0.031916348028895536,2.998367558210904,0.05000000000000001,0.999455852736968,0.11076701703873787,0.2118510749868904,0.10155019509796151,0.16534420816334888
E15_turbid_and_noisy,ablation_a2,20001007,3,0,,3,False,False,True,8,8,8,1.0,190.69999999999345,0.0884078090266703,0.26995603276697366,0,94.87219789316823,-0.031916348028895536,2.998367558210904,0.05000000000000001,0.999455852736968,0.11076701703873787,0.2118510749868904,0.10155019509796151,0.16534420816334888
E15_turbid_and_noisy,covariance_only,20001007,0,0,,0,False,False,True,8,8,8,1.0,190.59999999999346,0.11770169148347957,0.31481488683341396,0,94.82461252460168,-0.032401913014268646,2.99836981250306,0.05,0.9994566041676866,0.09524030880502299,0.22088142707240294,0.11312849977781125,0.18282980098275414
E15_turbid_and_noisy,dead_reckoning,20001007,0,0,,0,False,False,True,8,8,8,1.0,190.69999999999345,0.13564319979698522,0.3374183286171011,0,94.87290972565468,-0.03190908443209506,2.9983712330711083,0.05000000000000001,0.9994570776903694,0.15144948961138,0.0005243838489774515,0.16058285557544738,0.24937868730129623
E15_turbid_and_noisy,fixed,20001007,0,1,,0,False,False,True,8,8,8,1.0,378.7000000000176,0.07606387329685851,0.2520915509268722,0,95.27434692162481,-0.027812786514032517,1.0197233163081703,0.14997359387377868,0.33990777210272344,0.02623385011156653,1.0,0.0316914896651305,0.041595309832979134
E15_turbid_and_noisy,oracle,20001007,0,1,,0,False,False,True,8,8,8,1.0,190.99999999999343,0.05344509904369169,0.20146230120410458,0,95.1266343111762,-0.02932005804922244,2.011614658346239,0.14994764397905758,0.6705382194487464,0.09524717322681743,0.7701570680628272,0.09644911771175854,0.1962181410682246
E15_turbid_and_noisy,proposed,20001007,3,0,,3,False,False,True,8,8,8,1.0,190.69999999999345,0.0884078090266703,0.26995603276697366,0,94.87219789316823,-0.031916348028895536,2.998367558210904,0.05000000000000001,0.999455852736968,0.11076701703873787,0.2118510749868904,0.10155019509796151,0.16534420816334888
E15_turbid_and_noisy,residual_only,20001007,0,63,,0,False,False,True,8,8,8,1.0,191.09999999999343,0.07363207276572767,0.2341084279031862,0,94.8629606410894,-0.03201060570316938,2.9997748879510393,0.05,0.9999249626503465,0.1149079024318002,0.3139717425431711,0.09739821406088282,0.18015844934765535
E15_turbid_and_noisy,ablation_a1,20001008,3,0,,3,False,False,True,8,8,8,1.0,189.29999999999353,0.17831752919387756,0.4466714946543675,0,94.25213296126653,-0.038243541211566034,3.0001171421806134,0.05,1.0000390473935379,0.26673246953844826,0.17591125198098256,0.20874598824300625,0.2988766153357957
E15_turbid_and_noisy,ablation_a2,20001008,3,0,,3,False,False,True,8,8,8,1.0,189.29999999999353,0.17831752919387756,0.4466714946543675,0,94.25213296126653,-0.038243541211566034,3.0001171421806134,0.05,1.0000390473935379,0.26673246953844826,0.17591125198098256,0.20874598824300625,0.2988766153357957
E15_turbid_and_noisy,covariance_only,20001008,0,0,,0,False,False,True,8,8,8,1.0,189.29999999999353,0.22338537902753922,0.508314023860331,0,94.24914270457548,-0.038274054034944105,3.0001499628371024,0.05,1.0000499876123674,0.25682072389838084,0.21658742736397252,0.23279800733488692,0.34283071316833713
E15_turbid_and_noisy,dead_reckoning,20001008,0,0,,0,False,False,True,8,8,8,1.0,189.49999999999352,0.29168468534118613,0.5918691571394668,0,94.34570259622929,-0.037288749018068446,3.0001521489180423,0.05,1.0000507163060142,0.25436942263466167,0.0005277044854881266,0.2806937182829784,0.4064516989752075
E15_turbid_and_noisy,fixed,20001008,0,1,,0,False,False,True,8,8,8,1.0,378.80000000001763,0.09838536940209416,0.25748438756565406,0,95.28355407043652,-0.02771883601595382,1.0204582666082107,0.14997360084477293,0.3401527555360702,0.044287184188227344,1.0,0.039569585030146674,0.05311713847542999
E15_turbid_and_noisy,oracle,20001008,0,1,,0,False,False,True,8,8,8,1.0,189.7999999999935,0.06715411792315756,0.2289098223144972,0,95.01098780920904,-0.030500124395826056,1.0405351751119831,0.14994731296101155,0.34684505837066104,0.11160701896482093,1.0,0.09462449487810828,0.1899738098698167
E15_turbid_and_noisy,proposed,20001008,3,0,,3,False,False,True,8,8,8,1.0,189.29999999999353,0.17831752919387756,0.4466714946543675,0,94.25213296126653,-0.038243541211566034,3.0001171421806134,0.05,1.0000390473935379,0.26673246953844826,0.17591125198098256,0.20874598824300625,0.2988766153357957
E15_turbid_and_noisy,residual_only,20001008,0,62,,0,False,False,True,8,8,8,1.0,189.8999999999935,0.14102496325335354,0.387982251489829,0,94.38707231870937,-0.03686660899276151,3.001078550824401,0.05000000000000001,1.000359516941467,0.29373985239247863,0.2901527119536598,0.2055863081678644,0.301662082347195
E15_turbid_and_noisy,ablation_a1,20001009,3,0,,3,False,False,True,8,8,8,1.0,190.69999999999345,0.07876139050079727,0.21747169971493951,0,94.76357544998744,-0.03302474030625058,2.999711471148391,0.05000000000000001,0.9999038237161303,0.11385967197751025,0.2097535395909806,0.09834258668950793,0.1546607503232882
E15_turbid_and_noisy,ablation_a2,20001009,3,0,,3,False,False,True,8,8,8,1.0,190.69999999999345,0.07876139050079727,0.21747169971493951,0,94.76357544998744,-0.03302474030625058,2.999711471148391,0.05000000000000001,0.9999038237161303,0.11385967197751025,0.2097535395909806,0.09834258668950793,0.1546607503232882
E15_turbid_and_noisy,covariance_only,20001009,0,0,,0,False,False,True,8,8,8,1.0,190.59999999999346,0.06726499827192362,0.22891233619901818,0,94.71469979867273,-0.033523471442115094,2.9997239185541242,0.05,0.9999079728513748,0.1000286804122217,0.21406086044071354,0.09678831109035455,0.1463783931143237
E15_turbid_and_noisy,dead_reckoning,20001009,0,0,,0,False,False,True,8,8,8,1.0,190.79999999999345,0.05308905273486694,0.19537491999894918,0,94.81312139670935,-0.03251916942133315,2.999721496886675,0.05,0.9999071656288917,0.08612042157123222,0.0005241090146750524,0.10894342495235024,0.1526039851818143
E15_turbid_and_noisy,fixed,20001009,0,1,,0,False,False,True,8,8,8,1.0,378.00000000001745,0.08811203428074853,0.2630317437672769,0,95.23885748640782,-0.02817492360808338,1.018854218556248,0.14997354497354493,0.3396180728520826,0.013720991792583615,1.0,0.02551854451735363,0.03760650003751274
E15_turbid_and_noisy,oracle,20001009,0,0,,0,False,False,True,8,8,8,1.0,190.49999999999346,0.06278911346549935,0.21582684796026186,0,95.26063710231824,-0.027952682629405645,1.03788464194065,0.14994750656167977,0.34596154731355,0.03282740945025399,0.6036745406824147,0.06079797180464228,0.0883206368303263
E15_turbid_and_noisy,proposed,20001009,3,0,,3,False,False,True,8,8,8,1.0,190.69999999999345,0.07876139050079727,0.21747169971493951,0,94.76357544998744,-0.03302474030625058,2.999711471148391,0.05000000000000001,0.9999038237161303,0.11385967197751025,0.2097535395909806,0.09834258668950793,0.1546607503232882
E15_turbid_and_noisy,residual_only,20001009,0,63,,0,False,False,True,8,8,8,1.0,190.79999999999345,0.09124485182679506,0.2484036664504039,0,94.6456314592891,-0.03422825041541733,2.997855659791011,0.05,0.999285219930337,0.10279382817535075,0.3307127882599581,0.08540604117799162,0.12722115899103478
E16_featureless_plain,ablation_a1,20001000,1,0,,1,False,False,True,8,8,8,1.0,191.19999999999342,0.08392148285692815,0.24317251964340203,0,95.16671936208617,-0.028911026917488036,2.998987210425935,0.05000000000000001,0.9996624034753117,0.09834536851833692,0.4665271966527197,0.17468338253237048,0.30490192259718946
E16_featureless_plain,ablation_a2,20001000,1,0,,1,False,False,True,8,8,8,1.0,191.19999999999342,0.08392148285692815,0.24317251964340203,0,95.16671936208617,-0.028911026917488036,2.998987210425935,0.05000000000000001,0.9996624034753117,0.09834536851833692,0.4665271966527197,0.17468338253237048,0.30490192259718946
E16_featureless_plain,covariance_only,20001000,0,0,,0,False,False,True,8,8,8,1.0,191.09999999999343,0.08585266966271293,0.31149378172328035,0,95.11517152192422,-0.029437025286487506,2.999069460764277,0.05,0.9996898202547589,0.24166758474569716,0.998953427524856,0.18553300190660507,0.2800674239030351
E16_featureless_plain,dead_reckoning,20001000,0,0,,0,False,False,True,8,8,8,1.0,191.5999999999934,0.200644235817875,0.31889993205216527,0,95.36993133725557,-0.026837435334126858,2.9990741541931496,0.05,0.9996913847310499,0.3466715235974277,0.0005219206680584551,0.31963108411062513,0.49437313818245954
E16_featureless_plain,fixed,20001000,0,1,,0,False,False,True,8,8,8,1.0,378.50000000001756,0.07991914148201526,0.25100847468956466,0,95.19201578485146,-0.028652900154576888,1.0194848745104663,0.14997357992073973,0.33982829150348876,0.02216670775603339,1.0,0.030019407760578907,0.035843351347148236
E16_featureless_plain,oracle,20001000,0,0,,0,False,False,True,8,8,8,1.0,191.09999999999343,0.057201598186804176,0.21033786588461112,0,95.09530839265373,-0.029639710279043552,3.0005794441411684,0.44979068550497137,1.000193148047056,0.11987283910051923,0.43956043956043955,0.1691605018830392,0.28205431212259846
E16_featureless_plain,proposed,20001000,1,0,,1,False,False,True,8,8,8,1.0,191.19999999999342,0.08392148285692815,0.24317251964340203,0,95.16671936208617,-0.028911026917488036,2.998987210425935,0.05000000000000001,0.9996624034753117,0.09834536851833692,0.4665271966527197,0.17468338253237048,0.30490192259718946
E16_featureless_plain,residual_only,20001000,0,0,,0,False,False,True,8,8,8,1.0,191.19999999999342,0.08392148285692815,0.24317251964340203,0,95.16671936208617,-0.028911026917488036,2.998987210425935,0.05000000000000001,0.9996624034753117,0.09834536851833692,0.4665271966527197,0.17468338253237048,0.30490192259718946
E16_featureless_plain,ablation_a1,20001001,1,0,,1,False,False,True,8,8,8,1.0,191.19999999999342,0.08030649724266771,0.2615492008115794,0,94.78285039587642,-0.03282805718493442,2.9994970914962336,0.05000000000000001,0.9998323638320779,0.12140060036527232,0.7201882845188284,0.10194280378415163,0.1514351591780884
E16_featureless_plain,ablation_a2,20001001,1,0,,1,False,False,True,8,8,8,1.0,191.19999999999342,0.08030649724266771,0.2615492008115794,0,94.78285039587642,-0.03282805718493442,2.9994970914962336,0.05000000000000001,0.9998323638320779,0.12140060036527232,0.7201882845188284,0.10194280378415163,0.1514351591780884
E16_featureless_plain,covariance_only,20001001,0,0,,0,False,False,True,8,8,8,1.0,191.3999999999934,0.06690509531261596,0.26806122768991036,0,94.90337671989174,-0.031598196735798556,2.99944153514165,0.05000000000000001,0.9998138450472167,0.16807168450146942,0.9994775339602926,0.13447158325225242,0.2020744961191379
E16_featureless_plain,dead_reckoning,20001001,0,0,,0,False,False,True,8,8,8,1.0,192.09999999999337,0.13205395992370778,0.25775185364040887,0,95.24852313487371,-0.02807629454210503,2.999421093721911,0.05,0.999807031240637,0.22553708205650627,0.0005205622071837585,0.2330962904292409,0.3583988884095186
E16_featureless_plain,fixed,20001001,0,1,,0,False,False,True,8,8,8,1.0,380.300000000018,0.08008427920682502,0.2509033993101504,0,95.36630466452603,-0.026874442198714044,1.0180939926767156,0.1499737049697607,0.3393646642255719,0.01712260571858527,1.0,0.027389097675710405,0.033073630769269315
E16_featureless_plain,oracle,20001001,0,1,,0,False,False,True,8,8,8,1.0,191.4999999999934,0.05443462401493748,0.3277996194414712,0,95.61137800335128,-0.024373693843354305,1.0365869196197772,0.14994778067885117,0.3455289732065924,0.30409292608771543,0.06631853785900783,0.1978338968493363,0.31076843763761436
E16_featureless_plain,proposed,20001001,1,0,,1,False,False,True,8,8,8,1.0,191.19999999999342,0.08030649724266771,0.2615492008115794,0,94.78285039587642,-0.03282805718493442,2.9994970914962336,0.05000000000000001,0.9998323638320779,0.12140060036527232,0.7201882845188284,0.10194280378415163,0.1514351591780884
E16_featureless_plain,residual_only,20001001,0,0,,0,False,False,True,8,8,8,1.0,191.19999999999342,0.08030649724266771,0.2615492008115794,0,94.78285039587642,-0.03282805718493442,2.9994970914962336,0.05000000000000001,0.9998323638320779,0.12140060036527232,0.7201882845188284,0.10194280378415163,0.1514351591780884
E16_featureless_plain,ablation_a1,20001002,1,0,,1,False,False,True,8,8,8,1.0,190.79999999999345,0.07653887603128388,0.22084467443099243,0,94.68714345647457,-0.03380465860740234,2.9987219273058323,0.05,0.9995739757686107,0.04616589641535488,0.9465408805031447,0.06627616401929003,0.0953437647235419
E16_featureless_plain,ablation_a2,20001002,1,0,,1,False,False,True,8,8,8,1.0,190.79999999999345,0.07653887603128388,0.22084467443099243,0,94.68714345647457,-0.03380465860740234,2.9987219273058323,0.05,0.9995739757686107,0.04616589641535488,0.9465408805031447,0.06627616401929003,0.0953437647235419
E16_featureless_plain,covariance_only,20001002,0,0,,0,False,False,True,8,8,8,1.0,190.89999999999344,0.07291354783609208,0.23513541030079121,0,94.75343880487021,-0.03312817546050806,2.998750045194871,0.05000000000000001,0.9995833483982904,0.08850456979602953,0.997904662126768,0.08821886305730345,0.12308460703448514
E16_featureless_plain,dead_reckoning,20001002,0,0,,0,False,False,True,8,8,8,1.0,191.19999999999342,0.0779042944537763,0.12694143278846903,0,94.90157422349881,-0.031616589556134556,2.9987531427773675,0.05000000000000001,0.9995843809257892,0.13352626436057097,0.0005230125523012552,0.16116629321042217,0.23520303842836657
E16_featureless_plain,fixed,20001002,0,1,,0,False,False,True,8,8,8,1.0,378.7000000000176,0.07347630478629502,0.2747731850175388,0,95.22802246576923,-0.028285485043171188,1.020649789565004,0.14997359387377868,0.34021659652166797,0.015354539403562632,1.0,0.025508226786354716,0.03101242450162927
E16_featureless_plain,oracle,20001002,0,1,,0,False,False,True,8,8,8,1.0,190.79999999999345,0.062021392313536775,0.19223718132605683,0,95.19940882632102,-0.028577460955907963,1.041247882486773,0.4497903563941301,0.347082627495591,0.035132029885777655,1.0,0.052480258029793524,0.06783660240754498
E16_featureless_plain,proposed,20001002,1,0,,1,False,False,True,8,8,8,1.0,190.79999999999345,0.07653887603128388,0.22084467443099243,0,94.68714345647457,-0.03380465860740234,2.9987219273058323,0.05,0.9995739757686107,0.04616589641535488,0.9465408805031447,0.06627616401929003,0.0953437647235419
E16_featureless_plain,residual_only,20001002,0,0,,0,False,False,True,8,8,8,1.0,190.79999999999345,0.07653887603128388,0.22084467443099243,0,94.68714345647457,-0.03380465860740234,2.9987219273058323,0.05,0.9995739757686107,0.04616589641535488,0.9465408805031447,0.06627616401929003,0.0953437647235419
E16_featureless_plain,ablation_a1,20001003,1,0,,1,False,False,True,8,8,8,1.0,189.9999999999935,0.06487055842923825,0.28545540665041,0,94.50820895583357,-0.03563052085884111,3.0000792914313923,0.05,1.0000264304771307,0.11450877199697079,0.68,0.10993884883401572,0.24063182762588706
E16_featureless_plain,ablation_a2,20001003,1,0,,1,False,False,True,8,8,8,1.0,189.9999999999935,0.06487055842923825,0.28545540665041,0,94.50820895583357,-0.03563052085884111,3.0000792914313923,0.05,1.0000264304771307,0.11450877199697079,0.68,0.10993884883401572,0.24063182762588706
E16_featureless_plain,covariance_only,20001003,0,0,,0,False,False,True,8,8,8,1.0,189.9999999999935,0.09864193977492486,0.28321032841544813,0,94.4768925133891,-0.03595007639398873,3.0001207006657213,0.05,1.0000402335552405,0.1068871645976464,0.9989473684210526,0.09717386633411222,0.18379870672080784
E16_featureless_plain,dead_reckoning,20001003,0,0,,0,False,False,True,8,8,8,1.0,189.7999999999935,0.20032053357979407,0.44008290319035126,0,94.37558998618758,-0.03698377565114719,3.00012701610961,0.05,1.0000423387032034,0.202173357831644,0.0005268703898840885,0.19322785146846835,0.2796991566262631
E16_featureless_plain,fixed,20001003,0,1,,0,False,False,True,8,8,8,1.0,378.40000000001754,0.08347759692755284,0.2496859950885888,0,95.28984027938404,-0.02765469102669349,1.0187921837882232,0.14997357293868915,0.3395973945960744,0.015487693937503917,1.0,0.02476833068487172,0.028147204654818677
E16_featureless_plain,oracle,20001003,0,1,,0,False,False,True,8,8,8,1.0,190.29999999999347,0.05723661616137128,0.18851982548491364,0,94.83538700998793,-0.03229196928583744,2.0139164408623857,0.14994745139253804,0.671305480287462,0.14760254523200148,0.49658434051497635,0.12704821901418675,0.27060792874642325
E16_featureless_plain,proposed,20001003,1,0,,1,False,False,True,8,8,8,1.0,189.9999999999935,0.06487055842923825,0.28545540665041,0,94.50820895583357,-0.03563052085884111,3.0000792914313923,0.05,1.0000264304771307,0.11450877199697079,0.68,0.10993884883401572,0.24063182762588706
E16_featureless_plain,residual_only,20001003,0,0,,0,False,False,True,8,8,8,1.0,189.9999999999935,0.06487055842923825,0.28545540665041,0,94.50820895583357,-0.03563052085884111,3.0000792914313923,0.05,1.0000264304771307,0.11450877199697079,0.68,0.10993884883401572,0.24063182762588706
E16_featureless_plain,ablation_a1,20001004,1,0,,1,False,False,True,8,8,8,1.0,190.69999999999345,0.06709405245486626,0.24310039387186144,0,94.67754141399593,-0.033902638632694604,2.9983884764561197,0.05000000000000001,0.9994628254853732,0.15782081305173665,0.6334556895647614,0.12307901275188456,0.26378527978270244
E16_featureless_plain,ablation_a2,20001004,1,0,,1,False,False,True,8,8,8,1.0,190.69999999999345,0.06709405245486626,0.24310039387186144,0,94.67754141399593,-0.033902638632694604,2.9983884764561197,0.05000000000000001,0.9994628254853732,0.15782081305173665,0.6334556895647614,0.12307901275188456,0.26378527978270244
E16_featureless_plain,covariance_only,20001004,0,0,,0,False,False,True,8,8,8,1.0,190.49999999999346,0.1100987078644005,0.31687593294200944,0,94.56609196494793,-0.03503987790869456,2.9983690296553465,0.05000000000000001,0.9994563432184488,0.1144244429952829,0.9989501312335958,0.11404738820490713,0.20173622020412288
E16_featureless_plain,dead_reckoning,20001004,0,0,,0,False,False,True,8,8,8,1.0,190.29999999999347,0.2569102873838838,0.5303789590509211,0,94.46605040463201,-0.03606071015681622,2.998371994018104,0.05,0.999457331339368,0.1786149351599159,0.0005254860746190226,0.2288659514918729,0.33402366738840406
E16_featureless_plain,fixed,20001004,0,1,,0,False,False,True,8,8,8,1.0,379.0000000000177,0.09156553335093058,0.24620090493037194,0,95.388875777977,-0.02664412471452038,1.0178017148148573,0.14997361477572554,0.3392672382716191,0.01875290486306867,1.0,0.025904750788024854,0.03028767269372104
E16_featureless_plain,oracle,20001004,0,1,,0,False,False,True,8,8,8,1.0,190.59999999999346,0.05901582977974838,0.28895745435438513,0,94.9667015909412,-0.030952024582232673,2.0099630782653684,0.44979013641133275,0.6699876927551228,0.19165317955324593,0.425498426023085,0.14064381214646243,0.2874125953755217
E16_featureless_plain,proposed,20001004,1,0,,1,False,False,True,8,8,8,1.0,190.69999999999345,0.06709405245486626,0.24310039387186144,0,94.67754141399593,-0.033902638632694604,2.9983884764561197,0.05000000000000001,0.9994628254853732,0.15782081305173665,0.6334556895647614,0.12307901275188456,0.26378527978270244
E16_featureless_plain,residual_only,20001004,0,0,,0,False,False,True,8,8,8,1.0,190.69999999999345,0.06709405245486626,0.24310039387186144,0,94.67754141399593,-0.033902638632694604,2.9983884764561197,0.05000000000000001,0.9994628254853732,0.15782081305173665,0.6334556895647614,0.12307901275188456,0.26378527978270244
E16_featureless_plain,ablation_a1,20001005,1,0,,1,False,False,True,8,8,8,1.0,189.49999999999352,0.08643311926319702,0.24091168270646524,0,94.43662748333041,-0.03636094404764889,3.002126687696504,0.05,1.0007088958988346,0.012635075390916095,0.9277044854881267,0.05306353898129909,0.09947063647197393
E16_featureless_plain,ablation_a2,20001005,1,0,,1,False,False,True,8,8,8,1.0,189.49999999999352,0.08643311926319702,0.24091168270646524,0,94.43662748333041,-0.03636094404764889,3.002126687696504,0.05,1.0007088958988346,0.012635075390916095,0.9277044854881267,0.05306353898129909,0.09947063647197393
E16_featureless_plain,covariance_only,20001005,0,0,,0,False,False,True,8,8,8,1.0,189.19999999999354,0.10271571124563048,0.28529206846998534,0,94.27629676182366,-0.03799697181812589,3.0022257076308816,0.05,1.0007419025436273,0.05121271354910767,0.9994714587737844,0.08437648326041618,0.14845915137138105
E16_featureless_plain,dead_reckoning,20001005,0,0,,0,False,False,True,8,8,8,1.0,189.29999999999353,0.08859751233125487,0.370109527541171,0,94.32737480886756,-0.03747576725645352,3.002221218595412,0.05,1.0007404061984706,0.169595505554288,0.0005282620179609086,0.1653441221981122,0.2634486053750782
E16_featureless_plain,fixed,20001005,0,1,,0,False,False,True,8,8,8,1.0,378.3000000000175,0.08080268805412337,0.23208975726617176,0,95.29089728727484,-0.02764390523188931,1.0189185451721097,0.14997356595294736,0.3396395150573699,0.012077953314677467,1.0,0.02188796243168985,0.029422987994114826
E16_featureless_plain,oracle,20001005,0,1,,0,False,False,True,8,8,8,1.0,189.9999999999935,0.06218017458845416,0.24109463750912496,0,94.66403674700746,-0.03404044135706674,2.0123526285741455,0.1499473684210526,0.6707842095247152,0.004532253347084918,0.9310526315789474,0.045756751974700575,0.08325122000818973
E16_featureless_plain,proposed,20001005,1,0,,1,False,False,True,8,8,8,1.0,189.49999999999352,0.08643311926319702,0.24091168270646524,0,94.43662748333041,-0.03636094404764889,3.002126687696504,0.05,1.0007088958988346,0.012635075390916095,0.9277044854881267,0.05306353898129909,0.09947063647197393
E16_featureless_plain,residual_only,20001005,0,0,,0,False,False,True,8,8,8,1.0,189.49999999999352,0.08643311926319702,0.24091168270646524,0,94.43662748333041,-0.03636094404764889,3.002126687696504,0.05,1.0007088958988346,0.012635075390916095,0.9277044854881267,0.05306353898129909,0.09947063647197393
E16_featureless_plain,ablation_a1,20001006,1,0,,1,False,False,True,8,8,8,1.0,191.4999999999934,0.06166462585365568,0.1715642823850363,0,95.11296126435084,-0.029459578935195463,3.001208953331754,0.05000000000000001,1.000402984443918,0.0929652136469625,0.8689295039164491,0.09077377709077691,0.11532496469514776
E16_featureless_plain,ablation_a2,20001006,1,0,,1,False,False,True,8,8,8,1.0,191.4999999999934,0.06166462585365568,0.1715642823850363,0,95.11296126435084,-0.029459578935195463,3.001208953331754,0.05000000000000001,1.000402984443918,0.0929652136469625,0.8689295039164491,0.09077377709077691,0.11532496469514776
E16_featureless_plain,covariance_only,20001006,0,0,,0,False,False,True,8,8,8,1.0,191.7999999999934,0.05146264207972244,0.20223672992599306,0,95.29985605717552,-0.027552489212494757,3.0012735358098737,0.05000000000000001,1.0004245119366246,0.15064041214494192,0.9994786235662148,0.119085841852351,0.16333521831297607
E16_featureless_plain,dead_reckoning,20001006,0,0,,0,False,False,True,8,8,8,1.0,192.19999999999337,0.15289547630193093,0.21514031114061094,0,95.50841163282513,-0.025424371093621168,3.0012676383050834,0.05000000000000001,1.0004225461016945,0.23207454179773268,0.0005202913631633715,0.23579615035271478,0.3432273631752993
E16_featureless_plain,fixed,20001006,0,1,,0,False,False,True,8,8,8,1.0,380.400000000018,0.08982546705625048,0.24789766096567334,0,95.40505343177024,-0.02647904661458933,1.020200046034446,0.14997371188222922,0.340066682011482,0.021284604168215152,1.0,0.02836587629425552,0.03252642054095618
E16_featureless_plain,oracle,20001006,0,1,,0,False,False,True,8,8,8,1.0,191.3999999999934,0.04454532619977756,0.1929657475573805,0,95.14704742674867,-0.02911176095154422,3.002417243640741,0.05000000000000001,1.000805747880247,0.1148354443480386,0.7847439916405433,0.10864873755825064,0.1669307936905735
E16_featureless_plain,proposed,20001006,1,0,,1,False,False,True,8,8,8,1.0,191.4999999999934,0.06166462585365568,0.1715642823850363,0,95.11296126435084,-0.029459578935195463,3.001208953331754,0.05000000000000001,1.000402984443918,0.0929652136469625,0.8689295039164491,0.09077377709077691,0.11532496469514776
E16_featureless_plain,residual_only,20001006,0,0,,0,False,False,True,8,8,8,1.0,191.4999999999934,0.06166462585365568,0.1715642823850363,0,95.11296126435084,-0.029459578935195463,3.001208953331754,0.05000000000000001,1.000402984443918,0.0929652136469625,0.8689295039164491,0.09077377709077691,0.11532496469514776
E16_featureless_plain,ablation_a1,20001007,1,0,,1,False,False,True,8,8,8,1.0,190.59999999999346,0.07424155962570075,0.20949959373828264,0,94.72134314644607,-0.03345568217912165,3.0003592277419626,0.05,1.0001197425806543,0.0732798886504153,0.912906610703043,0.07020992087311673,0.11639747915052233
E16_featureless_plain,ablation_a2,20001007,1,0,,1,False,False,True,8,8,8,1.0,190.59999999999346,0.07424155962570075,0.20949959373828264,0,94.72134314644607,-0.03345568217912165,3.0003592277419626,0.05,1.0001197425806543,0.0732798886504153,0.912906610703043,0.07020992087311673,0.11639747915052233
E16_featureless_plain,covariance_only,20001007,0,0,,0,False,False,True,8,8,8,1.0,190.79999999999345,0.08734179356625676,0.24896849574890778,0,94.82843527675027,-0.03236290533928299,3.0003352203584712,0.05,1.0001117401194903,0.07634481080640586,0.999475890985325,0.08772590006481756,0.15031021050065896
E16_featureless_plain,dead_reckoning,20001007,0,0,,0,False,False,True,8,8,8,1.0,190.79999999999345,0.14646756848986267,0.3402077420381051,0,94.83145296027578,-0.03233211265024716,3.0003344859241876,0.05,1.0001114953080625,0.1477779886386375,0.0005241090146750524,0.1609523406665669,0.24573061131660032
E16_featureless_plain,fixed,20001007,0,1,,0,False,False,True,8,8,8,1.0,377.9000000000174,0.07426913686007021,0.22981566718972068,0,95.3452103652477,-0.02708969015053375,1.0190404611360018,0.14997353797300866,0.3396801537120006,0.01705368853344981,1.0,0.02632408871376912,0.029916782953803105
E16_featureless_plain,oracle,20001007,0,1,,0,False,False,True,8,8,8,1.0,190.89999999999344,0.048263740943649505,0.26106563199821764,0,95.3414611923643,-0.027127947016690745,1.0393504441423875,0.14994761655316916,0.3464501480474625,0.1794280660300461,0.29334730225248823,0.11986753061999963,0.20939159319384135
E16_featureless_plain,proposed,20001007,1,0,,1,False,False,True,8,8,8,1.0,190.59999999999346,0.07424155962570075,0.20949959373828264,0,94.72134314644607,-0.03345568217912165,3.0003592277419626,0.05,1.0001197425806543,0.0732798886504153,0.912906610703043,0.07020992087311673,0.11639747915052233
E16_featureless_plain,residual_only,20001007,0,0,,0,False,False,True,8,8,8,1.0,190.59999999999346,0.07424155962570075,0.20949959373828264,0,94.72134314644607,-0.03345568217912165,3.0003592277419626,0.05,1.0001197425806543,0.0732798886504153,0.912906610703043,0.07020992087311673,0.11639747915052233
E16_featureless_plain,ablation_a1,20001008,1,0,,1,False,False,True,8,8,8,1.0,189.5999999999935,0.12098952075076785,0.3884105982249664,0,94.4367583742994,-0.03635960842551633,2.9990626742692834,0.05,0.9996875580897612,0.20564209090673596,0.44251054852320676,0.13830144526763552,0.2266771286899405
E16_featureless_plain,ablation_a2,20001008,1,0,,1,False,False,True,8,8,8,1.0,189.5999999999935,0.12098952075076785,0.3884105982249664,0,94.4367583742994,-0.03635960842551633,2.9990626742692834,0.05,0.9996875580897612,0.20564209090673596,0.44251054852320676,0.13830144526763552,0.2266771286899405
E16_featureless_plain,covariance_only,20001008,0,0,,0,False,False,True,8,8,8,1.0,189.6999999999935,0.12606172226083234,0.3687564118464195,0,94.47593112551922,-0.0359598864742936,2.9991379194470387,0.05,0.9997126398156796,0.16664931285820808,1.0,0.15046486842057488,0.2484080445710405
E16_featureless_plain,dead_reckoning,20001008,0,0,,0,False,False,True,8,8,8,1.0,189.39999999999353,0.2864509389456524,0.5747797814824729,0,94.31991826808759,-0.03755185440726949,2.999140842607406,0.05,0.9997136142024687,0.2558557056203708,0.0005279831045406547,0.28122986815074036,0.4123226287332622
E16_featureless_plain,fixed,20001008,0,1,,0,False,False,True,8,8,8,1.0,379.2000000000177,0.09992193141705119,0.25910160028080664,0,95.30043853440162,-0.027546545567330383,1.020314895178518,0.14997362869198308,0.340104965059506,0.018791562780976146,1.0,0.025928089845953396,0.030794390339394167
E16_featureless_plain,oracle,20001008,0,1,,0,False,False,True,8,8,8,1.0,190.09999999999349,0.062207506280132906,0.18640120912353453,0,95.12215946216779,-0.029365719773798094,1.0416917213640053,0.14994739610731192,0.34723057378800176,0.1087007994703303,0.9847448711204629,0.08130670715219085,0.1464696576510089
E16_featureless_plain,proposed,20001008,1,0,,1,False,False,True,8,8,8,1.0,189.5999999999935,0.12098952075076785,0.3884105982249664,0,94.4367583742994,-0.03635960842551633,2.9990626742692834,0.05,0.9996875580897612,0.20564209090673596,0.44251054852320676,0.13830144526763552,0.2266771286899405
E16_featureless_plain,residual_only,20001008,0,0,,0,False,False,True,8,8,8,1.0,189.5999999999935,0.12098952075076785,0.3884105982249664,0,94.4367583742994,-0.03635960842551633,2.9990626742692834,0.05,0.9996875580897612,0.20564209090673596,0.44251054852320676,0.13830144526763552,0.2266771286899405
E16_featureless_plain,ablation_a1,20001009,1,0,,1,False,False,True,8,8,8,1.0,190.29999999999347,0.07842864009575239,0.2190393804350279,0,94.6650807179678,-0.03402978859216532,2.9981026237222648,0.05,0.9993675412407549,0.03188366073177985,0.9558591697320021,0.05914943266811463,0.0870344694333836
E16_featureless_plain,ablation_a2,20001009,1,0,,1,False,False,True,8,8,8,1.0,190.29999999999347,0.07842864009575239,0.2190393804350279,0,94.6650807179678,-0.03402978859216532,2.9981026237222648,0.05,0.9993675412407549,0.03188366073177985,0.9558591697320021,0.05914943266811463,0.0870344694333836
E16_featureless_plain,covariance_only,20001009,0,0,,0,False,False,True,8,8,8,1.0,190.29999999999347,0.07466909921758577,0.206423309176202,0,94.67354512062084,-0.03394341713652205,2.9981580206919594,0.05,0.9993860068973198,0.05782324297221073,1.0,0.07631815690833935,0.10970389428346015
E16_featureless_plain,dead_reckoning,20001009,0,0,,0,False,False,True,8,8,8,1.0,190.59999999999346,0.05093795321606429,0.13990676327485163,0,94.82141456057258,-0.03243454530027978,2.998162257596832,0.05,0.999387419198944,0.09367177674179893,0.0005246589716684155,0.11374080775959922,0.16103106832847155
E16_featureless_plain,fixed,20001009,0,1,,0,False,False,True,8,8,8,1.0,377.7000000000174,0.09627447205545642,0.2619558262571431,0,95.25466486094567,-0.028013623867901405,1.020043628587237,0.14997352396081542,0.34001454286241234,0.01296929399017517,1.0,0.02476489829077534,0.029929581165761887
E16_featureless_plain,oracle,20001009,0,1,,0,False,False,True,8,8,8,1.0,190.49999999999346,0.06536572116973399,0.19597163432486342,0,95.23410774939197,-0.0282233903123269,1.03727113315802,0.44979002624671927,0.3457570443860067,0.02867080714798348,0.9858267716535433,0.0510856752127856,0.06778938339353953
E16_featureless_plain,proposed,20001009,1,0,,1,False,False,True,8,8,8,1.0,190.29999999999347,0.07842864009575239,0.2190393804350279,0,94.6650807179678,-0.03402978859216532,2.9981026237222648,0.05,0.9993675412407549,0.03188366073177985,0.9558591697320021,0.05914943266811463,0.0870344694333836
E16_featureless_plain,residual_only,20001009,0,0,,0,False,False,True,8,8,8,1.0,190.29999999999347,0.07842864009575239,0.2190393804350279,0,94.6650807179678,-0.03402978859216532,2.9981026237222648,0.05,0.9993675412407549,0.03188366073177985,0.9558591697320021,0.05914943266811463,0.0870344694333836
E17_terrain_recoverable,ablation_a1,20001000,11,1,0.5000000000003766,5,False,False,True,8,8,8,1.0,197.89999999999304,0.16159075721101346,0.6881970759031351,0,98.28511089879906,0.002909294885704794,3.004226460973807,0.05000000000000001,1.0014088203246023,0.5998340376792342,0.13895907023749368,0.6017265226088083,1.1664562072924962
E17_terrain_recoverable,ablation_a2,20001000,7,0,0.5000000000003766,5,False,False,True,8,8,8,1.0,191.3999999999934,0.09286984177085378,0.19591139463294915,0,95.0912986698305,-0.029680625818056194,3.003630904254548,0.34294670846394987,1.0012103014181826,0.1770768789160409,0.14211076280041798,0.16009719616156182,0.3308855506098226
E17_terrain_recoverable,covariance_only,20001000,0,0,,0,False,False,True,8,8,8,1.0,192.59999999999334,0.6448150973745608,1.5040520107327442,0,95.61087567460825,-0.02437881964685462,3.004424948147322,0.05,1.001474982715774,0.6730416915718977,0.15109034267912771,1.267916881823657,2.523207452076404
E17_terrain_recoverable,dead_reckoning,20001000,0,0,,0,False,False,False,8,5,8,0.625,174.0999999999944,6.2168856946011095,14.54175981335171,0,86.21947240570826,-0.1202094652478749,3.0045137417687915,0.05000000000000001,1.0015045805895972,1.8009160228232473,0.0005743825387708214,7.458210653919395,17.58117569282703
E17_terrain_recoverable,fixed,20001000,0,1,,0,False,False,True,8,8,8,1.0,378.00000000001745,0.07879159464513837,0.23192374781105185,0,95.31084856264411,-0.027440320789345773,1.0128601200856082,0.14997354497354493,0.3376200400285361,0.05134801532804318,0.9997354497354497,0.04458910878674383,0.06563949801546154
E17_terrain_recoverable,oracle,20001000,0,1,,0,False,False,True,8,8,8,1.0,379.40000000001777,0.06287990548757898,0.3976907089920214,0,94.83741560092344,-0.032271269378332246,2.005190375840711,0.4498945703742753,0.6683967919469036,0.1693591078907104,0.08592514496573538,0.13251851937501688,0.24209207705518318
E17_terrain_recoverable,proposed,20001000,7,0,0.5000000000003766,5,False,False,True,8,8,8,1.0,191.3999999999934,0.09286984177085378,0.19591139463294915,0,95.0912986698305,-0.029680625818056194,3.003630904254548,0.34294670846394987,1.0012103014181826,0.1770768789160409,0.14211076280041798,0.16009719616156182,0.3308855506098226
E17_terrain_recoverable,residual_only,20001000,0,91,,0,False,False,True,8,8,8,1.0,212.5999999999922,0.7267115270652579,3.363925938297608,0,105.61389953719616,0.07769285242036905,2.9927455056764773,0.04999999999999999,0.9975818352254925,0.7090558110373438,0.16745061147695203,1.326397363199205,3.13479388730732
E17_terrain_recoverable,ablation_a1,20001001,8,1,0.5000000000003766,5,False,False,True,8,8,8,1.0,208.29999999999245,0.4979996744617175,1.288273412920117,0,103.65147490028238,0.057668111227371144,3.003281364203568,0.05,1.001093788067856,0.5156200050323584,0.14258281325012,1.2081308812278646,2.8222749025465186
E17_terrain_recoverable,ablation_a2,20001001,7,0,0.5000000000003766,5,False,False,True,8,8,8,1.0,190.09999999999349,0.08970336814907723,0.2636660598720475,0,94.59159585274404,-0.03477963415567309,3.0042536199780634,0.33116780641767496,1.001417873326021,0.15042694144806112,0.1499210941609679,0.13203398060888183,0.25497981542561726
E17_terrain_recoverable,covariance_only,20001001,0,0,,0,False,False,True,8,8,8,1.0,198.399999999993,0.47815482348161537,1.0108003563159436,0,98.74685495276339,0.007620968905748926,3.003386185338714,0.05000000000000001,1.001128728446238,0.42150347105945923,0.14868951612903225,0.7290441249357105,1.2910315274002548
E17_terrain_recoverable,dead_reckoning,20001001,0,0,,0,False,False,False,8,6,8,0.75,186.69999999999368,3.958436487606906,7.87308082618224,0,92.86431786314452,-0.05240491976383144,3.003570279775596,0.05,1.001190093258532,4.798529192892094,0.0005356186395286556,4.500123549340162,9.239557180701915
E17_terrain_recoverable,fixed,20001001,0,1,,0,False,False,True,8,8,8,1.0,379.1000000000177,0.07477268253944465,0.23964116390763124,0,95.30166919445129,-0.02753398781172145,1.0216252037977414,0.14997362173568976,0.34054173459924714,0.03449701628186745,1.0,0.035909367680763596,0.05215359414311381
E17_terrain_recoverable,oracle,20001001,0,1,,0,False,False,True,8,8,8,1.0,379.1000000000177,0.06347544362276832,0.2549402405297183,0,95.05746781375161,-0.030025838635187596,2.007849779164898,0.14997362173568976,0.6692832597216327,0.11262032488160925,0.05987865998417304,0.09087240173503966,0.16686557082859033
E17_terrain_recoverable,proposed,20001001,7,0,0.5000000000003766,5,False,False,True,8,8,8,1.0,190.09999999999349,0.08970336814907723,0.2636660598720475,0,94.59159585274404,-0.03477963415567309,3.0042536199780634,0.33116780641767496,1.001417873326021,0.15042694144806112,0.1499210941609679,0.13203398060888183,0.25497981542561726
E17_terrain_recoverable,residual_only,20001001,0,86,,0,False,False,True,8,8,8,1.0,204.49999999999267,0.5048870308928024,1.3137484009957134,0,101.74284783946898,0.03819232489254065,3.0022048897704954,0.05000000000000001,1.0007349632568319,0.5008776509333913,0.17701711491442543,1.058131611508729,2.4547052660918705
E17_terrain_recoverable,ablation_a1,20001002,12,1,0.5000000000003766,5,False,False,True,8,8,8,1.0,203.9999999999927,1.05234554235773,3.9575567811367964,0,101.53533415553004,0.03607483832173508,2.9966126990315893,0.05000000000000002,0.9988708996771964,0.30889890523271485,0.14362745098039215,1.7686638382579047,4.148797315943633
E17_terrain_recoverable,ablation_a2,20001002,7,0,0.5000000000003766,5,False,False,True,8,8,8,1.0,190.59999999999346,0.09790561392548346,0.31432651273398937,0,94.86376724699687,-0.03200237503064418,2.9984750229757102,0.331479538300105,0.9994916743252368,0.048712639321119786,0.14900314795383002,0.1262274881453556,0.23034884853758553
E17_terrain_recoverable,covariance_only,20001002,0,0,,0,False,False,True,8,8,8,1.0,201.69999999999283,0.7806401783778467,3.3799406355165313,0,100.38985162847241,0.024386241106861384,2.9966642563665657,0.05,0.9988880854555219,0.24995539259813418,0.14724838869608328,1.5431722959939123,3.5715835545153265
E17_terrain_recoverable,dead_reckoning,20001002,0,0,,0,False,False,True,8,8,8,1.0,220.69999999999175,2.250669698872426,7.539539672830175,0,109.90253280743902,0.12145441640243893,2.9969014302689407,0.04999999999999999,0.9989671434229802,3.4871342379244337,0.00045310376076121433,3.7610957249380643,8.54944990958909
E17_terrain_recoverable,fixed,20001002,0,1,,0,False,False,True,8,8,8,1.0,379.40000000001777,0.08684798914035212,0.26311398269097275,0,95.27391542409069,-0.027817189550095045,1.0160265094696035,0.14997364259356877,0.3386755031565345,0.01917346240801954,1.0,0.0290721886449388,0.04321135325764868
E17_terrain_recoverable,oracle,20001002,0,1,,0,False,False,True,8,8,8,1.0,191.19999999999342,0.0536593262414111,0.20981244225344575,0,95.35276758157384,-0.027012575698226127,2.013039104074335,0.44979079497907964,0.671013034691445,0.028085192441979327,0.3111924686192469,0.10656804802683652,0.20006198817950882
E17_terrain_recoverable,proposed,20001002,7,0,0.5000000000003766,5,False,False,True,8,8,8,1.0,190.59999999999346,0.09790561392548346,0.31432651273398937,0,94.86376724699687,-0.03200237503064418,2.9984750229757102,0.331479538300105,0.9994916743252368,0.048712639321119786,0.14900314795383002,0.1262274881453556,0.23034884853758553
E17_terrain_recoverable,residual_only,20001002,0,80,,0,False,False,True,8,8,8,1.0,189.9999999999935,0.2959330893959253,0.8675144437504638,0,94.36290284204603,-0.037113236305652775,2.993056735106738,0.05,0.9976855783689126,0.1251939373937557,0.1868421052631579,0.6198539673111505,1.1633091455764704
E17_terrain_recoverable,ablation_a1,20001003,10,1,0.5000000000003766,5,False,False,False,8,7,8,0.875,186.99999999999366,0.9271319679087223,2.664544603698503,0,92.90694425569981,-0.05196995657449166,3.000808622569013,0.05000000000000001,1.0002695408563376,0.08932486354371869,0.1481283422459893,1.4564887537149873,3.4891078239751807
E17_terrain_recoverable,ablation_a2,20001003,7,0,0.5000000000003766,5,False,False,True,8,8,8,1.0,190.59999999999346,0.05383333162796553,0.29322491153774877,0,94.68777241396491,-0.03379824067382753,2.9995680550432593,0.331479538300105,0.9998560183477531,0.11590433163251032,0.14480587618048268,0.12411058300714212,0.233735677328756
E17_terrain_recoverable,covariance_only,20001003,0,0,,0,False,False,True,8,8,8,1.0,190.59999999999346,0.5102649121567923,1.87531669155881,0,94.69492017481348,-0.03372530433863796,3.0008116063340218,0.05,1.000270535444674,0.16838688230344964,0.15320041972717732,1.13825711999517,2.591836182332403
E17_terrain_recoverable,dead_reckoning,20001003,0,0,,0,False,False,False,8,6,8,0.75,194.39999999999324,4.6975022976675485,10.025491482880135,0,96.56682655399935,-0.014624218836741365,3.0008859184980907,0.05000000000000001,1.0002953061660302,1.6855143598619169,0.00051440329218107,5.2302775925305465,11.940290317851224
E17_terrain_recoverable,fixed,20001003,0,1,,0,False,False,True,8,8,8,1.0,379.5000000000178,0.08684273381374986,0.2548687509260601,0,95.3447461484555,-0.027094427056576498,1.0238633903651013,0.14997364953886688,0.3412877967883671,0.03736737800716867,1.0,0.032934505999335804,0.04883689178698528
E17_terrain_recoverable,oracle,20001003,0,0,,0,False,False,True,8,8,8,1.0,191.19999999999342,0.043323855459117266,0.1456588177556668,0,95.51369912261643,-0.02537041711615884,1.0431448845304758,0.05000000000000001,0.3477149615101586,0.13643975051167898,0.16161087866108786,0.10422296703388031,0.18933097923626158
E17_terrain_recoverable,proposed,20001003,7,0,0.5000000000003766,5,False,False,True,8,8,8,1.0,190.59999999999346,0.05383333162796553,0.29322491153774877,0,94.68777241396491,-0.03379824067382753,2.9995680550432593,0.331479538300105,0.9998560183477531,0.11590433163251032,0.14480587618048268,0.12411058300714212,0.233735677328756
E17_terrain_recoverable,residual_only,20001003,0,77,,0,False,False,True,8,8,8,1.0,184.3999999999938,0.49805758003160644,1.7010934065078107,0,91.7072304418016,-0.06421193426733063,3.0006489278075654,0.05000000000000001,1.0002163092691885,0.1930684421612927,0.1898047722342733,0.9374106366541254,2.2917849490632607
E17_terrain_recoverable,ablation_a1,20001004,16,1,0.5000000000003766,5,False,False,True,8,8,8,1.0,185.39999999999375,0.5009505281750218,1.2290903486664972,0,91.88985318102716,-0.06234843692829428,2.9989202629387695,0.05000000000000001,0.9996400876462564,0.41182711577704917,0.14724919093851133,1.0294532411864896,2.040985749373944
E17_terrain_recoverable,ablation_a2,20001004,7,0,0.5000000000003766,5,False,False,True,8,8,8,1.0,192.49999999999335,0.12880105854729554,0.392382733330364,0,95.48942709504607,-0.02561809086687683,2.998360929645442,0.3365454545454546,0.9994536432151473,0.2067485354653461,0.14233766233766235,0.1652802418613746,0.27963259799853607
E17_terrain_recoverable,covariance_only,20001004,0,0,,0,False,False,True,8,8,8,1.0,188.79999999999356,0.4723638959902837,1.384420516508512,0,93.59838037639902,-0.04491448595511205,2.998948587064147,0.05,0.9996495290213824,0.3762884039039644,0.15254237288135594,0.7691204441702526,1.7763628570253787
E17_terrain_recoverable,dead_reckoning,20001004,0,0,,0,False,False,False,8,7,8,0.875,203.7999999999927,3.221495003874554,8.085329183799962,0,101.09188098711961,0.03154980599101642,2.999705927031156,0.05000000000000001,0.999901975677052,3.5691245341206668,0.0004906771344455348,3.7427799376644377,8.275089384474356
E17_terrain_recoverable,fixed,20001004,0,1,,0,False,False,True,8,8,8,1.0,377.4000000000173,0.07287673540573836,0.344138504156442,0,95.19065973410196,-0.02866673740712289,1.017892217287505,0.1499735029146793,0.3392974057625016,0.04102555992344772,0.9997350291467939,0.036694194005579744,0.05236718823839664
E17_terrain_recoverable,oracle,20001004,0,0,,0,False,False,True,8,8,8,1.0,191.5999999999934,0.04512628052450799,0.23672617715281064,0,95.64544891321,-0.024026031497857092,1.0409351665510267,0.05,0.3469783888503422,0.09055733208685872,0.14352818371607515,0.09654094047975702,0.1805635777303035
E17_terrain_recoverable,proposed,20001004,7,0,0.5000000000003766,5,False,False,True,8,8,8,1.0,192.49999999999335,0.12880105854729554,0.392382733330364,0,95.48942709504607,-0.02561809086687683,2.998360929645442,0.3365454545454546,0.9994536432151473,0.2067485354653461,0.14233766233766235,0.1652802418613746,0.27963259799853607
E17_terrain_recoverable,residual_only,20001004,0,76,,0,False,False,False,8,6,8,0.75,183.79999999999384,1.1163335216737578,2.646144808946193,0,91.14624801259853,-0.06993624476940274,3.0054713514748426,0.05,1.0018237838249475,0.1587321013966589,0.18715995647442873,1.7300021759420872,3.7714295760484857
E17_terrain_recoverable,ablation_a1,20001005,11,1,0.5000000000003766,5,False,False,True,8,8,8,1.0,203.49999999999272,0.8345142378808411,3.6369336236135283,0,101.39037528991362,0.034595666223608434,3.0003468164203007,0.05000000000000001,1.0001156054734335,0.09539061857417429,0.14152334152334153,1.5532105184729768,3.9872073245953152
E17_terrain_recoverable,ablation_a2,20001005,7,0,0.5000000000003766,5,False,False,True,8,8,8,1.0,190.19999999999348,0.07201803029342287,0.21596265576539775,0,94.65776891104288,-0.03410439886690941,3.0006283411102106,0.331230283911672,1.0002094470367369,0.026129375264323372,0.14721345951629863,0.11213323243266624,0.21043524873153377
E17_terrain_recoverable,covariance_only,20001005,0,0,,0,False,False,True,8,8,8,1.0,196.8999999999931,0.22534056052718932,0.927914835707421,0,98.07527519979871,0.0007681142836604149,3.000500318030357,0.05000000000000001,1.0001667726767856,0.05151013484153066,0.14982224479431183,0.7835381694858178,1.438539646963665
E17_terrain_recoverable,dead_reckoning,20001005,0,0,,0,False,False,False,8,7,8,0.875,197.79999999999305,2.013577466701122,3.1793759143364597,0,98.56523820559147,0.005767736791749689,3.000481846947472,0.05,1.0001606156491574,3.2253508434285028,0.0005055611729019212,2.0510070386174166,3.2492047888236706
E17_terrain_recoverable,fixed,20001005,0,1,,0,False,False,True,8,8,8,1.0,378.90000000001766,0.0873257456913501,0.2577376097310893,0,95.27172284649191,-0.02783956279089883,1.0196425476060056,0.14997360781208757,0.33988084920200184,0.005888366989199432,1.0,0.02326850561921654,0.04207279309179712
E17_terrain_recoverable,oracle,20001005,0,1,,0,False,False,True,8,8,8,1.0,189.9999999999935,0.04880069122715758,0.16507363278708498,0,95.09763377867493,-0.029615981850255824,1.0373583213363133,0.4497894736842107,0.34578610711210445,0.015408021623294878,0.9663157894736842,0.04564048387003609,0.06791946548826919
E17_terrain_recoverable,proposed,20001005,7,0,0.5000000000003766,5,False,False,True,8,8,8,1.0,190.19999999999348,0.07201803029342287,0.21596265576539775,0,94.65776891104288,-0.03410439886690941,3.0006283411102106,0.331230283911672,1.0002094470367369,0.026129375264323372,0.14721345951629863,0.11213323243266624,0.21043524873153377
E17_terrain_recoverable,residual_only,20001005,0,79,,0,False,False,True,8,8,8,1.0,189.39999999999353,0.45762183487590685,1.1706863395529137,0,94.19289938735194,-0.038847965435184206,2.9960397687442,0.05,0.9986799229147333,0.07505864843099586,0.1900739176346357,0.8313658147700398,1.5197482432614131
E17_terrain_recoverable,ablation_a1,20001006,8,1,0.5000000000003766,5,False,False,True,8,8,8,1.0,201.29999999999285,0.30358361786401006,0.6942672939461172,0,100.04627144586357,0.020880320876158764,2.999344123404399,0.05,0.999781374468133,0.30500812678146677,0.14307004470938897,0.6103439099662423,1.1880934271498391
E17_terrain_recoverable,ablation_a2,20001006,7,0,0.5000000000003766,5,False,False,True,8,8,8,1.0,191.6999999999934,0.10597149968684956,0.2957102807431049,0,95.22198886808226,-0.028347052366507475,2.999168257980141,0.3321596244131456,0.999722752660047,0.16516560897508503,0.14501825769431403,0.13312564945525784,0.2299002911803476
E17_terrain_recoverable,covariance_only,20001006,0,0,,0,False,False,True,8,8,8,1.0,193.4999999999933,0.14754671601664637,0.4334564364143567,0,96.14038354512259,-0.018975678110993988,2.9989719269874806,0.05,0.9996573089958268,0.22288281444209274,0.15090439276485787,0.31194291168884236,0.5885306216834147
E17_terrain_recoverable,dead_reckoning,20001006,0,0,,0,False,False,False,8,5,8,0.625,185.19999999999376,3.893959377944016,8.646902237511913,0,91.91264786289116,-0.062115838133763646,2.998946333693312,0.05000000000000001,0.9996487778977707,2.6597894055657627,0.0005399568034557236,3.5625556653886408,8.073738589631315
E17_terrain_recoverable,fixed,20001006,0,1,,0,False,False,True,8,8,8,1.0,378.3000000000175,0.07482238847956095,0.25752120673564605,0,95.2850295259673,-0.02770378034727239,1.0190015687649239,0.14997356595294736,0.33966718958830794,0.031627421875043346,1.0,0.036968308986412006,0.05245155333768406
E17_terrain_recoverable,oracle,20001006,0,1,,0,False,False,True,8,8,8,1.0,190.29999999999347,0.051804340121858986,0.17618709602278804,0,95.11502063112395,-0.029438564988531035,1.0393741955101239,0.4497898055701525,0.3464580651700413,0.08243854574293426,0.9663688912243825,0.05868395131609033,0.08975716243090957
E17_terrain_recoverable,proposed,20001006,7,0,0.5000000000003766,5,False,False,True,8,8,8,1.0,191.6999999999934,0.10597149968684956,0.2957102807431049,0,95.22198886808226,-0.028347052366507475,2.999168257980141,0.3321596244131456,0.999722752660047,0.16516560897508503,0.14501825769431403,0.13312564945525784,0.2299002911803476
E17_terrain_recoverable,residual_only,20001006,0,81,,0,False,False,True,8,8,8,1.0,193.89999999999327,0.17031219233191847,0.5962919283501495,0,96.29736462796443,-0.017373830326893547,2.9921617964646825,0.05000000000000001,0.9973872654882275,0.24191966090032627,0.18720990201134605,0.32232108886407085,0.745449092490275
E17_terrain_recoverable,ablation_a1,20001007,14,1,0.5000000000003766,5,False,False,True,8,8,8,1.0,188.1999999999936,0.16449257499062728,0.763592822791697,0,93.71117301277698,-0.04376354068594912,3.0041734764546977,0.05,1.0013911588182325,0.11081622603369225,0.14558979808714134,0.4037184783867798,0.8947535310446083
E17_terrain_recoverable,ablation_a2,20001007,7,0,0.5000000000003766,5,False,False,True,8,8,8,1.0,190.09999999999349,0.06205959503519679,0.21814252084497765,0,94.65458751027066,-0.03413686214009537,3.004242488878154,0.33116780641767496,1.0014141629593847,0.08918531754951606,0.14308258811152025,0.11108431155013243,0.21294092985615676
E17_terrain_recoverable,covariance_only,20001007,0,0,,0,False,False,True,8,8,8,1.0,191.6999999999934,0.35203248952407334,0.961674749395522,0,95.47578746511724,-0.02575727076410983,3.0041029616711157,0.05,1.001367653890372,0.12037158033415692,0.1497130933750652,0.7265094758053768,1.5777040998704057
E17_terrain_recoverable,dead_reckoning,20001007,0,0,,0,False,False,False,8,5,8,0.625,185.59999999999374,2.9837833469715673,6.320553446316281,0,92.29714151396124,-0.05819243353100778,3.0043061836783886,0.05,1.001435394559463,1.2839554846982542,0.0005387931034482759,3.011938768739358,6.688976018403869
E17_terrain_recoverable,fixed,20001007,0,1,,0,False,False,True,8,8,8,1.0,378.90000000001766,0.07492259785096647,0.24024527263433804,0,95.22808454697159,-0.02828485156151439,1.0170662555571064,0.14997360781208757,0.33902208518570215,0.032563369718680076,1.0,0.03239763100551516,0.04742576843048793
E17_terrain_recoverable,oracle,20001007,0,0,,0,False,False,True,8,8,8,1.0,191.3999999999934,0.039615417076630806,0.16962499076702642,0,95.49325278827821,-0.025579053180834532,1.0353915556985271,0.14994775339602923,0.3451305185661757,0.09293668458682605,0.28474399164054337,0.09620730060380364,0.16758182949173958
E17_terrain_recoverable,proposed,20001007,7,0,0.5000000000003766,5,False,False,True,8,8,8,1.0,190.09999999999349,0.06205959503519679,0.21814252084497765,0,94.65458751027066,-0.03413686214009537,3.004242488878154,0.33116780641767496,1.0014141629593847,0.08918531754951606,0.14308258811152025,0.11108431155013243,0.21294092985615676
E17_terrain_recoverable,residual_only,20001007,0,79,,0,False,False,True,8,8,8,1.0,187.59999999999363,0.5017717975986942,1.0718864880871886,0,93.19266780954457,-0.049054410106687985,2.998449923337237,0.05,0.9994833077790789,0.04156631598744877,0.18176972281449894,0.8782037800471244,1.6969831226734138
E17_terrain_recoverable,ablation_a1,20001008,16,1,0.5000000000003766,5,False,False,True,8,8,8,1.0,181.69999999999396,0.4018550129543282,1.5934301584509587,0,90.38284513505867,-0.07772607005042165,3.007614187880828,0.05,1.0025380626269427,0.5025919647902041,0.14584479911942763,0.8429030022007058,1.8669643722282336
E17_terrain_recoverable,ablation_a2,20001008,7,0,0.5000000000003766,5,False,False,True,8,8,8,1.0,190.39999999999347,0.07949184534428778,0.273577143081952,0,94.6979390460179,-0.03369449953042969,3.0068029688600935,0.34238445378151267,1.002267656286698,0.15229660808154066,0.14180672268907563,0.1410217405156276,0.24802367538081765
E17_terrain_recoverable,covariance_only,20001008,0,0,,0,False,False,True,8,8,8,1.0,187.49999999999363,0.6013863163479001,1.1401196907678743,0,93.28025362037496,-0.04816067734311258,3.0073669578598063,0.05,1.0024556526199355,0.4330844499523938,0.15626666666666666,0.8361391764759681,1.5959258743588054
E17_terrain_recoverable,dead_reckoning,20001008,0,0,,0,False,False,False,8,4,8,0.5,197.89999999999304,7.451145101044386,15.756821758133103,0,98.26178913443344,0.002671317698300424,3.0068614033863246,0.05000000000000001,1.0022871344621083,2.588844937343862,0.0005053057099545225,6.46279998614179,14.948037825843116
E17_terrain_recoverable,fixed,20001008,0,1,,0,False,False,True,8,8,8,1.0,378.2000000000175,0.09372428532692847,0.2807678536057461,0,95.20152641551171,-0.028555852902941714,1.0194522445437004,0.14997355896351133,0.3398174148479001,0.04889392566032407,1.0,0.0418517351888161,0.06091851077210542
E17_terrain_recoverable,oracle,20001008,0,1,,0,False,False,True,8,8,8,1.0,189.9999999999935,0.04755397075015854,0.20516567624463988,0,95.16380368741176,-0.028940778699879988,1.042872537894808,0.05,0.34762417929826933,0.1273208920185437,1.0,0.06319413069796939,0.10257923880048299
E17_terrain_recoverable,proposed,20001008,7,0,0.5000000000003766,5,False,False,True,8,8,8,1.0,190.39999999999347,0.07949184534428778,0.273577143081952,0,94.6979390460179,-0.03369449953042969,3.0068029688600935,0.34238445378151267,1.002267656286698,0.15229660808154066,0.14180672268907563,0.1410217405156276,0.24802367538081765
E17_terrain_recoverable,residual_only,20001008,0,76,,0,False,False,False,8,6,8,0.75,182.5999999999939,0.9411943598714403,2.787538534767468,0,90.59350296246194,-0.07557650038304142,3.001315522791617,0.05,1.0004385075972058,0.1801186224875971,0.17853231106243153,1.4931837929758158,3.775375317332822
E17_terrain_recoverable,ablation_a1,20001009,8,1,0.5000000000003766,5,False,False,True,8,8,8,1.0,185.79999999999373,0.46456627234497655,1.3062357317090356,0,92.52002695043493,-0.05591809234250078,2.9968183530521193,0.05,0.9989394510173731,0.27095414573462767,0.15069967707212056,0.8858073719516351,2.0720599990169575
E17_terrain_recoverable,ablation_a2,20001009,7,0,0.5000000000003766,5,False,False,True,8,8,8,1.0,189.9999999999935,0.05692570391544531,0.21534229121972182,0,94.59260434372104,-0.03476934343141802,2.99648396111497,0.3311052631578948,0.9988279870383233,0.019345216011591542,0.14736842105263157,0.09546564184940899,0.17875729123884312
E17_terrain_recoverable,covariance_only,20001009,0,0,,0,False,False,True,8,8,8,1.0,184.5999999999938,0.5277123200564872,1.5297407658476114,0,91.92159894857619,-0.06202450052473274,2.9968038149106246,0.05,0.9989346049702083,0.29042865017865294,0.1543878656554713,1.0068598758662475,2.400714637588397
E17_terrain_recoverable,dead_reckoning,20001009,0,0,,0,False,False,False,8,7,8,0.875,196.09999999999314,2.165162063079596,3.759071623921276,0,97.63462762472413,-0.003728289543631358,2.9971765658792497,0.05,0.9990588552930832,3.8082226053921198,0.0005099439061703213,2.254171174512442,3.820702846144137
E17_terrain_recoverable,fixed,20001009,0,1,,0,False,False,True,8,8,8,1.0,379.30000000001775,0.09189847114905705,0.2749213692384398,0,95.32297814943371,-0.027316549495574383,1.0202323346652618,0.14997363564460847,0.34007744488842057,0.011977246816385264,1.0,0.02692630069028004,0.04190128326607631
E17_terrain_recoverable,oracle,20001009,0,1,,0,False,False,True,8,8,8,1.0,190.09999999999349,0.05270905055801574,0.1531117661298218,0,94.80910977771005,-0.032560104309081184,2.0122601906591915,0.4497895844292479,0.6707533968863971,0.03476312174755218,0.3019463440294582,0.10212153769246063,0.20410560005588596
E17_terrain_recoverable,proposed,20001009,7,0,0.5000000000003766,5,False,False,True,8,8,8,1.0,189.9999999999935,0.05692570391544531,0.21534229121972182,0,94.59260434372104,-0.03476934343141802,2.99648396111497,0.3311052631578948,0.9988279870383233,0.019345216011591542,0.14736842105263157,0.09546564184940899,0.17875729123884312
E17_terrain_recoverable,residual_only,20001009,0,79,,0,False,False,True,8,8,8,1.0,190.09999999999349,0.27686531140595977,1.0599977760380703,0,94.54483218211467,-0.0352568144682176,2.991758936465723,0.05,0.9972529788219077,0.04358035041593862,0.194634402945818,0.5808358385358572,1.0663741733123633
E18_vessel_departs,ablation_a1,20001000,8,1,0.5000000000003055,5,False,False,False,8,7,8,0.875,226.09999999999144,2.0817358092560028,6.01231968306799,0,112.60663844951947,0.14904733111754553,2.993231378203482,0.049999999999999996,0.997743792734494,1.0257990507928367,0.1534719150818222,2.7460117675753715,6.373569704833515
E18_vessel_departs,ablation_a2,20001000,5,5,0.5000000000003055,3,False,False,True,8,8,8,1.0,189.9999999999935,0.1275186972760055,0.3369220139082918,0,95.61630288973554,-0.024323439900657773,2.4268201562018388,0.14363157894736842,0.8089400520672796,0.12031284321967965,0.2894736842105263,0.18460112258843217,0.3825032836880929
E18_vessel_departs,covariance_only,20001000,0,0,,0,False,False,True,8,8,8,1.0,212.7999999999922,1.2416731614855343,2.648045932872204,0,105.96935996380645,0.08131999963067815,2.9919098464456604,0.049999999999999996,0.9973032821485535,0.9243373883516477,0.17575187969924813,1.998918939111748,3.262037644998811
E18_vessel_departs,dead_reckoning,20001000,0,0,,0,False,False,False,8,4,8,0.5,200.1999999999929,10.86309553249027,20.245233509506658,0,99.8467228520028,0.018844110734722364,2.9921202189051668,0.05000000000000001,0.9973734063017222,9.31081722897258,0.0004995004995004995,12.75163853285301,24.679625013677505
E18_vessel_departs,fixed,20001000,0,1,,0,False,False,True,8,8,8,1.0,380.500000000018,0.11843995928083113,0.29410748657874564,0,95.49519485754404,-0.02555923614750988,1.018755661815517,0.14997371879106436,0.3395852206051723,0.04668091834171955,1.0,0.04187861819792862,0.06193638672802188
E18_vessel_departs,oracle,20001000,0,0,,0,False,False,True,8,8,8,1.0,190.69999999999345,0.0619312557002209,0.25951023171839616,0,95.15200741805441,-0.029061148795363145,1.0398407724323684,0.14994756161510223,0.34661359081078946,0.02334230575718703,0.2370214997378081,0.0984034453472564,0.21889602535591193
E18_vessel_departs,proposed,20001000,5,5,0.5000000000003055,3,False,False,True,8,8,8,1.0,189.9999999999935,0.1275186972760055,0.3369220139082918,0,95.61630288973554,-0.024323439900657773,2.4268201562018388,0.14363157894736842,0.8089400520672796,0.12031284321967965,0.2894736842105263,0.18460112258843217,0.3825032836880929
E18_vessel_departs,residual_only,20001000,0,87,,0,False,False,False,8,5,8,0.625,217.19999999999195,5.906523637258037,14.023861961447766,0,107.90299688753295,0.10105098864829531,2.9978543985559094,0.049999999999999996,0.9992847995186365,5.071541330668653,0.20626151012891344,6.042896308080945,11.83523184949017
E18_vessel_departs,ablation_a1,20001001,8,1,0.5000000000003055,5,False,False,True,8,8,8,1.0,220.99999999999173,1.5815613469239347,4.508286727391779,0,109.73810718998577,0.11977660397944656,3.0011662899137397,0.04999999999999999,1.0003887633045798,0.8235896971401693,0.16470588235294117,2.239183783656545,4.1915278517241426
E18_vessel_departs,ablation_a2,20001001,5,1,0.5000000000003055,3,False,False,True,8,8,8,1.0,189.8999999999935,0.13955603001962413,0.4197310296224708,0,94.25236403979851,-0.038241183267362144,2.9998361542071152,0.1278304370721432,0.999945384735705,0.16437401199104107,0.15745129015271195,0.13938308242555633,0.26959464760704477
E18_vessel_departs,covariance_only,20001001,0,0,,0,False,False,False,8,7,8,0.875,189.6999999999935,0.982153122920829,3.8044978265771965,0,94.07793345517264,-0.040021087192115945,3.001268075037137,0.05,1.0004226916790457,0.2308762242290374,0.1881918819188192,1.1080635384179087,2.2851331383663593
E18_vessel_departs,dead_reckoning,20001001,0,0,,0,False,False,False,8,4,8,0.5,200.1999999999929,9.851378414401562,25.983554186189963,0,99.27824662598486,0.013043332918212913,3.0012303177677366,0.05000000000000001,1.000410105922579,3.840368019968749,0.0004995004995004995,15.256018782214412,34.25300583477993
E18_vessel_departs,fixed,20001001,0,1,,0,False,False,True,8,8,8,1.0,378.2000000000175,0.08807944312571266,0.30681064917070344,0,95.29584865109342,-0.027593381111291615,1.0168727483480158,0.14997355896351133,0.3389575827826719,0.03244493183013011,1.0,0.03421865603156098,0.04731275939318573
E18_vessel_departs,oracle,20001001,0,0,,0,False,False,True,8,8,8,1.0,190.19999999999348,0.05993439265462412,0.19717010402155388,0,95.10529941801435,-0.029537761040669852,1.0358672908707225,0.14994742376445844,0.3452890969569075,0.02116625391871124,0.2718191377497371,0.07073833878647222,0.12946057175089537
E18_vessel_departs,proposed,20001001,5,1,0.5000000000003055,3,False,False,True,8,8,8,1.0,189.8999999999935,0.13955603001962413,0.4197310296224708,0,94.25236403979851,-0.038241183267362144,2.9998361542071152,0.1278304370721432,0.999945384735705,0.16437401199104107,0.15745129015271195,0.13938308242555633,0.26959464760704477
E18_vessel_departs,residual_only,20001001,0,90,,0,False,False,False,8,7,8,0.875,220.59999999999175,3.2749474847854296,7.98665181788583,0,109.83580494372467,0.12077351983392526,2.9850668825533275,0.04999999999999999,0.9950222941844425,1.2332678183225052,0.22076155938349953,3.6100157513931697,7.621258902116532
E18_vessel_departs,ablation_a1,20001002,6,1,0.5000000000003055,3,False,False,True,8,8,8,1.0,196.6999999999931,0.18453593797846934,0.575749107711367,0,97.92646566047108,-0.000750350403356359,2.9967709321757305,0.05000000000000001,0.9989236440585768,1.5949741963924604,0.1860701576004067,0.6066107488937404,1.3435328776735493
E18_vessel_departs,ablation_a2,20001002,5,1,0.5000000000003055,3,False,False,True,8,8,8,1.0,190.19999999999348,0.10112001007768684,0.2658622517924556,0,94.68770860728135,-0.033798891762435224,2.9956910175445715,0.12786540483701364,0.9985636725148571,0.16849435855612216,0.16351209253417456,0.09950785107065539,0.18147670924307008
E18_vessel_departs,covariance_only,20001002,0,0,,0,False,False,True,8,8,8,1.0,192.99999999999332,0.2643670512177411,0.7767237660110222,0,96.06015048228853,-0.019794382833790425,2.996967598575989,0.05,0.9989891995253296,0.6474270036760238,0.19067357512953367,0.6718104539540658,1.293590962090925
E18_vessel_departs,dead_reckoning,20001002,0,0,,0,False,False,False,8,5,8,0.625,200.1999999999929,2.8745174678452634,8.974193440480043,0,99.73027059357848,0.01765582238345398,2.997006176839096,0.05000000000000001,0.9990020589463654,11.151474384439252,0.0004995004995004995,4.426110697481108,8.865589329371401
E18_vessel_departs,fixed,20001002,0,1,,0,False,False,True,8,8,8,1.0,378.6000000000176,0.08012717629527026,0.24876608799492672,0,95.23258358412403,-0.028238943019142537,1.0183843935521717,0.14997358689910192,0.33946146451739057,0.018404013893869742,1.0,0.028056753201493943,0.04073735130424826
E18_vessel_departs,oracle,20001002,0,0,,0,False,False,True,8,8,8,1.0,190.69999999999345,0.060727620509571714,0.1999854863228614,0,95.30397631271983,-0.0275104457885732,1.041433271544856,0.44979024646040916,0.3471444238482853,0.10669723158613204,0.3932878867330886,0.05880294109008127,0.09345989225549851
E18_vessel_departs,proposed,20001002,5,1,0.5000000000003055,3,False,False,True,8,8,8,1.0,190.19999999999348,0.10112001007768684,0.2658622517924556,0,94.68770860728135,-0.033798891762435224,2.9956910175445715,0.12786540483701364,0.9985636725148571,0.16849435855612216,0.16351209253417456,0.09950785107065539,0.18147670924307008
E18_vessel_departs,residual_only,20001002,0,78,,0,False,False,True,8,8,8,1.0,199.09999999999297,0.7950763001664862,1.7495262006147758,0,98.64710232033285,0.006603084901355638,2.9993876114622133,0.05,0.9997958704874045,0.5284800697268806,0.24761426418884983,1.2623686184924783,2.6024318909445103
E18_vessel_departs,ablation_a1,20001003,12,1,0.5000000000003055,3,False,False,False,8,7,8,0.875,189.19999999999354,1.623007283497376,3.139448070639733,0,94.09720628155523,-0.039824425698416044,2.996508249427679,0.05,0.9988360831425597,0.649279395418621,0.17864693446088795,2.4707360345224174,4.498340907156695
E18_vessel_departs,ablation_a2,20001003,5,1,0.5000000000003055,3,False,False,True,8,8,8,1.0,191.4999999999934,0.05806309378064164,0.20530143559537528,0,95.34862245997,-0.02705487285744901,2.9930825623434845,0.12879895561357702,0.9976941874478281,0.1790701274680864,0.1514360313315927,0.14164732279921874,0.2828470419053681
E18_vessel_departs,covariance_only,20001003,0,0,,0,False,False,True,8,8,8,1.0,196.9999999999931,0.9493307077667382,2.125319066334141,0,98.0093414631832,9.532105288978521e-05,2.9965336461246164,0.05000000000000002,0.9988445487082055,0.8423604125200493,0.18527918781725888,1.4216956039363766,3.6540944405364195
E18_vessel_departs,dead_reckoning,20001003,0,0,,0,False,False,False,8,5,8,0.625,251.59999999999,16.268800908138903,32.71985099193969,486,125.25240606201424,0.27808577614300245,2.99753741464514,0.049999999999999996,0.9991791382150467,10.73048851275902,0.000397456279809221,14.259574723598613,30.021018974691682
E18_vessel_departs,fixed,20001003,0,1,,0,False,False,True,8,8,8,1.0,378.90000000001766,0.07766449961966713,0.2532599912611282,0,95.26211394100754,-0.027937612846861803,1.016169562853484,0.14997360781208757,0.338723187617828,0.028724555141826466,1.0,0.03013634647071619,0.041916653532398325
E18_vessel_departs,oracle,20001003,0,0,,0,False,False,True,8,8,8,1.0,190.69999999999345,0.042435867545758066,0.19927212153824492,0,95.25088066895621,-0.0280522380718754,1.0409723322970574,0.14994756161510223,0.34699077743235246,0.041043623704131005,0.4121657052962769,0.07642833061305304,0.1314091558728753
E18_vessel_departs,proposed,20001003,5,1,0.5000000000003055,3,False,False,True,8,8,8,1.0,191.4999999999934,0.05806309378064164,0.20530143559537528,0,95.34862245997,-0.02705487285744901,2.9930825623434845,0.12879895561357702,0.9976941874478281,0.1790701274680864,0.1514360313315927,0.14164732279921874,0.2828470419053681
E18_vessel_departs,residual_only,20001003,0,70,,0,False,False,False,8,6,8,0.75,184.19999999999382,2.4469741154786626,5.258994242275716,0,91.59034186288993,-0.06540467486847013,3.000111462900662,0.05000000000000001,1.0000371543002207,1.2737835655400163,0.24647122692725298,3.2401892854588654,6.229174668188638
E18_vessel_departs,ablation_a1,20001004,6,1,0.5000000000003055,3,False,False,False,6,3,8,0.375,400.00000000002245,74.53482371489595,111.42124872227939,2615,199.1748820952697,1.032396756074181,2.999860106443869,0.05000000000000001,0.9999533688146229,111.54346599006689,0.08475,91.20789481214574,115.95837409163562
E18_vessel_departs,ablation_a2,20001004,5,3,0.5000000000003055,3,False,False,True,8,8,8,1.0,192.79999999999333,0.15987757026098304,0.6129156430297478,0,95.92936698820128,-0.02112890828366043,2.307733274968459,0.13205394190871367,0.7692444249894863,0.042813203585866884,0.30809128630705396,0.19974497529074628,0.4275440174120296
E18_vessel_departs,covariance_only,20001004,0,0,,0,False,False,True,8,8,8,1.0,190.69999999999345,0.5313025714066814,1.3831832681312177,0,94.64635798474143,-0.03422083689039357,2.999601211089784,0.05000000000000001,0.9998670703632614,0.18677217385687644,0.1924488725747247,0.8967489958782826,2.164398980812419
E18_vessel_departs,dead_reckoning,20001004,0,0,,0,False,False,False,8,5,8,0.625,280.9999999999954,16.346684961069855,33.510764545552185,506,139.5280138320901,0.4237552431845928,3.0004274856152113,0.05,1.0001424952050704,5.949869772650541,0.00035587188612099647,15.594689528401942,36.8627083443524
E18_vessel_departs,fixed,20001004,0,1,,0,False,False,True,8,8,8,1.0,377.0000000000172,0.08418153142686907,0.2661730797881443,0,95.06579074616334,-0.0299409107534353,1.0172986477011354,0.14997347480106096,0.33909954923371183,0.039159545276334196,1.0,0.03321330079909912,0.045865794213507206
E18_vessel_departs,oracle,20001004,0,0,,0,False,False,True,8,8,8,1.0,191.09999999999343,0.04127308560464112,0.15744559594913277,0,95.42827001260358,-0.02624214272853498,1.0347094326354134,0.1499476713762428,0.34490314421180446,0.027970231109333665,0.4065934065934066,0.07977804891721713,0.1264857695862277
E18_vessel_departs,proposed,20001004,5,3,0.5000000000003055,3,False,False,True,8,8,8,1.0,192.79999999999333,0.15987757026098304,0.6129156430297478,0,95.92936698820128,-0.02112890828366043,2.307733274968459,0.13205394190871367,0.7692444249894863,0.042813203585866884,0.30809128630705396,0.19974497529074628,0.4275440174120296
E18_vessel_departs,residual_only,20001004,0,178,,0,False,False,False,5,3,8,0.375,400.00000000002245,77.53377693893282,116.25795317129216,2632,199.25645683246125,1.0332291513516454,3.0014559151008835,0.05000000000000001,1.0004853050336278,116.26609487685484,0.11275,95.72036835692866,124.25291564525664
E18_vessel_departs,ablation_a1,20001005,9,1,0.5000000000003055,3,False,False,True,8,8,8,1.0,189.8999999999935,0.9273567336449372,1.8507243957055621,0,94.30107797718195,-0.037744102273653546,3.00340667682239,0.05000000000000001,1.0011355589407966,0.9776622768407978,0.18325434439178515,1.6795742818801176,2.7138509557596513
E18_vessel_departs,ablation_a2,20001005,5,3,0.5000000000003055,3,False,False,True,8,8,8,1.0,197.19999999999308,0.7651446475504758,3.052511078573912,0,98.16503882644217,0.0016840696575730618,2.455710180749192,0.13625760649087218,0.8185700602497307,0.14271499283128242,0.2697768762677485,3.6996164380134577,2.8861603830796034
E18_vessel_departs,covariance_only,20001005,0,0,,0,False,False,True,8,8,8,1.0,200.09999999999292,0.917047018701226,2.101755065969936,0,99.38107041633731,0.014092555268748086,3.0032819894342815,0.05,1.0010939964780938,1.5355216750047498,0.1839080459770115,1.6941745882330836,2.8643356923892314
E18_vessel_departs,dead_reckoning,20001005,0,0,,0,False,False,False,8,4,8,0.5,200.1999999999929,6.008716710330793,12.294836678437866,0,99.39263986444358,0.014210610861669082,3.0032828143479633,0.05000000000000001,1.0010942714493212,6.867559859836232,0.0004995004995004995,9.567287835142563,20.077169394146235
E18_vessel_departs,fixed,20001005,0,1,,0,False,False,True,8,8,8,1.0,379.30000000001775,0.09738015176066284,0.2566034211162318,0,95.30061367840047,-0.027544758383668655,1.0212769973997267,0.14997363564460847,0.3404256657999089,0.005820399245439462,1.0,0.024357395918691075,0.041223764784787884
E18_vessel_departs,oracle,20001005,0,1,,0,False,False,True,8,8,8,1.0,190.59999999999346,0.0481380005328802,0.17662402842996583,0,95.14470115388738,-0.029135702511353223,2.015582172542152,0.44979013641133275,0.6718607241807173,0.21136120585293694,0.45750262329485836,0.13901478746146298,0.2673821788433933
E18_vessel_departs,proposed,20001005,5,3,0.5000000000003055,3,False,False,True,8,8,8,1.0,197.19999999999308,0.7651446475504758,3.052511078573912,0,98.16503882644217,0.0016840696575730618,2.455710180749192,0.13625760649087218,0.8185700602497307,0.14271499283128242,0.2697768762677485,3.6996164380134577,2.8861603830796034
E18_vessel_departs,residual_only,20001005,0,71,,0,False,False,False,8,7,8,0.875,185.49999999999375,0.8651497528736714,3.125330267305763,0,92.22809413711359,-0.05889699860088182,3.008393812007043,0.05,1.002797937335681,0.05601568528329923,0.2501347708894879,1.3268807189542928,2.8489772519312204
E18_vessel_departs,ablation_a1,20001006,8,1,0.5000000000003055,5,False,False,True,8,8,8,1.0,213.59999999999215,0.5559104885328149,2.497311341496758,0,106.27185169671942,0.0844066499665248,3.0027399873385616,0.04999999999999999,1.0009133291128538,0.4152775950526479,0.1694756554307116,1.3699964289680406,3.152953967095979
E18_vessel_departs,ablation_a2,20001006,5,3,0.5000000000003055,3,False,False,True,8,8,8,1.0,190.39999999999347,0.11747388306522016,0.4194637913241186,0,95.16254424062332,-0.028953630197721236,2.633331086492654,0.1341911764705882,0.8777770288308847,0.04494808104356224,0.24737394957983194,0.1294929743776895,0.25099278376100387
E18_vessel_departs,covariance_only,20001006,0,0,,0,False,False,True,8,8,8,1.0,195.0999999999932,0.5415856055398249,1.2125725741111513,0,96.94775843608316,-0.010737158815477876,3.0027521899470067,0.05,1.0009173966490021,1.3936394752020835,0.18708354689902615,1.2309438329584026,2.1827062708398604
E18_vessel_departs,dead_reckoning,20001006,0,0,,0,False,False,False,8,6,8,0.75,200.1999999999929,8.111653303544333,17.134677510619646,0,99.6236748429886,0.016568110642740885,3.002770979906274,0.05000000000000001,1.0009236599687579,5.813702329819612,0.0004995004995004995,10.186937463256594,22.036099929798237
E18_vessel_departs,fixed,20001006,0,1,,0,False,False,True,8,8,8,1.0,377.0000000000172,0.09286963490711111,0.2665333444295701,0,95.10161961701861,-0.029575310030422353,1.0162849586689882,0.14997347480106096,0.3387616528896627,0.03255327303168827,1.0,0.03398831991134221,0.045786595145086144
E18_vessel_departs,oracle,20001006,0,1,,0,False,False,True,8,8,8,1.0,190.09999999999349,0.05054893364416556,0.16119137397287542,0,95.16151272807154,-0.028964155836004646,1.0413484959873058,0.14994739610731192,0.34711616532910194,0.040035406811234464,0.9779063650710152,0.05639219727199845,0.0706583511760727
E18_vessel_departs,proposed,20001006,5,3,0.5000000000003055,3,False,False,True,8,8,8,1.0,190.39999999999347,0.11747388306522016,0.4194637913241186,0,95.16254424062332,-0.028953630197721236,2.633331086492654,0.1341911764705882,0.8777770288308847,0.04494808104356224,0.24737394957983194,0.1294929743776895,0.25099278376100387
E18_vessel_departs,residual_only,20001006,0,84,,0,False,False,True,8,8,8,1.0,210.49999999999233,0.6579367137321537,1.8832734964767894,0,104.4858082556694,0.06618171689458574,2.9965384336957253,0.05,0.9988461445652418,0.3218350298528466,0.22897862232779098,1.2485004796015708,2.5951091751233304
E18_vessel_departs,ablation_a1,20001007,14,1,0.5000000000003055,3,False,False,True,8,8,8,1.0,184.09999999999383,0.3336505209366096,0.9880474260119403,0,91.45479223379283,-0.06678783434905278,3.002462701437076,0.05,1.0008209004790254,0.9751070484169128,0.1868549701249321,0.8459567740420418,1.7672306087360923
E18_vessel_departs,ablation_a2,20001007,5,3,0.5000000000003055,3,False,False,True,8,8,8,1.0,191.29999999999342,0.04905435161088835,0.20128966005953153,0,95.4972538603871,-0.025538225914417345,2.91643083502008,0.13269733403031886,0.9721436116733599,0.10940070025790355,0.16989022477783586,0.10348479946617062,0.20490875723276983
E18_vessel_departs,covariance_only,20001007,0,0,,0,False,False,True,8,8,8,1.0,187.69999999999362,0.5113603852761031,1.1990262809594459,0,93.26225306395936,-0.04834435649021063,3.0030426039071623,0.05,1.0010142013023875,0.05796076804658308,0.18966435801811402,0.7366588889380886,1.582131602020891
E18_vessel_departs,dead_reckoning,20001007,0,0,,0,False,False,False,8,4,8,0.5,186.4999999999937,8.58338132008666,16.569143379661536,0,92.67970182039586,-0.054288756934736115,3.003037858833787,0.05000000000000001,1.0010126196112623,23.88334024834598,0.0005361930294906167,10.153639661918943,21.33366188569733
E18_vessel_departs,fixed,20001007,0,1,,0,False,False,True,8,8,8,1.0,378.80000000001763,0.07958328527523127,0.2892589701032744,0,95.38744804499164,-0.026658693418452617,1.0229007925572788,0.14997360084477293,0.3409669308524263,0.025511943452404356,1.0,0.031154194148009226,0.04355778579807815
E18_vessel_departs,oracle,20001007,0,0,,0,False,False,True,8,8,8,1.0,189.9999999999935,0.04318935937201269,0.14622498233672854,0,95.1585428600964,-0.028994460611261208,1.0378698433890527,0.1499473684210526,0.34595661446301756,0.07930664732557624,0.38421052631578945,0.07253162842009134,0.11749145163628615
E18_vessel_departs,proposed,20001007,5,3,0.5000000000003055,3,False,False,True,8,8,8,1.0,191.29999999999342,0.04905435161088835,0.20128966005953153,0,95.4972538603871,-0.025538225914417345,2.91643083502008,0.13269733403031886,0.9721436116733599,0.10940070025790355,0.16989022477783586,0.10348479946617062,0.20490875723276983
E18_vessel_departs,residual_only,20001007,0,72,,0,False,False,False,8,5,8,0.625,188.49999999999358,1.921935864565975,3.763711481879831,0,93.74829846219626,-0.04338470956942597,3.000761822326626,0.05,1.000253940775542,0.41376119360577246,0.24297082228116712,2.748383034063166,5.018258135798513
E18_vessel_departs,ablation_a1,20001008,14,1,0.5000000000003055,3,False,False,False,8,5,8,0.625,188.39999999999358,2.324595859021395,4.638000483204618,0,93.69499370971975,-0.04392863561510452,3.0075373735117163,0.05000000000000001,1.0025124578372389,0.6601864754017581,0.16719745222929935,3.442336435289878,5.9837866728867635
E18_vessel_departs,ablation_a2,20001008,5,3,0.5000000000003055,3,False,False,True,8,8,8,1.0,192.09999999999337,0.15479716713239985,0.5158238198661818,0,95.79521502428392,-0.022497805874653887,2.3162574527211475,0.13198854763144194,0.7720858175737159,0.05518534659598249,0.28162415408641334,0.19415333169452853,0.42364191557583974
E18_vessel_departs,covariance_only,20001008,0,0,,0,False,False,True,8,8,8,1.0,191.89999999999338,0.4924221905865771,1.2811442595698512,0,95.44840628003865,-0.026036670611850443,3.007563222134299,0.05000000000000001,1.0025210740447663,0.39314411142282213,0.1928087545596665,1.2914679491046284,2.373344666164462
E18_vessel_departs,dead_reckoning,20001008,0,0,,0,False,False,False,8,6,8,0.75,198.19999999999303,3.1797649049912686,11.516482378994358,0,98.57385828833678,0.005855696819763168,3.0076230860895747,0.05000000000000001,1.0025410286965248,12.01148888207027,0.0005045408678102926,4.972201726226949,10.66134442141785
E18_vessel_departs,fixed,20001008,0,1,,0,False,False,True,8,8,8,1.0,377.8000000000174,0.08820147581442046,0.2731520519705466,0,95.22191236991378,-0.02834783296006349,1.0180152997012537,0.1499735309687665,0.33933843323375124,0.04488672566580522,0.9997353096876654,0.03640974629530795,0.05488648351833899
E18_vessel_departs,oracle,20001008,0,0,,0,False,False,True,8,8,8,1.0,190.49999999999346,0.047207714660777556,0.1175439737709092,0,95.22852564050959,-0.028280350607045035,1.045151372326254,0.14994750656167977,0.348383790775418,0.05431343621697614,0.4041994750656168,0.10122066257037607,0.17591900045105824
E18_vessel_departs,proposed,20001008,5,3,0.5000000000003055,3,False,False,True,8,8,8,1.0,192.09999999999337,0.15479716713239985,0.5158238198661818,0,95.79521502428392,-0.022497805874653887,2.3162574527211475,0.13198854763144194,0.7720858175737159,0.05518534659598249,0.28162415408641334,0.19415333169452853,0.42364191557583974
E18_vessel_departs,residual_only,20001008,0,178,,0,False,False,False,6,4,8,0.5,400.00000000002245,72.99650624468288,109.70277660362686,2602,200.05393387002684,1.041366672143131,2.9993340808726954,0.05000000000000001,0.9997780269575651,109.7738961018263,0.10375,90.33299446067922,118.04162616198079
E18_vessel_departs,ablation_a1,20001009,6,1,0.5000000000003055,3,False,False,False,8,7,8,0.875,199.39999999999296,0.9687595722805095,3.5372839530511766,0,99.258975257632,0.012846686302367294,2.998089374763832,0.05000000000000001,0.9993631249212774,2.753563103422396,0.17903711133400202,1.7987076262877968,3.6280970154448173
E18_vessel_departs,ablation_a2,20001009,5,1,0.5000000000003055,3,False,False,True,8,8,8,1.0,189.19999999999354,0.07119237963390954,0.31046766043678,0,94.33061297646344,-0.037442724729964905,2.992428421321151,0.1277484143763213,0.9974761404403837,0.10127438724489722,0.15856236786469344,0.10870601777451713,0.19992659742296437
E18_vessel_departs,covariance_only,20001009,0,0,,0,False,False,True,8,8,8,1.0,192.09999999999337,0.1154904658978018,0.30640580558620334,0,95.6395971723779,-0.024085743139001026,2.998395606616226,0.05,0.9994652022054087,0.4120231816124499,0.185320145757418,0.4997786121747886,0.7437997545192773
E18_vessel_departs,dead_reckoning,20001009,0,0,,0,False,False,False,8,6,8,0.75,190.69999999999345,3.5509014777481864,7.63320669624551,0,94.85125076285702,-0.03213009425656099,2.9983891439357557,0.05000000000000001,0.9994630479785852,9.864217204830501,0.0005243838489774515,3.8985703939517755,8.528785520348864
E18_vessel_departs,fixed,20001009,0,1,,0,False,False,True,8,8,8,1.0,377.50000000001734,0.0708001839236198,0.2364912625828932,0,95.22181359450582,-0.028348840872389647,1.021206404536661,0.14997350993377478,0.34040213484555365,0.013803123553867156,1.0,0.027127720580929184,0.04230326828393386
E18_vessel_departs,oracle,20001009,0,1,,0,False,False,True,8,8,8,1.0,189.8999999999935,0.051702452666406835,0.1663542438247223,0,95.11815006974727,-0.0294066319413544,1.0467101299073824,0.4497893628225383,0.3489033766357941,0.05715686320420532,0.9915745129015271,0.05073174032081186,0.0669953939750925
E18_vessel_departs,proposed,20001009,5,1,0.5000000000003055,3,False,False,True,8,8,8,1.0,189.19999999999354,0.07119237963390954,0.31046766043678,0,94.33061297646344,-0.037442724729964905,2.992428421321151,0.1277484143763213,0.9974761404403837,0.10127438724489722,0.15856236786469344,0.10870601777451713,0.19992659742296437
E18_vessel_departs,residual_only,20001009,0,78,,0,False,False,True,8,8,8,1.0,200.1999999999929,0.49525165505488405,1.0847464181436264,0,99.69956911088077,0.01734254194776308,3.0029490335634264,0.05000000000000001,1.0009830111878089,0.13007729288207814,0.24325674325674326,1.0126154478024472,2.2398585150513735
E19_unprepared_area,ablation_a1,20001000,4,1,0.0,0,False,False,False,6,5,8,0.625,400.00000000002245,33.57858585645169,64.7589572427775,1597,199.63785405347082,1.037120959729294,3.0005016322370865,0.05000000000000001,1.0001672107456956,5.309128339500574,0.06125,45.08061308620993,120.42999799140993
E19_unprepared_area,ablation_a2,20001000,8,1,0.0,0,False,False,True,8,8,8,1.0,190.79999999999345,0.08922133281149483,0.20127577487195536,0,95.7813401127719,-0.022639386604368372,1.6213501414869984,0.05,0.5404500471623328,0.041256669104960855,0.8144654088050315,0.11360246231064342,0.28245163912760834
E19_unprepared_area,covariance_only,20001000,0,0,,0,False,False,False,8,6,8,0.75,210.19999999999234,5.160667438102007,17.18571873990258,0,104.37618114895605,0.06506307294853109,3.000323137385485,0.049999999999999996,1.0001077124618283,3.871130118802496,0.13273073263558516,7.237895645644274,16.3854806296294
E19_unprepared_area,dead_reckoning,20001000,0,0,,0,False,False,False,8,6,8,0.75,210.19999999999234,4.332284661120789,15.343586280652305,0,104.38355254021081,0.06513829122664094,3.000323195156178,0.049999999999999996,1.0001077317187261,3.7171383939507896,0.0004757373929590866,6.230049610256614,14.3685174929214
E19_unprepared_area,fixed,20001000,0,1,,0,False,False,True,8,8,8,1.0,379.30000000001775,0.10490312625689904,0.25863738489136034,0,95.39363444218873,-0.026595566916441604,1.0217580020147083,0.14997363564460847,0.34058600067156947,0.04908520970040897,0.9997363564460849,0.04159925060965605,0.0630859006724651
E19_unprepared_area,oracle,20001000,0,0,,0,False,False,True,8,8,8,1.0,379.2000000000177,0.08769101703800494,0.29268228984078126,0,95.54088235898844,-0.025093037153179232,1.0213277589051288,0.14997362869198308,0.3404425863017096,0.16202468379495874,0.19593881856540085,0.12966380590065935,0.22572036474292337
E19_unprepared_area,proposed,20001000,6,1,0.0,0,False,False,True,8,8,8,1.0,196.19999999999314,0.07356767623664368,0.18476572476201714,0,95.36164136868905,-0.02692202685011169,1.567021764160469,0.05000000000000001,0.5223405880534896,0.02698275605147988,0.8511722731906218,0.09882705253313691,0.22084260649407333
E19_unprepared_area,residual_only,20001000,0,179,,0,False,False,False,6,4,8,0.5,400.00000000002245,32.81676825558754,65.4494120347816,1555,199.05427281546073,1.0311660491373544,3.0003116260297564,0.05000000000000001,1.000103875343252,5.4491200991242525,0.08925,53.218074673788976,142.56900643062292
E19_unprepared_area,ablation_a1,20001001,4,1,0.0,0,False,False,False,8,3,8,0.375,291.9999999999979,41.1154522984504,70.99909324225321,1293,145.86728150415396,0.48844164800157097,3.0099015906152378,0.05,1.0033005302050793,6.643649335182695,0.08527397260273972,45.89521510897764,113.18947936477423
E19_unprepared_area,ablation_a2,20001001,6,1,0.0,0,False,False,True,8,8,8,1.0,191.4999999999934,0.18413331203704972,0.4437982414568342,0,95.91932784670433,-0.021231348503017,2.2900967591238888,0.05000000000000001,0.7633655863746296,0.16139689037330987,0.2360313315926893,0.20228391433614482,0.3371615146381787
E19_unprepared_area,covariance_only,20001001,0,0,,0,False,False,False,8,5,8,0.625,210.19999999999234,8.488262704924654,23.670309633942693,0,104.60912845604054,0.06744008628612796,3.0120174490021943,0.049999999999999996,1.0040058163340648,6.884448550264414,0.13225499524262607,10.57248694140899,23.39066191380893
E19_unprepared_area,dead_reckoning,20001001,0,0,,0,False,False,False,8,5,8,0.625,209.49999999999238,6.472002019109342,19.793624067977486,0,104.23260065993941,0.06359796591774902,3.012009389123253,0.05,1.004003129707751,20.9140274891642,0.00047732696897374703,8.368085836797448,18.444865930248998
E19_unprepared_area,fixed,20001001,0,1,,0,False,False,True,8,8,8,1.0,378.90000000001766,0.07719506992835909,0.2411545210891628,0,95.27812055091536,-0.027774280092700443,1.015917306695966,0.14997360781208757,0.3386391022319886,0.042321589551631913,1.0,0.035812738890128246,0.051602246543693754
E19_unprepared_area,oracle,20001001,0,1,,0,False,False,True,8,8,8,1.0,190.59999999999346,0.07030079321185646,0.19588845302960145,0,95.17013279773606,-0.02887619594146873,1.0333780283835106,0.14994753410283312,0.3444593427945035,0.03972582462915379,0.8373557187827911,0.06967729251312428,0.12223923026921284
E19_unprepared_area,proposed,20001001,6,1,0.0,0,False,False,True,8,8,8,1.0,197.69999999999305,0.09394325449305477,0.23734734313503836,0,95.4422461703146,-0.02609952887434075,1.581902322562942,0.05000000000000001,0.5273007741876473,0.03136374966641669,0.847749114820435,0.08415026100294423,0.17467648189253496
E19_unprepared_area,residual_only,20001001,0,118,,0,False,False,False,8,3,8,0.375,278.99999999999494,40.095381008184326,69.20249025228259,1224,138.66467907112352,0.4149457048073828,3.002975386023246,0.05,1.000991795341082,5.971782349951078,0.12831541218637993,48.11681565126395,118.49967665786332
E19_unprepared_area,ablation_a1,20001002,4,1,0.0,0,False,False,False,8,4,8,0.5,210.19999999999234,20.228625551876142,44.528115136880785,73,104.49901128440412,0.06631644167759299,2.993805280241577,0.049999999999999996,0.997935093413859,3.9583373476689316,0.12702188392007613,23.250433690244467,49.187396614087255
E19_unprepared_area,ablation_a2,20001002,6,1,0.0,0,False,False,True,8,8,8,1.0,189.19999999999354,0.0972169196469913,0.31413584040433706,0,94.93320373250985,-0.03129383946418518,2.27556678163665,0.05,0.75852226054555,0.1823540669073225,0.2558139534883721,0.1470772666358752,0.26615040048260336
E19_unprepared_area,covariance_only,20001002,0,0,,0,False,False,False,8,5,8,0.625,203.8999999999927,4.201424819081798,13.215485745362033,0,101.53143363408947,0.03603503708254552,2.993856996473555,0.05000000000000001,0.9979523321578516,13.539110266116964,0.13683178028445317,6.264995766509975,12.183111337452116
E19_unprepared_area,dead_reckoning,20001002,0,0,,0,False,False,False,8,6,8,0.75,204.89999999999264,3.7798421234591824,12.669699155434373,0,102.04904615290457,0.04131679747861794,2.9938449350414804,0.05000000000000001,0.9979483116804935,12.806708167054598,0.0004880429477794046,5.72592889276023,11.395840751419454
E19_unprepared_area,fixed,20001002,0,1,,0,False,False,True,8,8,8,1.0,379.70000000001784,0.10206061342444349,0.26461856011852625,0,95.37921529157312,-0.02674270110639676,1.0181060857031983,0.14997366341848822,0.33936869523439944,0.020269536056366746,0.9997366341848828,0.02879531920563971,0.04287279556952924
E19_unprepared_area,oracle,20001002,0,1,,0,False,False,True,8,8,8,1.0,190.59999999999346,0.0785595946020805,0.21129235514866274,0,95.15757825071968,-0.0290043035640849,1.0379685730755868,0.14994753410283312,0.3459895243585289,0.03648150492779738,0.9758656873032528,0.052677921328026046,0.07152948511943492
E19_unprepared_area,proposed,20001002,6,1,0.0,0,False,False,True,8,8,8,1.0,195.69999999999317,0.06478647582379414,0.1997063202300704,0,95.47267424321156,-0.02578903833457591,1.5592814841250529,0.05000000000000001,0.519760494708351,0.03885355615722983,0.8656106285130302,0.0625936026915709,0.12832488966299377
E19_unprepared_area,residual_only,20001002,0,84,,0,False,False,False,8,3,8,0.375,210.7999999999923,26.399729226497612,56.25937488833558,368,104.67910637082436,0.0681541466410649,2.9979681858598255,0.05,0.9993227286199419,4.156927255829611,0.18453510436432638,32.680738876871324,72.09676686685033
E19_unprepared_area,ablation_a1,20001003,4,1,0.0,0,False,False,False,8,5,8,0.625,344.0000000000097,25.53890597250852,57.316824030919875,961,171.267198739546,0.7476244769341427,3.001800510115537,0.05,1.0006001700385123,4.2383815047373306,0.07587209302325582,26.219301435959665,68.09063241094597
E19_unprepared_area,ablation_a2,20001003,4,57,0.0,0,False,False,True,8,8,8,1.0,190.49999999999346,0.048304594147272124,0.1732564706834374,0,102.05654253254525,0.04139329114842094,2.268142535944071,0.13157480314960626,0.756047511981357,0.08350705292261947,0.23097112860892388,0.17998797934801486,0.3042076481014611
E19_unprepared_area,covariance_only,20001003,0,0,,0,False,False,False,8,4,8,0.5,183.99999999999383,10.166928953839248,22.552187023593447,0,91.50229558632752,-0.06630310626196412,3.0033778412485033,0.05000000000000001,1.0011259470828344,26.643247296681697,0.14782608695652175,10.533017174277772,23.344451322785375
E19_unprepared_area,dead_reckoning,20001003,0,0,,0,False,False,False,8,4,8,0.5,186.69999999999368,12.972743217542629,28.672883994313185,0,92.8588498482441,-0.05246071583424383,3.0034091567705063,0.05,1.0011363855901687,34.2597425459319,0.0005356186395286556,13.5823745250457,30.070266104741094
E19_unprepared_area,fixed,20001003,0,1,,0,False,False,True,8,8,8,1.0,378.00000000001745,0.08825373821620193,0.2746713828740983,0,95.32082379782705,-0.02733853267523423,1.0176967653182423,0.14997354497354493,0.33923225510608074,0.030447568235410265,1.0,0.030709132836619486,0.042617959979724146
E19_unprepared_area,oracle,20001003,0,0,,0,False,False,True,8,8,8,1.0,190.09999999999349,0.04928780380056276,0.13863575418127638,0,95.23671085505093,-0.02819682800968437,1.034253006720645,0.14994739610731192,0.344751002240215,0.07315300070085386,0.37243556023145713,0.08217410866519291,0.14414403844787518
E19_unprepared_area,proposed,20001003,6,11,0.0,0,False,False,True,8,8,8,1.0,212.19999999999223,0.07149503845669095,0.2950687350270531,0,96.73062230058322,-0.012952833667518204,2.2601987593876234,0.13345900094250704,0.7533995864625411,0.08081004661697759,0.2351555136663525,0.16658176659268295,0.3276753462434143
E19_unprepared_area,residual_only,20001003,0,146,,0,False,False,False,8,3,8,0.375,334.50000000000756,25.438326745359287,58.306506332446915,923,166.33022920520085,0.6972472367877638,2.997786233666342,0.05,0.9992620778887806,6.032491704146029,0.11150971599402093,35.779949231586365,91.58386258296242
E19_unprepared_area,ablation_a1,20001004,4,1,0.0,0,False,False,False,8,3,8,0.375,331.90000000000697,30.383381723441556,60.205179504567205,1298,165.0692693569757,0.6843802995609765,2.994355595295043,0.05,0.9981185317650144,3.6762668532708025,0.0783368484483278,40.150768971088986,102.64384336985769
E19_unprepared_area,ablation_a2,20001004,9,1,0.0,0,False,False,True,8,8,8,1.0,191.3999999999934,0.10092575980022955,0.2738535990242532,0,96.41982612617537,-0.01612422320229223,2.2673345545688757,0.1110240334378265,0.7557781848562919,0.11257116990451053,0.2664576802507837,0.17792291568173257,0.329531358607328
E19_unprepared_area,covariance_only,20001004,0,0,,0,False,False,False,8,7,8,0.875,185.09999999999377,0.4649434843392956,2.1103775444373207,0,91.90768029132093,-0.0621665276395823,2.9922708358264454,0.05,0.9974236119421485,2.958963967460297,0.15289032955159373,1.6522133144739204,2.5353957492162973
E19_unprepared_area,dead_reckoning,20001004,0,0,,0,False,False,False,8,6,8,0.75,184.4999999999938,2.0234187910345196,4.597171784722505,0,91.62803601352809,-0.06502004067828482,2.992263464540998,0.05000000000000001,0.9974211548469993,5.663035890012652,0.0005420054200542005,2.423743319673159,4.92306919759051
E19_unprepared_area,fixed,20001004,0,1,,0,False,False,True,8,8,8,1.0,380.70000000001806,0.06854105429975496,0.2865137694998392,0,95.32581368433173,-0.027287615466002668,1.0190015589015227,0.14997373259784602,0.3396671863005076,0.033552635980333055,1.0,0.033109482635129237,0.047035358989532004
E19_unprepared_area,oracle,20001004,0,1,,0,False,False,True,8,8,8,1.0,191.19999999999342,0.05455293137986445,0.2344157953528132,0,95.26916509050571,-0.027865662341778452,1.03631490857091,0.14994769874476985,0.34543830285697,0.033839821562749645,1.0,0.05440923937588422,0.0728910953001246
E19_unprepared_area,proposed,20001004,6,1,0.0,0,False,False,True,8,8,8,1.0,201.9999999999928,0.08912508292971473,0.22400601919669638,0,95.814455846516,-0.022301470953918434,1.5621142233595993,0.05000000000000001,0.5207047411198664,0.022206686725473785,0.8594059405940594,0.06691302858849195,0.11822346677937297
E19_unprepared_area,residual_only,20001004,0,140,,0,False,False,False,8,3,8,0.375,324.40000000000526,28.268509525912766,61.39106504458282,1160,161.38996658007795,0.6468363936742649,2.9992828865921997,0.049999999999999996,0.9997609621973998,10.128687577915573,0.11652281134401973,50.60798827806575,127.02941808970219
E19_unprepared_area,ablation_a1,20001005,4,1,0.0,0,False,False,False,8,5,8,0.625,330.10000000000656,19.43253580800793,43.04741160782188,914,164.8617455201794,0.6822627093895857,2.9968178584512684,0.05,0.9989392861504228,4.854192208007378,0.0796728264162375,22.079245443014536,55.57533652484068
E19_unprepared_area,ablation_a2,20001005,9,1,0.0,0,False,False,True,8,8,8,1.0,191.19999999999342,0.0874111954130242,0.23157696764914526,0,96.30473902700555,-0.017298581357086174,2.2753317911137443,0.05000000000000001,0.7584439303712481,0.23565265462557713,0.2824267782426778,0.14515282743609123,0.2786859815865249
E19_unprepared_area,covariance_only,20001005,0,0,,0,False,False,False,8,7,8,0.875,195.39999999999318,0.7731774321253443,1.9908901417753224,0,96.9167281518757,-0.01105379436861531,2.997678564491419,0.05000000000000001,0.9992261881638064,3.188607994583054,0.14176049129989765,1.5703315193567107,2.9897495695987457
E19_unprepared_area,dead_reckoning,20001005,0,0,,0,False,False,False,8,7,8,0.875,198.499999999993,1.3360965884687377,3.2742651814795347,0,98.44224182142453,0.004512671647189048,2.9976835783391373,0.05000000000000001,0.9992278594463792,3.9181152015249876,0.0005037783375314861,1.4603879866813951,3.171353532148327
E19_unprepared_area,fixed,20001005,0,1,,0,False,False,True,8,8,8,1.0,378.40000000001754,0.08138443431557543,0.28380331403760906,0,95.01657531817084,-0.03044310899825675,1.0196599999437872,0.14997357293868915,0.33988666664792905,0.005656904868645333,0.9997357293868921,0.02339472662640987,0.04046272922207993
E19_unprepared_area,oracle,20001005,0,1,,0,False,False,True,8,8,8,1.0,190.39999999999347,0.050481017952073895,0.17001941153769273,0,95.08753268966652,-0.02971905418707632,1.039684323068016,0.1499474789915966,0.346561441022672,0.0157474058278676,0.9994747899159664,0.04958804968296998,0.07079174505638731
E19_unprepared_area,proposed,20001005,6,1,0.0,0,False,False,True,8,8,8,1.0,197.99999999999304,0.06754443484442041,0.1950621821599423,0,95.44737722926536,-0.026047171129945368,1.566180978659153,0.05000000000000001,0.5220603262197177,0.032379028870737965,0.8595959595959596,0.055530178522095935,0.08456438656233344
E19_unprepared_area,residual_only,20001005,0,147,,0,False,False,False,8,3,8,0.375,335.9000000000079,19.575733082604184,43.728492118381666,873,166.7853343467185,0.7018911668032501,2.994047035591554,0.049999999999999996,0.998015678530518,6.6478315135507255,0.10985412325096755,30.816054102670897,78.7423884937482
E19_unprepared_area,ablation_a1,20001006,4,1,0.0,0,False,False,False,8,3,8,0.375,210.19999999999234,28.026644722088196,59.500683747336815,423,105.18048564582274,0.07327026169206885,3.003235479948623,0.049999999999999996,1.0010784933162078,7.7622411289029225,0.12559467174119887,36.45876774919776,80.49213805755274
E19_unprepared_area,ablation_a2,20001006,10,1,0.0,0,False,False,True,8,8,8,1.0,190.29999999999347,0.09959856522013656,0.24886973760871678,0,96.4809539496953,-0.015500469901068348,1.6627484840662117,0.05,0.5542494946887372,0.04046947079945158,0.8018917498686284,0.07929972721560745,0.16460895247886903
E19_unprepared_area,covariance_only,20001006,0,0,,0,False,False,False,8,4,8,0.5,198.29999999999302,8.106297264670623,17.974624018902826,0,98.51260930939388,0.005230707238712995,3.003288247096432,0.05,1.0010960823654773,25.81497307064867,0.13817448310640443,10.846028467805768,23.21194210843852
E19_unprepared_area,dead_reckoning,20001006,0,0,,0,False,False,False,8,4,8,0.5,203.09999999999275,9.251573091314928,20.047675232976967,0,100.8379662620272,0.028958839408440795,3.0032547952973907,0.05,1.0010849317657968,28.09568147759157,0.0004923682914820286,11.913246348420309,25.332456476789588
E19_unprepared_area,fixed,20001006,0,1,,0,False,False,True,8,8,8,1.0,381.10000000001816,0.11996144914778098,0.2856236344176537,0,95.51613775739611,-0.025345533087794858,1.0188230124400448,0.1499737601679349,0.33960767081334825,0.0354393906964806,1.0,0.03541297078496912,0.047521988026473144
E19_unprepared_area,oracle,20001006,0,0,,0,False,False,True,8,8,8,1.0,379.30000000001775,0.07935303256214551,0.24955267981480667,0,95.56929059359284,-0.024803157208236337,1.0237181040308794,0.14997363564460847,0.34123936801029314,0.07981311006337807,0.22436066438175586,0.062657274218453,0.09914280221526645
E19_unprepared_area,proposed,20001006,7,2,0.0,0,False,False,True,8,8,8,1.0,211.0999999999923,0.11073337858931308,0.31731726265998716,0,95.98824863485076,-0.020528075154584102,1.5757322581383715,0.049999999999999996,0.5252440860461238,0.036883807578257585,0.8597820937944103,0.07062954885978884,0.13582118528604673
E19_unprepared_area,residual_only,20001006,0,179,,0,False,False,False,5,3,8,0.375,400.00000000002245,32.670570784855144,61.20775948716429,1534,199.76303302602517,1.0383982961839302,2.9985533758487395,0.05000000000000001,0.9995177919495798,7.969947830570947,0.09375,31.489599719249977,82.81779812417504
E19_unprepared_area,ablation_a1,20001007,4,1,0.0,0,False,False,False,7,5,8,0.625,400.00000000002245,27.659650009800963,56.880629600128486,1093,199.92946756017287,1.0400966077568659,2.9971387573597994,0.05000000000000001,0.9990462524532665,3.342564610644365,0.06725,25.14279043770285,67.38268598435678
E19_unprepared_area,ablation_a2,20001007,4,43,0.0,0,False,False,True,8,8,8,1.0,191.99999999999338,0.048115715816743836,0.24779486948281892,0,101.44525962224508,0.03515571043107224,2.276397942282514,0.1340625,0.7587993140941713,0.1551433239296244,0.23333333333333334,0.17177377456756074,0.3211816263710937
E19_unprepared_area,covariance_only,20001007,0,0,,0,False,False,False,8,6,8,0.75,199.89999999999293,3.203006002104761,11.648579868576778,0,99.82938446083736,0.01866718837589154,2.9957426568487135,0.05000000000000001,0.9985808856162378,11.772056892434394,0.14157078539269635,4.90068334997813,10.462547725861315
E19_unprepared_area,dead_reckoning,20001007,0,0,,0,False,False,False,8,6,8,0.75,195.0999999999932,2.4475615926877277,8.91213149848224,0,97.38800446009611,-0.006244852447998883,2.9958357694655455,0.05,0.9986119231551819,9.184469350525818,0.0005125576627370579,3.9980166605308916,8.422694068314144
E19_unprepared_area,fixed,20001007,0,1,,0,False,False,True,8,8,8,1.0,379.80000000001786,0.09641141536466337,0.25808124054634085,0,95.41476617148196,-0.0263799370256943,1.0197595044609433,0.14997367035281725,0.33991983482031446,0.027765952561787773,1.0,0.03008654535405777,0.04255307824034063
E19_unprepared_area,oracle,20001007,0,0,,0,False,False,True,8,8,8,1.0,190.19999999999348,0.05075170053238229,0.28292977136782227,0,95.0195010002057,-0.03041325509994186,1.0417926873198393,0.14994742376445844,0.3472642291066131,0.010146364621935198,0.361198738170347,0.09329993851369743,0.17072443471104934
E19_unprepared_area,proposed,20001007,5,11,0.0,0,False,False,True,8,8,8,1.0,211.89999999999225,0.08290926834852358,0.27691260574124765,0,96.82569749086142,-0.011982678664679391,2.246770667118928,0.1355592260500236,0.7489235557063093,0.09211952508662333,0.2336007550731477,0.1607566761772343,0.2980987224496198
E19_unprepared_area,residual_only,20001007,0,178,,0,False,False,False,8,6,8,0.75,397.5000000000219,28.09680791537631,59.15420104915364,1295,198.29925357228365,1.0234617711457514,3.00366806369296,0.05000000000000001,1.0012226878976533,6.484235681305532,0.0940880503144654,38.74474139970608,103.49736639902068
E19_unprepared_area,ablation_a1,20001008,4,1,0.0,0,False,False,False,8,3,8,0.375,327.2000000000059,28.32871022458947,62.6632517417041,1020,163.82632721184552,0.6716972164474033,3.000538111783889,0.049999999999999996,1.0001793705946296,9.64238949188959,0.07732273838630807,54.40717611901423,137.2019012988328
E19_unprepared_area,ablation_a2,20001008,8,1,0.0,0,False,False,True,8,8,8,1.0,190.49999999999346,0.06611963846721895,0.1858429255008276,0,95.85626290232021,-0.02187486834367136,1.610002345147815,0.05000000000000001,0.5366674483826049,0.02606563835808099,0.8272965879265092,0.08148871810147836,0.1666423340716564
E19_unprepared_area,covariance_only,20001008,0,0,,0,False,False,False,8,6,8,0.75,206.89999999999253,7.042193992633926,14.600395755980168,0,103.13627599002447,0.052410979490045584,2.99936268996436,0.05000000000000001,0.9997875633214534,20.576486014530627,0.13726437892701787,9.276972298543994,18.732520848857664
E19_unprepared_area,dead_reckoning,20001008,0,0,,0,False,False,False,8,5,8,0.625,201.89999999999281,5.11281797433183,11.4454485882197,0,100.57877325466154,0.026314012802668874,2.99935672551716,0.05000000000000001,0.9997855751723866,16.061839250392882,0.0004952947003467063,7.404538606401194,14.765466393035444
E19_unprepared_area,fixed,20001008,0,1,,0,False,False,True,8,8,8,1.0,379.80000000001786,0.08478482104053327,0.2833054887704378,0,95.33380885011624,-0.027206032141671055,1.0254857050223947,0.14997367035281725,0.3418285683407982,0.04847109134228379,1.0,0.03610651792144881,0.05470821299184938
E19_unprepared_area,oracle,20001008,0,1,,0,False,False,True,8,8,8,1.0,190.99999999999343,0.05781100265010319,0.2205627918259392,0,95.33632059592854,-0.027180402082361832,1.04814419004181,0.14994764397905758,0.34938139668060336,0.047347494565827514,1.0,0.05457239121749944,0.07470660933518429
E19_unprepared_area,proposed,20001008,6,1,0.0,0,False,False,True,8,8,8,1.0,201.39999999999284,0.060747185508317224,0.16265387605255333,0,95.87803442891607,-0.021652709909019685,1.5674769929984225,0.05000000000000001,0.5224923309994741,0.020032970272068108,0.8565044687189672,0.0789473307739483,0.16618803986737912
E19_unprepared_area,residual_only,20001008,0,148,,0,False,False,False,8,4,8,0.5,338.90000000000856,29.37367044271527,63.87364674693156,1072,168.9760954799527,0.7242458722444154,2.994777019920382,0.05,0.9982590066401272,7.190685917637807,0.10239008557096489,61.41415824368335,158.38061459209715
E19_unprepared_area,ablation_a1,20001009,4,1,0.0,0,False,False,False,8,5,8,0.625,294.89999999999856,12.36704590373057,28.181780397642168,322,146.71789677016832,0.4971213956139624,3.002921048442459,0.049999999999999996,1.000973682814153,3.26134844326548,0.09155645981688708,12.828818598689615,31.582804557112592
E19_unprepared_area,ablation_a2,20001009,6,1,0.0,0,False,False,True,8,8,8,1.0,191.3999999999934,0.12194543226124212,0.32549637632514106,0,95.90324748122411,-0.021395433865060043,2.2817896126444572,0.1162486938349007,0.7605965375481524,0.08557139765961944,0.2309299895506792,0.20399725246937397,0.4111587791918493
E19_unprepared_area,covariance_only,20001009,0,0,,0,False,False,False,8,5,8,0.625,203.29999999999274,6.960514341379546,15.314435634685527,0,101.11875456942937,0.03182402621866709,3.0023117763858282,0.05000000000000001,1.0007705921286094,23.352376628382252,0.13625184456468273,9.380423459951833,20.547411349566016
E19_unprepared_area,dead_reckoning,20001009,0,0,,0,False,False,False,8,6,8,0.75,205.29999999999262,7.754302989769943,16.737967729446396,0,102.12252969124556,0.042066629502505615,3.0023327386046166,0.05,1.0007775795348721,25.037519000881197,0.0004870920603994155,10.11209928485183,22.084467271141254
E19_unprepared_area,fixed,20001009,0,1,,0,False,False,True,8,8,8,1.0,377.3000000000173,0.08806878627788632,0.27188220046691036,0,95.25606812943165,-0.02799930480171786,1.019014116505745,0.1499734958918632,0.3396713721685816,0.010291004426674065,1.0,0.02740029893636144,0.04256201862671894
E19_unprepared_area,oracle,20001009,0,1,,0,False,False,True,8,8,8,1.0,190.09999999999349,0.06632005292642273,0.19064086038505756,0,95.18604828449332,-0.028713793015374245,1.0375958516262842,0.14994739610731192,0.3458652838754281,0.05034557917076252,0.9873750657548659,0.052625707169639914,0.07128739088443878
E19_unprepared_area,proposed,20001009,6,1,0.0,0,False,False,True,8,8,8,1.0,199.89999999999293,0.06048225419183087,0.19130582424839737,0,95.53772469052267,-0.025125258259972805,1.5776326559573879,0.05000000000000001,0.525877551985796,0.05866483482617268,0.8564282141070535,0.06101963930637904,0.11133878801916433
E19_unprepared_area,residual_only,20001009,0,157,,0,False,False,False,8,6,8,0.75,357.1000000000127,16.591923034961575,38.78038374942858,630,177.36666567093943,0.8098639354177493,2.9933477074531867,0.05,0.9977825691510622,5.729624812661535,0.10501260151218146,13.347971738830537,34.40038960246517
E1_nominal,ablation_a1,20001000,1,0,,1,False,False,True,8,8,8,1.0,191.19999999999342,0.08392148285692815,0.24317251964340203,0,95.16671936208617,-0.028911026917488036,2.998987210425935,0.05000000000000001,0.9996624034753117,0.09834536851833692,0.4665271966527197,0.17468338253237048,0.30490192259718946
E1_nominal,ablation_a2,20001000,1,0,,1,False,False,True,8,8,8,1.0,191.19999999999342,0.08392148285692815,0.24317251964340203,0,95.16671936208617,-0.028911026917488036,2.998987210425935,0.05000000000000001,0.9996624034753117,0.09834536851833692,0.4665271966527197,0.17468338253237048,0.30490192259718946
E1_nominal,covariance_only,20001000,0,0,,0,False,False,True,8,8,8,1.0,191.09999999999343,0.08585266966271293,0.31149378172328035,0,95.11517152192422,-0.029437025286487506,2.999069460764277,0.05,0.9996898202547589,0.24166758474569716,0.998953427524856,0.18553300190660507,0.2800674239030351
E1_nominal,dead_reckoning,20001000,0,0,,0,False,False,True,8,8,8,1.0,191.5999999999934,0.200644235817875,0.31889993205216527,0,95.36993133725557,-0.026837435334126858,2.9990741541931496,0.05,0.9996913847310499,0.3466715235974277,0.0005219206680584551,0.31963108411062513,0.49437313818245954
E1_nominal,fixed,20001000,0,1,,0,False,False,True,8,8,8,1.0,380.0000000000179,0.07732186137069484,0.24741711498985985,0,95.42886135470094,-0.02623610862550063,1.0177365103240892,0.1499736842105263,0.33924550344136306,0.02401626262514306,1.0,0.030023131719004757,0.036290553971476694
E1_nominal,oracle,20001000,0,0,,0,False,False,True,8,8,8,1.0,191.09999999999343,0.057201598186804176,0.21033786588461112,0,95.09530839265373,-0.029639710279043552,3.0005794441411684,0.44979068550497137,1.000193148047056,0.11987283910051923,0.43956043956043955,0.1691605018830392,0.28205431212259846
E1_nominal,proposed,20001000,1,0,,1,False,False,True,8,8,8,1.0,191.19999999999342,0.08392148285692815,0.24317251964340203,0,95.16671936208617,-0.028911026917488036,2.998987210425935,0.05000000000000001,0.9996624034753117,0.09834536851833692,0.4665271966527197,0.17468338253237048,0.30490192259718946
E1_nominal,residual_only,20001000,0,0,,0,False,False,True,8,8,8,1.0,191.19999999999342,0.08392148285692815,0.24317251964340203,0,95.16671936208617,-0.028911026917488036,2.998987210425935,0.05000000000000001,0.9996624034753117,0.09834536851833692,0.4665271966527197,0.17468338253237048,0.30490192259718946
E1_nominal,ablation_a1,20001001,1,0,,1,False,False,True,8,8,8,1.0,191.19999999999342,0.08030649724266771,0.2615492008115794,0,94.78285039587642,-0.03282805718493442,2.9994970914962336,0.05000000000000001,0.9998323638320779,0.12140060036527232,0.7201882845188284,0.10194280378415163,0.1514351591780884
E1_nominal,ablation_a2,20001001,1,0,,1,False,False,True,8,8,8,1.0,191.19999999999342,0.08030649724266771,0.2615492008115794,0,94.78285039587642,-0.03282805718493442,2.9994970914962336,0.05000000000000001,0.9998323638320779,0.12140060036527232,0.7201882845188284,0.10194280378415163,0.1514351591780884
E1_nominal,covariance_only,20001001,0,0,,0,False,False,True,8,8,8,1.0,191.3999999999934,0.06690509531261596,0.26806122768991036,0,94.90337671989174,-0.031598196735798556,2.99944153514165,0.05000000000000001,0.9998138450472167,0.16807168450146942,0.9994775339602926,0.13447158325225242,0.2020744961191379
E1_nominal,dead_reckoning,20001001,0,0,,0,False,False,True,8,8,8,1.0,192.09999999999337,0.13205395992370778,0.25775185364040887,0,95.24852313487371,-0.02807629454210503,2.999421093721911,0.05,0.999807031240637,0.22553708205650627,0.0005205622071837585,0.2330962904292409,0.3583988884095186
E1_nominal,fixed,20001001,0,1,,0,False,False,True,8,8,8,1.0,378.40000000001754,0.08841269394556403,0.276434057938304,0,95.26957500561993,-0.027861479534490585,1.0183218815711834,0.14997357293868915,0.3394406271903945,0.021073673286820135,1.0,0.027544542967306664,0.033363143022986604
E1_nominal,oracle,20001001,0,1,,0,False,False,True,8,8,8,1.0,191.4999999999934,0.05443462401493748,0.3277996194414712,0,95.61137800335128,-0.024373693843354305,1.0365869196197772,0.14994778067885117,0.3455289732065924,0.30409292608771543,0.06631853785900783,0.1978338968493363,0.31076843763761436
E1_nominal,proposed,20001001,1,0,,1,False,False,True,8,8,8,1.0,191.19999999999342,0.08030649724266771,0.2615492008115794,0,94.78285039587642,-0.03282805718493442,2.9994970914962336,0.05000000000000001,0.9998323638320779,0.12140060036527232,0.7201882845188284,0.10194280378415163,0.1514351591780884
E1_nominal,residual_only,20001001,0,0,,0,False,False,True,8,8,8,1.0,191.19999999999342,0.08030649724266771,0.2615492008115794,0,94.78285039587642,-0.03282805718493442,2.9994970914962336,0.05000000000000001,0.9998323638320779,0.12140060036527232,0.7201882845188284,0.10194280378415163,0.1514351591780884
E1_nominal,ablation_a1,20001002,1,0,,1,False,False,True,8,8,8,1.0,190.79999999999345,0.07653887603128388,0.22084467443099243,0,94.68714345647457,-0.03380465860740234,2.9987219273058323,0.05,0.9995739757686107,0.04616589641535488,0.9465408805031447,0.06627616401929003,0.0953437647235419
E1_nominal,ablation_a2,20001002,1,0,,1,False,False,True,8,8,8,1.0,190.79999999999345,0.07653887603128388,0.22084467443099243,0,94.68714345647457,-0.03380465860740234,2.9987219273058323,0.05,0.9995739757686107,0.04616589641535488,0.9465408805031447,0.06627616401929003,0.0953437647235419
E1_nominal,covariance_only,20001002,0,0,,0,False,False,True,8,8,8,1.0,190.89999999999344,0.07291354783609208,0.23513541030079121,0,94.75343880487021,-0.03312817546050806,2.998750045194871,0.05000000000000001,0.9995833483982904,0.08850456979602953,0.997904662126768,0.08821886305730345,0.12308460703448514
E1_nominal,dead_reckoning,20001002,0,0,,0,False,False,True,8,8,8,1.0,191.19999999999342,0.0779042944537763,0.12694143278846903,0,94.90157422349881,-0.031616589556134556,2.9987531427773675,0.05000000000000001,0.9995843809257892,0.13352626436057097,0.0005230125523012552,0.16116629321042217,0.23520303842836657
E1_nominal,fixed,20001002,0,1,,0,False,False,True,8,8,8,1.0,378.6000000000176,0.09240229079031362,0.24326202534567276,0,95.31299361879024,-0.027418432461324027,1.0194048915474492,0.14997358689910192,0.3398016305158164,0.017444235699786256,1.0,0.025867044320771505,0.030825330788421947
E1_nominal,oracle,20001002,0,1,,0,False,False,True,8,8,8,1.0,190.79999999999345,0.062021392313536775,0.19223718132605683,0,95.19940882632102,-0.028577460955907963,1.041247882486773,0.4497903563941301,0.347082627495591,0.035132029885777655,1.0,0.052480258029793524,0.06783660240754498
E1_nominal,proposed,20001002,1,0,,1,False,False,True,8,8,8,1.0,190.79999999999345,0.07653887603128388,0.22084467443099243,0,94.68714345647457,-0.03380465860740234,2.9987219273058323,0.05,0.9995739757686107,0.04616589641535488,0.9465408805031447,0.06627616401929003,0.0953437647235419
E1_nominal,residual_only,20001002,0,0,,0,False,False,True,8,8,8,1.0,190.79999999999345,0.07653887603128388,0.22084467443099243,0,94.68714345647457,-0.03380465860740234,2.9987219273058323,0.05,0.9995739757686107,0.04616589641535488,0.9465408805031447,0.06627616401929003,0.0953437647235419
E1_nominal,ablation_a1,20001003,1,0,,1,False,False,True,8,8,8,1.0,189.9999999999935,0.06487055842923825,0.28545540665041,0,94.50820895583357,-0.03563052085884111,3.0000792914313923,0.05,1.0000264304771307,0.11450877199697079,0.68,0.10993884883401572,0.24063182762588706
E1_nominal,ablation_a2,20001003,1,0,,1,False,False,True,8,8,8,1.0,189.9999999999935,0.06487055842923825,0.28545540665041,0,94.50820895583357,-0.03563052085884111,3.0000792914313923,0.05,1.0000264304771307,0.11450877199697079,0.68,0.10993884883401572,0.24063182762588706
E1_nominal,covariance_only,20001003,0,0,,0,False,False,True,8,8,8,1.0,189.9999999999935,0.09864193977492486,0.28321032841544813,0,94.4768925133891,-0.03595007639398873,3.0001207006657213,0.05,1.0000402335552405,0.1068871645976464,0.9989473684210526,0.09717386633411222,0.18379870672080784
E1_nominal,dead_reckoning,20001003,0,0,,0,False,False,True,8,8,8,1.0,189.7999999999935,0.20032053357979407,0.44008290319035126,0,94.37558998618758,-0.03698377565114719,3.00012701610961,0.05,1.0000423387032034,0.202173357831644,0.0005268703898840885,0.19322785146846835,0.2796991566262631
E1_nominal,fixed,20001003,0,1,,0,False,False,True,8,8,8,1.0,378.80000000001763,0.09839573263698613,0.2636240517564339,0,95.22205847228024,-0.02834634211958942,1.0185634974610542,0.14997360084477293,0.3395211658203514,0.017505611666567784,1.0,0.02441666916808478,0.029945044821127805
E1_nominal,oracle,20001003,0,1,,0,False,False,True,8,8,8,1.0,189.9999999999935,0.05216911803002105,0.23947364600299892,0,94.84139644808643,-0.03223064848891399,2.0105256443655604,0.1499473684210526,0.6701752147885202,0.12039374136042148,0.5347368421052632,0.12036451000880118,0.24691005673212316
E1_nominal,proposed,20001003,1,0,,1,False,False,True,8,8,8,1.0,189.9999999999935,0.06487055842923825,0.28545540665041,0,94.50820895583357,-0.03563052085884111,3.0000792914313923,0.05,1.0000264304771307,0.11450877199697079,0.68,0.10993884883401572,0.24063182762588706
E1_nominal,residual_only,20001003,0,0,,0,False,False,True,8,8,8,1.0,189.9999999999935,0.06487055842923825,0.28545540665041,0,94.50820895583357,-0.03563052085884111,3.0000792914313923,0.05,1.0000264304771307,0.11450877199697079,0.68,0.10993884883401572,0.24063182762588706
E1_nominal,ablation_a1,20001004,1,0,,1,False,False,True,8,8,8,1.0,190.69999999999345,0.06709405245486626,0.24310039387186144,0,94.67754141399593,-0.033902638632694604,2.9983884764561197,0.05000000000000001,0.9994628254853732,0.15782081305173665,0.6334556895647614,0.12307901275188456,0.26378527978270244
E1_nominal,ablation_a2,20001004,1,0,,1,False,False,True,8,8,8,1.0,190.69999999999345,0.06709405245486626,0.24310039387186144,0,94.67754141399593,-0.033902638632694604,2.9983884764561197,0.05000000000000001,0.9994628254853732,0.15782081305173665,0.6334556895647614,0.12307901275188456,0.26378527978270244
E1_nominal,covariance_only,20001004,0,0,,0,False,False,True,8,8,8,1.0,190.49999999999346,0.1100987078644005,0.31687593294200944,0,94.56609196494793,-0.03503987790869456,2.9983690296553465,0.05000000000000001,0.9994563432184488,0.1144244429952829,0.9989501312335958,0.11404738820490713,0.20173622020412288
E1_nominal,dead_reckoning,20001004,0,0,,0,False,False,True,8,8,8,1.0,190.29999999999347,0.2569102873838838,0.5303789590509211,0,94.46605040463201,-0.03606071015681622,2.998371994018104,0.05,0.999457331339368,0.1786149351599159,0.0005254860746190226,0.2288659514918729,0.33402366738840406
E1_nominal,fixed,20001004,0,1,,0,False,False,True,8,8,8,1.0,378.6000000000176,0.11121936593991853,0.2576642525664421,0,95.21643413420614,-0.02840373332442714,1.0193816109955431,0.14997358689910192,0.3397938703318477,0.015433880073944976,1.0,0.026049437426414017,0.030344555949741704
E1_nominal,oracle,20001004,0,1,,0,False,False,True,8,8,8,1.0,190.59999999999346,0.05901582977974838,0.28895745435438513,0,94.9667015909412,-0.030952024582232673,2.0099630782653684,0.44979013641133275,0.6699876927551228,0.19165317955324593,0.425498426023085,0.14064381214646243,0.2874125953755217
E1_nominal,proposed,20001004,1,0,,1,False,False,True,8,8,8,1.0,190.69999999999345,0.06709405245486626,0.24310039387186144,0,94.67754141399593,-0.033902638632694604,2.9983884764561197,0.05000000000000001,0.9994628254853732,0.15782081305173665,0.6334556895647614,0.12307901275188456,0.26378527978270244
E1_nominal,residual_only,20001004,0,0,,0,False,False,True,8,8,8,1.0,190.69999999999345,0.06709405245486626,0.24310039387186144,0,94.67754141399593,-0.033902638632694604,2.9983884764561197,0.05000000000000001,0.9994628254853732,0.15782081305173665,0.6334556895647614,0.12307901275188456,0.26378527978270244
E1_nominal,ablation_a1,20001005,1,0,,1,False,False,True,8,8,8,1.0,189.49999999999352,0.08643311926319702,0.24091168270646524,0,94.43662748333041,-0.03636094404764889,3.002126687696504,0.05,1.0007088958988346,0.012635075390916095,0.9277044854881267,0.05306353898129909,0.09947063647197393
E1_nominal,ablation_a2,20001005,1,0,,1,False,False,True,8,8,8,1.0,189.49999999999352,0.08643311926319702,0.24091168270646524,0,94.43662748333041,-0.03636094404764889,3.002126687696504,0.05,1.0007088958988346,0.012635075390916095,0.9277044854881267,0.05306353898129909,0.09947063647197393
E1_nominal,covariance_only,20001005,0,0,,0,False,False,True,8,8,8,1.0,189.19999999999354,0.10271571124563048,0.28529206846998534,0,94.27629676182366,-0.03799697181812589,3.0022257076308816,0.05,1.0007419025436273,0.05121271354910767,0.9994714587737844,0.08437648326041618,0.14845915137138105
E1_nominal,dead_reckoning,20001005,0,0,,0,False,False,True,8,8,8,1.0,189.29999999999353,0.08859751233125487,0.370109527541171,0,94.32737480886756,-0.03747576725645352,3.002221218595412,0.05,1.0007404061984706,0.169595505554288,0.0005282620179609086,0.1653441221981122,0.2634486053750782
E1_nominal,fixed,20001005,0,1,,0,False,False,True,8,8,8,1.0,378.40000000001754,0.07326800099361847,0.23754065529449164,0,95.32460695213027,-0.0272999290598952,1.019824647604576,0.14997357293868915,0.33994154920152536,0.013902252496257718,1.0,0.021978503779024033,0.02826692491863202
E1_nominal,oracle,20001005,0,1,,0,False,False,True,8,8,8,1.0,189.9999999999935,0.06218017458845416,0.24109463750912496,0,94.66403674700746,-0.03404044135706674,2.0123526285741455,0.1499473684210526,0.6707842095247152,0.004532253347084918,0.9310526315789474,0.045756751974700575,0.08325122000818973
E1_nominal,proposed,20001005,1,0,,1,False,False,True,8,8,8,1.0,189.49999999999352,0.08643311926319702,0.24091168270646524,0,94.43662748333041,-0.03636094404764889,3.002126687696504,0.05,1.0007088958988346,0.012635075390916095,0.9277044854881267,0.05306353898129909,0.09947063647197393
E1_nominal,residual_only,20001005,0,0,,0,False,False,True,8,8,8,1.0,189.49999999999352,0.08643311926319702,0.24091168270646524,0,94.43662748333041,-0.03636094404764889,3.002126687696504,0.05,1.0007088958988346,0.012635075390916095,0.9277044854881267,0.05306353898129909,0.09947063647197393
E1_nominal,ablation_a1,20001006,1,0,,1,False,False,True,8,8,8,1.0,191.4999999999934,0.06166462585365568,0.1715642823850363,0,95.11296126435084,-0.029459578935195463,3.001208953331754,0.05000000000000001,1.000402984443918,0.0929652136469625,0.8689295039164491,0.09077377709077691,0.11532496469514776
E1_nominal,ablation_a2,20001006,1,0,,1,False,False,True,8,8,8,1.0,191.4999999999934,0.06166462585365568,0.1715642823850363,0,95.11296126435084,-0.029459578935195463,3.001208953331754,0.05000000000000001,1.000402984443918,0.0929652136469625,0.8689295039164491,0.09077377709077691,0.11532496469514776
E1_nominal,covariance_only,20001006,0,0,,0,False,False,True,8,8,8,1.0,191.7999999999934,0.05146264207972244,0.20223672992599306,0,95.29985605717552,-0.027552489212494757,3.0012735358098737,0.05000000000000001,1.0004245119366246,0.15064041214494192,0.9994786235662148,0.119085841852351,0.16333521831297607
E1_nominal,dead_reckoning,20001006,0,0,,0,False,False,True,8,8,8,1.0,192.19999999999337,0.15289547630193093,0.21514031114061094,0,95.50841163282513,-0.025424371093621168,3.0012676383050834,0.05000000000000001,1.0004225461016945,0.23207454179773268,0.0005202913631633715,0.23579615035271478,0.3432273631752993
E1_nominal,fixed,20001006,0,1,,0,False,False,True,8,8,8,1.0,380.300000000018,0.08894649686375825,0.27734442528467085,0,95.35730983770648,-0.0269662261458522,1.0184334045804981,0.1499737049697607,0.3394778015268327,0.020438573231952136,1.0,0.02858499912893008,0.03247094646042374
E1_nominal,oracle,20001006,0,1,,0,False,False,True,8,8,8,1.0,191.3999999999934,0.04454532619977756,0.1929657475573805,0,95.14704742674867,-0.02911176095154422,3.002417243640741,0.05000000000000001,1.000805747880247,0.1148354443480386,0.7847439916405433,0.10864873755825064,0.1669307936905735
E1_nominal,proposed,20001006,1,0,,1,False,False,True,8,8,8,1.0,191.4999999999934,0.06166462585365568,0.1715642823850363,0,95.11296126435084,-0.029459578935195463,3.001208953331754,0.05000000000000001,1.000402984443918,0.0929652136469625,0.8689295039164491,0.09077377709077691,0.11532496469514776
E1_nominal,residual_only,20001006,0,0,,0,False,False,True,8,8,8,1.0,191.4999999999934,0.06166462585365568,0.1715642823850363,0,95.11296126435084,-0.029459578935195463,3.001208953331754,0.05000000000000001,1.000402984443918,0.0929652136469625,0.8689295039164491,0.09077377709077691,0.11532496469514776
E1_nominal,ablation_a1,20001007,1,0,,1,False,False,True,8,8,8,1.0,190.59999999999346,0.07424155962570075,0.20949959373828264,0,94.72134314644607,-0.03345568217912165,3.0003592277419626,0.05,1.0001197425806543,0.0732798886504153,0.912906610703043,0.07020992087311673,0.11639747915052233
E1_nominal,ablation_a2,20001007,1,0,,1,False,False,True,8,8,8,1.0,190.59999999999346,0.07424155962570075,0.20949959373828264,0,94.72134314644607,-0.03345568217912165,3.0003592277419626,0.05,1.0001197425806543,0.0732798886504153,0.912906610703043,0.07020992087311673,0.11639747915052233
E1_nominal,covariance_only,20001007,0,0,,0,False,False,True,8,8,8,1.0,190.79999999999345,0.08734179356625676,0.24896849574890778,0,94.82843527675027,-0.03236290533928299,3.0003352203584712,0.05,1.0001117401194903,0.07634481080640586,0.999475890985325,0.08772590006481756,0.15031021050065896
E1_nominal,dead_reckoning,20001007,0,0,,0,False,False,True,8,8,8,1.0,190.79999999999345,0.14646756848986267,0.3402077420381051,0,94.83145296027578,-0.03233211265024716,3.0003344859241876,0.05,1.0001114953080625,0.1477779886386375,0.0005241090146750524,0.1609523406665669,0.24573061131660032
E1_nominal,fixed,20001007,0,1,,0,False,False,True,8,8,8,1.0,378.7000000000176,0.07772111836000888,0.2488330079715979,0,95.26324902338509,-0.027926030373621624,1.0197472345281429,0.14997359387377868,0.3399157448427143,0.017644300320917808,1.0,0.026611482048756917,0.0298082437504957
E1_nominal,oracle,20001007,0,1,,0,False,False,True,8,8,8,1.0,190.89999999999344,0.048263740943649505,0.26106563199821764,0,95.3414611923643,-0.027127947016690745,1.0393504441423875,0.14994761655316916,0.3464501480474625,0.1794280660300461,0.29334730225248823,0.11986753061999963,0.20939159319384135
E1_nominal,proposed,20001007,1,0,,1,False,False,True,8,8,8,1.0,190.59999999999346,0.07424155962570075,0.20949959373828264,0,94.72134314644607,-0.03345568217912165,3.0003592277419626,0.05,1.0001197425806543,0.0732798886504153,0.912906610703043,0.07020992087311673,0.11639747915052233
E1_nominal,residual_only,20001007,0,0,,0,False,False,True,8,8,8,1.0,190.59999999999346,0.07424155962570075,0.20949959373828264,0,94.72134314644607,-0.03345568217912165,3.0003592277419626,0.05,1.0001197425806543,0.0732798886504153,0.912906610703043,0.07020992087311673,0.11639747915052233
E1_nominal,ablation_a1,20001008,1,0,,1,False,False,True,8,8,8,1.0,189.5999999999935,0.12098952075076785,0.3884105982249664,0,94.4367583742994,-0.03635960842551633,2.9990626742692834,0.05,0.9996875580897612,0.20564209090673596,0.44251054852320676,0.13830144526763552,0.2266771286899405
E1_nominal,ablation_a2,20001008,1,0,,1,False,False,True,8,8,8,1.0,189.5999999999935,0.12098952075076785,0.3884105982249664,0,94.4367583742994,-0.03635960842551633,2.9990626742692834,0.05,0.9996875580897612,0.20564209090673596,0.44251054852320676,0.13830144526763552,0.2266771286899405
E1_nominal,covariance_only,20001008,0,0,,0,False,False,True,8,8,8,1.0,189.6999999999935,0.12606172226083234,0.3687564118464195,0,94.47593112551922,-0.0359598864742936,2.9991379194470387,0.05,0.9997126398156796,0.16664931285820808,1.0,0.15046486842057488,0.2484080445710405
E1_nominal,dead_reckoning,20001008,0,0,,0,False,False,True,8,8,8,1.0,189.39999999999353,0.2864509389456524,0.5747797814824729,0,94.31991826808759,-0.03755185440726949,2.999140842607406,0.05,0.9997136142024687,0.2558557056203708,0.0005279831045406547,0.28122986815074036,0.4123226287332622
E1_nominal,fixed,20001008,0,1,,0,False,False,True,8,8,8,1.0,378.80000000001763,0.10072195125704729,0.24610842694930035,0,95.34601457576171,-0.027081483920798788,1.02054727542537,0.14997360084477293,0.34018242514179,0.0203605216246061,1.0,0.026063406208679488,0.02997256444485537
E1_nominal,oracle,20001008,0,1,,0,False,False,True,8,8,8,1.0,190.09999999999349,0.062207506280132906,0.18640120912353453,0,95.12215946216779,-0.029365719773798094,1.0416917213640053,0.14994739610731192,0.34723057378800176,0.1087007994703303,0.9847448711204629,0.08130670715219085,0.1464696576510089
E1_nominal,proposed,20001008,1,0,,1,False,False,True,8,8,8,1.0,189.5999999999935,0.12098952075076785,0.3884105982249664,0,94.4367583742994,-0.03635960842551633,2.9990626742692834,0.05,0.9996875580897612,0.20564209090673596,0.44251054852320676,0.13830144526763552,0.2266771286899405
E1_nominal,residual_only,20001008,0,0,,0,False,False,True,8,8,8,1.0,189.5999999999935,0.12098952075076785,0.3884105982249664,0,94.4367583742994,-0.03635960842551633,2.9990626742692834,0.05,0.9996875580897612,0.20564209090673596,0.44251054852320676,0.13830144526763552,0.2266771286899405
E1_nominal,ablation_a1,20001009,1,0,,1,False,False,True,8,8,8,1.0,190.29999999999347,0.07842864009575239,0.2190393804350279,0,94.6650807179678,-0.03402978859216532,2.9981026237222648,0.05,0.9993675412407549,0.03188366073177985,0.9558591697320021,0.05914943266811463,0.0870344694333836
E1_nominal,ablation_a2,20001009,1,0,,1,False,False,True,8,8,8,1.0,190.29999999999347,0.07842864009575239,0.2190393804350279,0,94.6650807179678,-0.03402978859216532,2.9981026237222648,0.05,0.9993675412407549,0.03188366073177985,0.9558591697320021,0.05914943266811463,0.0870344694333836
E1_nominal,covariance_only,20001009,0,0,,0,False,False,True,8,8,8,1.0,190.29999999999347,0.07466909921758577,0.206423309176202,0,94.67354512062084,-0.03394341713652205,2.9981580206919594,0.05,0.9993860068973198,0.05782324297221073,1.0,0.07631815690833935,0.10970389428346015
E1_nominal,dead_reckoning,20001009,0,0,,0,False,False,True,8,8,8,1.0,190.59999999999346,0.05093795321606429,0.13990676327485163,0,94.82141456057258,-0.03243454530027978,2.998162257596832,0.05,0.999387419198944,0.09367177674179893,0.0005246589716684155,0.11374080775959922,0.16103106832847155
E1_nominal,fixed,20001009,0,1,,0,False,False,True,8,8,8,1.0,378.00000000001745,0.08544436995306284,0.261504637044661,0,95.2565673553794,-0.027994210659393892,1.018991096303897,0.14997354497354493,0.3396636987679657,0.01569061134579739,1.0,0.025072691923737657,0.030782710166038754
E1_nominal,oracle,20001009,0,1,,0,False,False,True,8,8,8,1.0,190.49999999999346,0.06536572116973399,0.19597163432486342,0,95.23410774939197,-0.0282233903123269,1.03727113315802,0.44979002624671927,0.3457570443860067,0.02867080714798348,0.9858267716535433,0.0510856752127856,0.06778938339353953
E1_nominal,proposed,20001009,1,0,,1,False,False,True,8,8,8,1.0,190.29999999999347,0.07842864009575239,0.2190393804350279,0,94.6650807179678,-0.03402978859216532,2.9981026237222648,0.05,0.9993675412407549,0.03188366073177985,0.9558591697320021,0.05914943266811463,0.0870344694333836
E1_nominal,residual_only,20001009,0,0,,0,False,False,True,8,8,8,1.0,190.29999999999347,0.07842864009575239,0.2190393804350279,0,94.6650807179678,-0.03402978859216532,2.9981026237222648,0.05,0.9993675412407549,0.03188366073177985,0.9558591697320021,0.05914943266811463,0.0870344694333836
E2_dvl_short,ablation_a1,20001000,3,0,0.5000000000005898,2,False,False,True,8,8,8,1.0,191.29999999999342,0.058624133302619286,0.20142058483215086,0,95.02679791323203,-0.03033879680375484,2.9974428884712467,0.05000000000000001,0.9991476294904156,0.1306169371522013,0.553058024046001,0.15662299369915103,0.2756852488945487
E2_dvl_short,ablation_a2,20001000,3,0,0.5000000000005898,2,False,False,True,8,8,8,1.0,191.29999999999342,0.058624133302619286,0.20142058483215086,0,95.02679791323203,-0.03033879680375484,2.9974428884712467,0.05000000000000001,0.9991476294904156,0.1306169371522013,0.553058024046001,0.15662299369915103,0.2756852488945487
E2_dvl_short,covariance_only,20001000,0,0,,0,False,False,True,8,8,8,1.0,191.09999999999343,0.06736955458614602,0.22928933758405234,0,95.0160670260373,-0.03044829565268059,2.9973786032582947,0.05,0.9991262010860983,0.21574678806920589,0.998953427524856,0.16668120843187748,0.2724438695179032
E2_dvl_short,dead_reckoning,20001000,0,0,,0,False,False,True,8,8,8,1.0,191.6999999999934,0.17897716225725221,0.36633101896074294,0,95.41120279736263,-0.02641629798609557,2.997458286128164,0.05,0.9991527620427213,0.3650547278757145,0.0005216484089723526,0.32201193249095306,0.490698889616335
E2_dvl_short,fixed,20001000,0,1,,0,False,False,True,8,8,8,1.0,379.30000000001775,0.07911787843466167,0.25872427747914983,0,95.33432920560307,-0.027200722391805376,1.019162471382088,0.14997363564460847,0.3397208237940293,0.02218144497703427,1.0,0.029658407397283378,0.035553243411909324
E2_dvl_short,oracle,20001000,0,0,,0,False,False,True,8,8,8,1.0,191.4999999999934,0.05331178352431233,0.20854163005165338,0,95.05837099990579,-0.030016622449940966,2.99888397433856,0.14994778067885117,0.9996279914461866,0.1240466112385024,0.5206266318537859,0.15724693978660853,0.27392829924150114
E2_dvl_short,proposed,20001000,3,0,0.5000000000005898,2,False,False,True,8,8,8,1.0,191.29999999999342,0.058624133302619286,0.20142058483215086,0,95.02679791323203,-0.03033879680375484,2.9974428884712467,0.05000000000000001,0.9991476294904156,0.1306169371522013,0.553058024046001,0.15662299369915103,0.2756852488945487
E2_dvl_short,residual_only,20001000,0,0,,0,False,False,True,8,8,8,1.0,191.29999999999342,0.058624133302619286,0.20142058483215086,0,95.02679791323203,-0.03033879680375484,2.9974428884712467,0.05000000000000001,0.9991476294904156,0.1306169371522013,0.553058024046001,0.15662299369915103,0.2756852488945487
E2_dvl_short,ablation_a1,20001001,3,0,0.5000000000005898,2,False,False,True,8,8,8,1.0,190.69999999999345,0.07383378040814641,0.21521312067147536,0,94.67629284793875,-0.03391537910266573,3.0019624681677692,0.05000000000000001,1.000654156055923,0.12872382972941446,0.8253801782905087,0.09116261041025246,0.13620953389764232
E2_dvl_short,ablation_a2,20001001,3,0,0.5000000000005898,2,False,False,True,8,8,8,1.0,190.69999999999345,0.07383378040814641,0.21521312067147536,0,94.67629284793875,-0.03391537910266573,3.0019624681677692,0.05000000000000001,1.000654156055923,0.12872382972941446,0.8253801782905087,0.09116261041025246,0.13620953389764232
E2_dvl_short,covariance_only,20001001,0,0,,0,False,False,True,8,8,8,1.0,190.99999999999343,0.05896125981118449,0.21348870002583054,0,94.84846846853952,-0.032158485014902816,3.0020055912239596,0.05000000000000001,1.0006685304079865,0.15490308673559414,1.0,0.12738815258284808,0.20693585447509166
E2_dvl_short,dead_reckoning,20001001,0,0,,0,False,False,True,8,8,8,1.0,191.5999999999934,0.12782750928099304,0.32446485987669327,0,95.24992210248742,-0.02806201936237329,3.002021803918983,0.05,1.000673934639661,0.2981757142846085,0.0005219206680584551,0.2575929835768206,0.38769601314969215
E2_dvl_short,fixed,20001001,0,1,,0,False,False,True,8,8,8,1.0,379.30000000001775,0.08314789525759538,0.24831520852272426,0,95.40906313538609,-0.026438131271570464,1.0197968922653933,0.14997363564460847,0.33993229742179776,0.017383100023083187,1.0,0.027662981169165,0.03359452385261515
E2_dvl_short,oracle,20001001,0,1,,0,False,False,True,8,8,8,1.0,191.09999999999343,0.05271340958221898,0.21945866437182815,0,95.38916877355969,-0.026641134963676594,1.0372157773902502,0.1499476713762428,0.3457385924634167,0.183821281269938,0.23809523809523808,0.12904300162513185,0.21035572466040214
E2_dvl_short,proposed,20001001,3,0,0.5000000000005898,2,False,False,True,8,8,8,1.0,190.69999999999345,0.07383378040814641,0.21521312067147536,0,94.67629284793875,-0.03391537910266573,3.0019624681677692,0.05000000000000001,1.000654156055923,0.12872382972941446,0.8253801782905087,0.09116261041025246,0.13620953389764232
E2_dvl_short,residual_only,20001001,0,0,,0,False,False,True,8,8,8,1.0,190.69999999999345,0.07383378040814641,0.21521312067147536,0,94.67629284793875,-0.03391537910266573,3.0019624681677692,0.05000000000000001,1.000654156055923,0.12872382972941446,0.8253801782905087,0.09116261041025246,0.13620953389764232
E2_dvl_short,ablation_a1,20001002,3,0,0.5000000000005898,2,False,False,True,8,8,8,1.0,190.29999999999347,0.07321778613647036,0.22084467443099243,0,94.6233917658512,-0.03445518606274289,2.9995235547087526,0.05,0.9998411849029175,0.053427508290227625,0.9432475039411455,0.0681374221446238,0.10275271589664264
E2_dvl_short,ablation_a2,20001002,3,0,0.5000000000005898,2,False,False,True,8,8,8,1.0,190.29999999999347,0.07321778613647036,0.22084467443099243,0,94.6233917658512,-0.03445518606274289,2.9995235547087526,0.05,0.9998411849029175,0.053427508290227625,0.9432475039411455,0.0681374221446238,0.10275271589664264
E2_dvl_short,covariance_only,20001002,0,0,,0,False,False,True,8,8,8,1.0,190.59999999999346,0.059625135295747575,0.20483139733986633,0,94.77146314212142,-0.0329442536518223,2.999437544742557,0.05,0.9998125149141858,0.08828232275055939,1.0,0.08839366959658447,0.12765368726969267
E2_dvl_short,dead_reckoning,20001002,0,0,,0,False,False,True,8,8,8,1.0,190.69999999999345,0.07052618915987459,0.18279900859345943,0,94.88025703034026,-0.0318341119353035,2.9993508612935686,0.05000000000000001,0.9997836204311895,0.13876495082290202,0.0005243838489774515,0.1586982281788171,0.2352322670213614
E2_dvl_short,fixed,20001002,0,1,,0,False,False,True,8,8,8,1.0,379.0000000000177,0.08333181803322139,0.24299615164522947,0,95.37371767715685,-0.026798799212685243,1.0183895995022778,0.14997361477572554,0.3394631998340926,0.016023954695280698,1.0,0.025921896504262416,0.03187915738996718
E2_dvl_short,oracle,20001002,0,1,,0,False,False,True,8,8,8,1.0,190.49999999999346,0.06027826605055834,0.1892473715369003,0,95.15876177496989,-0.028992226786021535,1.037621423715133,0.05000000000000001,0.34587380790504435,0.03050215033561736,1.0,0.05283781369752393,0.06835830616635873
E2_dvl_short,proposed,20001002,3,0,0.5000000000005898,2,False,False,True,8,8,8,1.0,190.29999999999347,0.07321778613647036,0.22084467443099243,0,94.6233917658512,-0.03445518606274289,2.9995235547087526,0.05,0.9998411849029175,0.053427508290227625,0.9432475039411455,0.0681374221446238,0.10275271589664264
E2_dvl_short,residual_only,20001002,0,0,,0,False,False,True,8,8,8,1.0,190.29999999999347,0.07321778613647036,0.22084467443099243,0,94.6233917658512,-0.03445518606274289,2.9995235547087526,0.05,0.9998411849029175,0.053427508290227625,0.9432475039411455,0.0681374221446238,0.10275271589664264
E2_dvl_short,ablation_a1,20001003,3,0,0.5000000000005898,2,False,False,True,8,8,8,1.0,190.29999999999347,0.0813517855300622,0.245078462777494,0,94.57386881460482,-0.034960522299950836,3.000066042906671,0.05,1.0000220143022236,0.12599375463951323,0.813977929584866,0.0732986410208291,0.13056480883136698
E2_dvl_short,ablation_a2,20001003,3,0,0.5000000000005898,2,False,False,True,8,8,8,1.0,190.29999999999347,0.0813517855300622,0.245078462777494,0,94.57386881460482,-0.034960522299950836,3.000066042906671,0.05,1.0000220143022236,0.12599375463951323,0.813977929584866,0.0732986410208291,0.13056480883136698
E2_dvl_short,covariance_only,20001003,0,0,,0,False,False,True,8,8,8,1.0,190.19999999999348,0.10935432466916965,0.30690086445545184,0,94.50150633304892,-0.03569891496888855,3.0000118997577307,0.05,1.0000039665859102,0.10164703492895753,0.9978969505783386,0.08803303637690392,0.139511938010598
E2_dvl_short,dead_reckoning,20001003,0,0,,0,False,False,True,8,8,8,1.0,189.9999999999935,0.2252769580403475,0.5056980759131129,0,94.39188422079826,-0.03681750795103811,3.00005052884503,0.05,1.0000168429483434,0.18781740224156301,0.0005263157894736842,0.1984352627125868,0.30101266849044966
E2_dvl_short,fixed,20001003,0,1,,0,False,False,True,8,8,8,1.0,379.1000000000177,0.08091867545382425,0.2492568430837121,0,95.38319449245267,-0.026702097015789072,1.0196403201538446,0.14997362173568976,0.3398801067179482,0.017303144595317226,1.0,0.024591158303292938,0.028829853447686682
E2_dvl_short,oracle,20001003,0,1,,0,False,False,True,8,8,8,1.0,190.69999999999345,0.07134999076445368,0.19402786412588657,0,95.33123624419952,-0.027232283222453968,1.038933412886073,0.44979024646040916,0.346311137628691,0.03768174535022691,0.9874147876245412,0.052390970563968346,0.07723305896676827
E2_dvl_short,proposed,20001003,3,0,0.5000000000005898,2,False,False,True,8,8,8,1.0,190.29999999999347,0.0813517855300622,0.245078462777494,0,94.57386881460482,-0.034960522299950836,3.000066042906671,0.05,1.0000220143022236,0.12599375463951323,0.813977929584866,0.0732986410208291,0.13056480883136698
E2_dvl_short,residual_only,20001003,0,0,,0,False,False,True,8,8,8,1.0,190.29999999999347,0.0813517855300622,0.245078462777494,0,94.57386881460482,-0.034960522299950836,3.000066042906671,0.05,1.0000220143022236,0.12599375463951323,0.813977929584866,0.0732986410208291,0.13056480883136698
E2_dvl_short,ablation_a1,20001004,3,0,0.5000000000005898,2,False,False,True,8,8,8,1.0,190.49999999999346,0.07798838318748316,0.24776092172773723,0,94.7029314624077,-0.03364355650604378,2.997184776496187,0.05000000000000001,0.9990615921653957,0.16956115191068438,0.7328083989501313,0.08905910805643841,0.1535967376691583
E2_dvl_short,ablation_a2,20001004,3,0,0.5000000000005898,2,False,False,True,8,8,8,1.0,190.49999999999346,0.07798838318748316,0.24776092172773723,0,94.7029314624077,-0.03364355650604378,2.997184776496187,0.05000000000000001,0.9990615921653957,0.16956115191068438,0.7328083989501313,0.08905910805643841,0.1535967376691583
E2_dvl_short,covariance_only,20001004,0,0,,0,False,False,True,8,8,8,1.0,190.39999999999347,0.11641059586643442,0.3205117484337485,0,94.64186134912885,-0.03426672092725669,2.9969916971847828,0.05000000000000001,0.9989972323949275,0.11408797719794549,0.9989495798319328,0.10293685917912108,0.15584799445325184
E2_dvl_short,dead_reckoning,20001004,0,0,,0,False,False,True,8,8,8,1.0,190.29999999999347,0.2717418186842272,0.5366648121318249,0,94.58378930617634,-0.03485929279411892,2.9969875447903482,0.05,0.9989958482634494,0.16949097625318982,0.0005254860746190226,0.23554797854831797,0.34658621221688884
E2_dvl_short,fixed,20001004,0,1,,0,False,False,True,8,8,8,1.0,378.50000000001756,0.08465083841709395,0.243308428538624,0,95.27460718172607,-0.02781013079871364,1.019210086812507,0.14997357992073973,0.33973669560416897,0.01527110485823425,1.0,0.025794437795754126,0.029835246857372336
E2_dvl_short,oracle,20001004,0,1,,0,False,False,True,8,8,8,1.0,190.29999999999347,0.07051806771187123,0.20746487361514987,0,95.27464330944129,-0.027809762148558237,1.037065677010133,0.14994745139253804,0.34568855900337764,0.03968405861035997,0.9863373620599054,0.055726609841974216,0.08718164482694277
E2_dvl_short,proposed,20001004,3,0,0.5000000000005898,2,False,False,True,8,8,8,1.0,190.49999999999346,0.07798838318748316,0.24776092172773723,0,94.7029314624077,-0.03364355650604378,2.997184776496187,0.05000000000000001,0.9990615921653957,0.16956115191068438,0.7328083989501313,0.08905910805643841,0.1535967376691583
E2_dvl_short,residual_only,20001004,0,0,,0,False,False,True,8,8,8,1.0,190.49999999999346,0.07798838318748316,0.24776092172773723,0,94.7029314624077,-0.03364355650604378,2.997184776496187,0.05000000000000001,0.9990615921653957,0.16956115191068438,0.7328083989501313,0.08905910805643841,0.1535967376691583
E2_dvl_short,ablation_a1,20001005,3,0,0.5000000000005898,2,False,False,True,8,8,8,1.0,189.7999999999935,0.08281798034512658,0.2360253832231365,0,94.52954915780975,-0.035412763695818805,2.998880307265317,0.05,0.999626769088439,0.011657881106555606,0.9293993677555321,0.05323111202433852,0.09736770354634731
E2_dvl_short,ablation_a2,20001005,3,0,0.5000000000005898,2,False,False,True,8,8,8,1.0,189.7999999999935,0.08281798034512658,0.2360253832231365,0,94.52954915780975,-0.035412763695818805,2.998880307265317,0.05,0.999626769088439,0.011657881106555606,0.9293993677555321,0.05323111202433852,0.09736770354634731
E2_dvl_short,covariance_only,20001005,0,0,,0,False,False,True,8,8,8,1.0,189.49999999999352,0.08869949937755185,0.28529206846998534,0,94.28783326497788,-0.037879252398184904,2.99884791566526,0.05,0.99961597188842,0.049512006701946526,0.9989445910290238,0.07838651574562124,0.14265803312063127
E2_dvl_short,dead_reckoning,20001005,0,0,,0,False,False,True,8,8,8,1.0,189.49999999999352,0.07396413003366616,0.34715048699509765,0,94.31279980984999,-0.03762449173622462,2.9988479083577,0.05,0.9996159694525667,0.1008131993737956,0.0005277044854881266,0.13489792730311423,0.2267533327237319
E2_dvl_short,fixed,20001005,0,1,,0,False,False,True,8,8,8,1.0,378.7000000000176,0.08634571675839539,0.24549871911956878,0,95.27145078092511,-0.02784233897015198,1.0204286095745043,0.14997359387377868,0.3401428698581681,0.013980448952447678,1.0,0.022410329443874808,0.030009722226651783
E2_dvl_short,oracle,20001005,0,1,,0,False,False,True,8,8,8,1.0,190.29999999999347,0.06306851578470989,0.21468245381949558,0,95.1650224203871,-0.02892834264911115,1.0390934746278333,0.05,0.3463644915426111,0.025689509575095453,0.9889647924330005,0.04651952745465414,0.06657787428679388
E2_dvl_short,proposed,20001005,3,0,0.5000000000005898,2,False,False,True,8,8,8,1.0,189.7999999999935,0.08281798034512658,0.2360253832231365,0,94.52954915780975,-0.035412763695818805,2.998880307265317,0.05,0.999626769088439,0.011657881106555606,0.9293993677555321,0.05323111202433852,0.09736770354634731
E2_dvl_short,residual_only,20001005,0,0,,0,False,False,True,8,8,8,1.0,189.7999999999935,0.08281798034512658,0.2360253832231365,0,94.52954915780975,-0.035412763695818805,2.998880307265317,0.05,0.999626769088439,0.011657881106555606,0.9293993677555321,0.05323111202433852,0.09736770354634731
E2_dvl_short,ablation_a1,20001006,3,0,0.5000000000005898,2,False,False,True,8,8,8,1.0,191.09999999999343,0.06468086741209533,0.20326762456715564,0,94.93744380372257,-0.03125057343140236,2.9989378663000346,0.05,0.9996459554333449,0.09880212747050157,0.9000523286237572,0.08360194152047443,0.1146537871085414
E2_dvl_short,ablation_a2,20001006,3,0,0.5000000000005898,2,False,False,True,8,8,8,1.0,191.09999999999343,0.06468086741209533,0.20326762456715564,0,94.93744380372257,-0.03125057343140236,2.9989378663000346,0.05,0.9996459554333449,0.09880212747050157,0.9000523286237572,0.08360194152047443,0.1146537871085414
E2_dvl_short,covariance_only,20001006,0,0,,0,False,False,True,8,8,8,1.0,191.5999999999934,0.05530519787651626,0.19983974869334986,0,95.21860279484162,-0.028381604134269267,2.998966333428733,0.05,0.9996554444762443,0.13975125184745704,1.0,0.11107176771434947,0.16602327184714127
E2_dvl_short,dead_reckoning,20001006,0,0,,0,False,False,True,8,8,8,1.0,191.99999999999338,0.10701462029968363,0.15990223906181456,0,95.44644273577882,-0.02605670677776717,2.9989527686048594,0.05000000000000001,0.9996509228682865,0.16613936148305153,0.0005208333333333333,0.19490543645088704,0.31794217643885947
E2_dvl_short,fixed,20001006,0,1,,0,False,False,True,8,8,8,1.0,379.6000000000178,0.08832625539726613,0.23869280954544436,0,95.34828100321643,-0.027058357110036457,1.0181685418840882,0.14997365648050578,0.33938951396136274,0.014955693000146495,1.0,0.028567574518762812,0.032705687054309665
E2_dvl_short,oracle,20001006,0,1,,0,False,False,True,8,8,8,1.0,191.89999999999338,0.03995147058808401,0.16087202648699162,0,95.19201194963034,-0.028652939289486312,2.9992577907056193,0.05000000000000001,0.9997525969018731,0.13714377628799168,0.7613340281396561,0.10395600441673895,0.15648655934307404
E2_dvl_short,proposed,20001006,3,0,0.5000000000005898,2,False,False,True,8,8,8,1.0,191.09999999999343,0.06468086741209533,0.20326762456715564,0,94.93744380372257,-0.03125057343140236,2.9989378663000346,0.05,0.9996459554333449,0.09880212747050157,0.9000523286237572,0.08360194152047443,0.1146537871085414
E2_dvl_short,residual_only,20001006,0,0,,0,False,False,True,8,8,8,1.0,191.09999999999343,0.06468086741209533,0.20326762456715564,0,94.93744380372257,-0.03125057343140236,2.9989378663000346,0.05,0.9996459554333449,0.09880212747050157,0.9000523286237572,0.08360194152047443,0.1146537871085414
E2_dvl_short,ablation_a1,20001007,3,0,0.5000000000005898,2,False,False,True,8,8,8,1.0,190.49999999999346,0.07851770568825762,0.20949959373828264,0,94.74134688551855,-0.0332515623926678,2.998580032164212,0.05000000000000001,0.9995266773880708,0.06790431663991688,0.9212598425196851,0.06747504042789715,0.10615150518874827
E2_dvl_short,ablation_a2,20001007,3,0,0.5000000000005898,2,False,False,True,8,8,8,1.0,190.49999999999346,0.07851770568825762,0.20949959373828264,0,94.74134688551855,-0.0332515623926678,2.998580032164212,0.05000000000000001,0.9995266773880708,0.06790431663991688,0.9212598425196851,0.06747504042789715,0.10615150518874827
E2_dvl_short,covariance_only,20001007,0,0,,0,False,False,True,8,8,8,1.0,190.39999999999347,0.09708137251051296,0.2674751052323643,0,94.6917883855084,-0.033757261372363234,2.9986171954991323,0.05000000000000001,0.9995390651663775,0.06978252475588055,0.9989495798319328,0.08201615127446475,0.12709889045185352
E2_dvl_short,dead_reckoning,20001007,0,0,,0,False,False,True,8,8,8,1.0,190.69999999999345,0.11505999415523621,0.3310061499401038,0,94.81500358465281,-0.03249996342191008,2.998666382460825,0.05000000000000001,0.9995554608202749,0.19181278341317692,0.0005243838489774515,0.1791469232218421,0.2680642161981943
E2_dvl_short,fixed,20001007,0,1,,0,False,False,True,8,8,8,1.0,378.80000000001763,0.09514563725855538,0.26371604301632345,0,95.2145408184607,-0.028423052872849963,1.0216231481038875,0.14997360084477293,0.34054104936796253,0.018309419987720198,1.0,0.026316127034705265,0.030201879740574124
E2_dvl_short,oracle,20001007,0,1,,0,False,False,True,8,8,8,1.0,190.79999999999345,0.060823747649482604,0.19271773631612366,0,94.9902327076082,-0.03071191114685512,2.0118405813895888,0.14994758909853248,0.6706135271298629,0.04773238643452173,1.0,0.05857030667618038,0.08284447370415926
E2_dvl_short,proposed,20001007,3,0,0.5000000000005898,2,False,False,True,8,8,8,1.0,190.49999999999346,0.07851770568825762,0.20949959373828264,0,94.74134688551855,-0.0332515623926678,2.998580032164212,0.05000000000000001,0.9995266773880708,0.06790431663991688,0.9212598425196851,0.06747504042789715,0.10615150518874827
E2_dvl_short,residual_only,20001007,0,0,,0,False,False,True,8,8,8,1.0,190.49999999999346,0.07851770568825762,0.20949959373828264,0,94.74134688551855,-0.0332515623926678,2.998580032164212,0.05000000000000001,0.9995266773880708,0.06790431663991688,0.9212598425196851,0.06747504042789715,0.10615150518874827
E2_dvl_short,ablation_a1,20001008,3,0,0.5000000000005898,2,False,False,True,8,8,8,1.0,189.8999999999935,0.14995809635334684,0.40177583962356245,0,94.47439618152231,-0.03597554916813972,2.9989807179940975,0.05000000000000001,0.9996602393313658,0.0841555528647592,0.37756714060031593,0.1525501625127847,0.23284071656052563
E2_dvl_short,ablation_a2,20001008,3,0,0.5000000000005898,2,False,False,True,8,8,8,1.0,189.8999999999935,0.14995809635334684,0.40177583962356245,0,94.47439618152231,-0.03597554916813972,2.9989807179940975,0.05000000000000001,0.9996602393313658,0.0841555528647592,0.37756714060031593,0.1525501625127847,0.23284071656052563
E2_dvl_short,covariance_only,20001008,0,0,,0,False,False,True,8,8,8,1.0,189.8999999999935,0.12479106676365184,0.346476838025783,0,94.4653941850627,-0.03606740627487037,2.9989255732863973,0.05000000000000001,0.9996418577621324,0.15818872438901732,1.0,0.13015801784039843,0.193808880478459
E2_dvl_short,dead_reckoning,20001008,0,0,,0,False,False,True,8,8,8,1.0,189.6999999999935,0.2873823600399287,0.5740292269701808,0,94.33260463489025,-0.03742240168479338,2.998922381581732,0.05,0.9996407938605772,0.2597673097476178,0.0005271481286241434,0.28752051563073944,0.42386512980753965
E2_dvl_short,fixed,20001008,0,1,,0,False,False,True,8,8,8,1.0,378.00000000001745,0.10626007618167231,0.2594999428715621,0,95.31405729360246,-0.027407578636709617,1.0205918790548536,0.14997354497354493,0.34019729301828455,0.01654423415411112,1.0,0.026027052287764675,0.030853609695708422
E2_dvl_short,oracle,20001008,0,1,,0,False,False,True,8,8,8,1.0,377.60000000001736,0.06738736954063776,0.28828428645331705,0,94.69433629796362,-0.03373126226567735,2.0081502359573853,0.44989406779661034,0.6693834119857951,0.14335780794351125,0.5889830508474576,0.09391285677438216,0.21300411532292096
E2_dvl_short,proposed,20001008,3,0,0.5000000000005898,2,False,False,True,8,8,8,1.0,189.8999999999935,0.14995809635334684,0.40177583962356245,0,94.47439618152231,-0.03597554916813972,2.9989807179940975,0.05000000000000001,0.9996602393313658,0.0841555528647592,0.37756714060031593,0.1525501625127847,0.23284071656052563
E2_dvl_short,residual_only,20001008,0,0,,0,False,False,True,8,8,8,1.0,189.8999999999935,0.14995809635334684,0.40177583962356245,0,94.47439618152231,-0.03597554916813972,2.9989807179940975,0.05000000000000001,0.9996602393313658,0.0841555528647592,0.37756714060031593,0.1525501625127847,0.23284071656052563
E2_dvl_short,ablation_a1,20001009,3,0,0.5000000000005898,2,False,False,True,8,8,8,1.0,190.39999999999347,0.08223560630654864,0.231467061056021,0,94.54270233274843,-0.03527854762501603,2.9982915720318406,0.05000000000000001,0.9994305240106135,0.029316477917065594,0.9611344537815126,0.058723675389534234,0.08898499571951589
E2_dvl_short,ablation_a2,20001009,3,0,0.5000000000005898,2,False,False,True,8,8,8,1.0,190.39999999999347,0.08223560630654864,0.231467061056021,0,94.54270233274843,-0.03527854762501603,2.9982915720318406,0.05000000000000001,0.9994305240106135,0.029316477917065594,0.9611344537815126,0.058723675389534234,0.08898499571951589
E2_dvl_short,covariance_only,20001009,0,0,,0,False,False,True,8,8,8,1.0,190.59999999999346,0.07606272586694125,0.22850323564452957,0,94.61934527355635,-0.03449647680044543,2.998255235129166,0.05,0.9994184117097219,0.05406226499251434,0.9994753410283316,0.07388900128241889,0.11055878601392857
E2_dvl_short,dead_reckoning,20001009,0,0,,0,False,False,True,8,8,8,1.0,190.89999999999344,0.05867612243705945,0.19759714570995257,0,94.78036964248814,-0.03285337099501895,2.9982556555047277,0.05000000000000001,0.9994185518349092,0.054029503481550695,0.0005238344683080147,0.09830013703807104,0.16102036362637648
E2_dvl_short,fixed,20001009,0,1,,0,False,False,True,8,8,8,1.0,378.50000000001756,0.08994746078683319,0.2426298870050485,0,95.29673297997088,-0.027584357347235855,1.020140954940733,0.14997357992073973,0.3400469849802443,0.014141763718464281,1.0,0.024988177737600193,0.031569992567284696
E2_dvl_short,oracle,20001009,0,1,,0,False,False,True,8,8,8,1.0,190.69999999999345,0.06265397794967546,0.19630586004728956,0,95.20639697605914,-0.028506153305518978,1.0384155228920577,0.05000000000000001,0.34613850763068593,0.03260467739388389,0.9910854745673833,0.05113211153575662,0.0688809019500836
E2_dvl_short,proposed,20001009,3,0,0.5000000000005898,2,False,False,True,8,8,8,1.0,190.39999999999347,0.08223560630654864,0.231467061056021,0,94.54270233274843,-0.03527854762501603,2.9982915720318406,0.05000000000000001,0.9994305240106135,0.029316477917065594,0.9611344537815126,0.058723675389534234,0.08898499571951589
E2_dvl_short,residual_only,20001009,0,0,,0,False,False,True,8,8,8,1.0,190.39999999999347,0.08223560630654864,0.231467061056021,0,94.54270233274843,-0.03527854762501603,2.9982915720318406,0.05000000000000001,0.9994305240106135,0.029316477917065594,0.9611344537815126,0.058723675389534234,0.08898499571951589
E3_dvl_long,ablation_a1,20001000,3,0,0.5000000000003055,2,False,False,True,8,8,8,1.0,191.5999999999934,0.113041868692976,0.23522520634105826,0,94.85752350977799,-0.0320660866349185,2.9989820626511943,0.05,0.999660687550398,0.3347570814612524,0.7593945720250522,0.12378739418378633,0.2630604159399392
E3_dvl_long,ablation_a2,20001000,3,0,0.5000000000003055,2,False,False,True,8,8,8,1.0,191.5999999999934,0.113041868692976,0.23522520634105826,0,94.85752350977799,-0.0320660866349185,2.9989820626511943,0.05,0.999660687550398,0.3347570814612524,0.7593945720250522,0.12378739418378633,0.2630604159399392
E3_dvl_long,covariance_only,20001000,0,0,,0,False,False,True,8,8,8,1.0,191.19999999999342,0.11846841999373643,0.2895313090809548,0,94.77388711878923,-0.0329195191960282,2.9990002211957183,0.05000000000000001,0.9996667403985727,0.23434276436284054,0.9994769874476988,0.124087941607085,0.22046170061540996
E3_dvl_long,dead_reckoning,20001000,0,0,,0,False,False,True,8,8,8,1.0,192.79999999999333,0.13801179342566414,0.2171165139549167,0,95.79870609500045,-0.02246218270407696,2.9990293697076726,0.05,0.9996764565692242,0.2507543405516721,0.0005186721991701245,0.2939727085708494,0.42619668279440787
E3_dvl_long,fixed,20001000,0,1,,0,False,False,True,8,8,8,1.0,380.300000000018,0.08000404245615464,0.27277453989375466,0,95.44915487234103,-0.02602903191488748,1.019174651620573,0.1499737049697607,0.33972488387352434,0.02059446531424061,1.0,0.028818233057200597,0.033063962434479024
E3_dvl_long,oracle,20001000,0,1,,0,False,False,True,8,8,8,1.0,380.1000000000179,0.05931298399230619,0.2341199268551204,0,95.19521576773498,-0.02862024726801038,2.0050862912476726,0.44989476453564864,0.6683620970825576,0.23699404471782734,0.5964219942120494,0.0961736689085324,0.18406256871441556
E3_dvl_long,proposed,20001000,3,0,0.5000000000003055,2,False,False,True,8,8,8,1.0,191.5999999999934,0.113041868692976,0.23522520634105826,0,94.85752350977799,-0.0320660866349185,2.9989820626511943,0.05,0.999660687550398,0.3347570814612524,0.7593945720250522,0.12378739418378633,0.2630604159399392
E3_dvl_long,residual_only,20001000,0,0,,0,False,False,True,8,8,8,1.0,191.5999999999934,0.113041868692976,0.23522520634105826,0,94.85752350977799,-0.0320660866349185,2.9989820626511943,0.05,0.999660687550398,0.3347570814612524,0.7593945720250522,0.12378739418378633,0.2630604159399392
E3_dvl_long,ablation_a1,20001001,3,0,0.5000000000003055,2,False,False,True,8,8,8,1.0,191.19999999999342,0.0873430179002351,0.19291975375258064,0,94.78499677262289,-0.03280615538139908,3.00103465579411,0.05000000000000001,1.0003448852647032,0.16768989930963657,0.8812761506276151,0.0802082084247511,0.13935892168473796
E3_dvl_long,ablation_a2,20001001,3,0,0.5000000000003055,2,False,False,True,8,8,8,1.0,191.19999999999342,0.0873430179002351,0.19291975375258064,0,94.78499677262289,-0.03280615538139908,3.00103465579411,0.05000000000000001,1.0003448852647032,0.16768989930963657,0.8812761506276151,0.0802082084247511,0.13935892168473796
E3_dvl_long,covariance_only,20001001,0,0,,0,False,False,True,8,8,8,1.0,191.19999999999342,0.09606243988497185,0.2728577964075001,0,94.75708725465424,-0.033090946381079234,3.000896757618212,0.05000000000000001,1.0002989192060707,0.15553988242294503,0.9994769874476988,0.09522437190194477,0.15402729449812405
E3_dvl_long,dead_reckoning,20001001,0,0,,0,False,False,True,8,8,8,1.0,194.19999999999325,0.21969248015263174,0.49397781433443955,0,96.24874606615936,-0.017869938100414706,3.000860453191972,0.05,1.0002868177306572,0.13596046499477485,0.0005149330587023687,0.2331973034915961,0.3386561680822421
E3_dvl_long,fixed,20001001,0,1,,0,False,False,True,8,8,8,1.0,379.9000000000179,0.07703754632105139,0.24620186297850033,0,95.3547163847146,-0.026992689951891746,1.0183165084119705,0.14997367728349562,0.3394388361373235,0.014862882386622764,1.0,0.026965043828675313,0.03152220621656757
E3_dvl_long,oracle,20001001,0,1,,0,False,False,True,8,8,8,1.0,379.6000000000178,0.06795236058017415,0.23667859430303473,0,95.41534195521092,-0.026374061681521233,1.0201491733524453,0.05,0.3400497244508151,0.02339286920671178,0.8933087460484721,0.02869664491395822,0.03509825847226878
E3_dvl_long,proposed,20001001,3,0,0.5000000000003055,2,False,False,True,8,8,8,1.0,191.19999999999342,0.0873430179002351,0.19291975375258064,0,94.78499677262289,-0.03280615538139908,3.00103465579411,0.05000000000000001,1.0003448852647032,0.16768989930963657,0.8812761506276151,0.0802082084247511,0.13935892168473796
E3_dvl_long,residual_only,20001001,0,0,,0,False,False,True,8,8,8,1.0,191.19999999999342,0.0873430179002351,0.19291975375258064,0,94.78499677262289,-0.03280615538139908,3.00103465579411,0.05000000000000001,1.0003448852647032,0.16768989930963657,0.8812761506276151,0.0802082084247511,0.13935892168473796
E3_dvl_long,ablation_a1,20001002,3,0,0.5000000000003055,2,False,False,True,8,8,8,1.0,190.99999999999343,0.06629309135718363,0.1893623987891626,0,94.7892421838492,-0.0327628348586817,2.998421234752715,0.05000000000000001,0.9994737449175717,0.04349490028662958,0.9785340314136126,0.05792379779482409,0.08231641997107016
E3_dvl_long,ablation_a2,20001002,3,0,0.5000000000003055,2,False,False,True,8,8,8,1.0,190.99999999999343,0.06629309135718363,0.1893623987891626,0,94.7892421838492,-0.0327628348586817,2.998421234752715,0.05000000000000001,0.9994737449175717,0.04349490028662958,0.9785340314136126,0.05792379779482409,0.08231641997107016
E3_dvl_long,covariance_only,20001002,0,0,,0,False,False,True,8,8,8,1.0,190.79999999999345,0.07425654544518888,0.21611346706723378,0,94.70227847422889,-0.033650219650725566,2.9986143583345846,0.05,0.9995381194448615,0.07290872713519252,0.9989517819706499,0.06942283633949253,0.09712798619104378
E3_dvl_long,dead_reckoning,20001002,0,0,,0,False,False,True,8,8,8,1.0,192.39999999999336,0.083764348361534,0.3630011571740859,0,95.6127856944841,-0.024359329648121375,2.998672936499297,0.05000000000000001,0.9995576454997656,0.3292849610468831,0.0005197505197505198,0.35124996559222144,0.5598108591362655
E3_dvl_long,fixed,20001002,0,1,,0,False,False,True,8,8,8,1.0,378.90000000001766,0.07741470417770391,0.22653220739802205,0,95.30504020456286,-0.02749958974935862,1.0200191188597127,0.14997360781208757,0.3400063729532376,0.014993556837455143,1.0,0.025634496218382187,0.03119817459600508
E3_dvl_long,oracle,20001002,0,1,,0,False,False,True,8,8,8,1.0,191.19999999999342,0.060898222888002264,0.18623129678903627,0,95.22643552611224,-0.028301678304977096,1.0405106234797552,0.44979079497907964,0.34683687449325173,0.03334717753613739,1.0,0.051025857814350366,0.06272628781259826
E3_dvl_long,proposed,20001002,3,0,0.5000000000003055,2,False,False,True,8,8,8,1.0,190.99999999999343,0.06629309135718363,0.1893623987891626,0,94.7892421838492,-0.0327628348586817,2.998421234752715,0.05000000000000001,0.9994737449175717,0.04349490028662958,0.9785340314136126,0.05792379779482409,0.08231641997107016
E3_dvl_long,residual_only,20001002,0,0,,0,False,False,True,8,8,8,1.0,190.99999999999343,0.06629309135718363,0.1893623987891626,0,94.7892421838492,-0.0327628348586817,2.998421234752715,0.05000000000000001,0.9994737449175717,0.04349490028662958,0.9785340314136126,0.05792379779482409,0.08231641997107016
E3_dvl_long,ablation_a1,20001003,3,0,0.5000000000003055,2,False,False,True,8,8,8,1.0,190.29999999999347,0.06863044755139852,0.19895424309170018,0,94.81061875948359,-0.03254470653588171,2.999409536288944,0.05,0.9998031787629813,0.11690140648429045,0.9138202837624803,0.058026789201423463,0.08899931401701382
E3_dvl_long,ablation_a2,20001003,3,0,0.5000000000003055,2,False,False,True,8,8,8,1.0,190.29999999999347,0.06863044755139852,0.19895424309170018,0,94.81061875948359,-0.03254470653588171,2.999409536288944,0.05,0.9998031787629813,0.11690140648429045,0.9138202837624803,0.058026789201423463,0.08899931401701382
E3_dvl_long,covariance_only,20001003,0,0,,0,False,False,True,8,8,8,1.0,190.39999999999347,0.06376454392307963,0.2224851738126734,0,94.83231502527171,-0.032323316068656016,2.9993181205603796,0.05000000000000001,0.9997727068534599,0.1271096358290641,0.9984243697478992,0.06202520496097702,0.10316062591948941
E3_dvl_long,dead_reckoning,20001003,0,0,,0,False,False,True,8,8,8,1.0,190.09999999999349,0.11459304798140173,0.3714749779343234,0,94.65149100944161,-0.03416845908733046,2.999295437729829,0.05,0.9997651459099429,0.48855984039338446,0.0005260389268805891,0.24248053014891865,0.4301637716802029
E3_dvl_long,fixed,20001003,0,1,,0,False,False,True,8,8,8,1.0,378.80000000001763,0.09641631287585885,0.2611262453404093,0,95.22849498927005,-0.0282806633747954,1.0190451247979473,0.14997360084477293,0.33968170826598243,0.016951151911229714,1.0,0.024696523918477757,0.030991360285515628
E3_dvl_long,oracle,20001003,0,0,,0,False,False,True,8,8,8,1.0,190.19999999999348,0.055866484871004804,0.20295365107853947,0,94.76407750940191,-0.03301961725100089,3.0001415420118636,0.14994742376445844,1.0000471806706213,0.07425100781028829,0.9989484752891693,0.05426952526082699,0.07432046953753368
E3_dvl_long,proposed,20001003,3,0,0.5000000000003055,2,False,False,True,8,8,8,1.0,190.29999999999347,0.06863044755139852,0.19895424309170018,0,94.81061875948359,-0.03254470653588171,2.999409536288944,0.05,0.9998031787629813,0.11690140648429045,0.9138202837624803,0.058026789201423463,0.08899931401701382
E3_dvl_long,residual_only,20001003,0,0,,0,False,False,True,8,8,8,1.0,190.29999999999347,0.06863044755139852,0.19895424309170018,0,94.81061875948359,-0.03254470653588171,2.999409536288944,0.05,0.9998031787629813,0.11690140648429045,0.9138202837624803,0.058026789201423463,0.08899931401701382
E3_dvl_long,ablation_a1,20001004,3,0,0.5000000000003055,2,False,False,True,8,8,8,1.0,191.09999999999343,0.07804299799067049,0.19938523697983968,0,94.9199860500967,-0.0314287137745235,2.9997552965044347,0.05,0.9999184321681449,0.15862679580028116,0.8838304552590267,0.06704172142932732,0.11638238439728386
E3_dvl_long,ablation_a2,20001004,3,0,0.5000000000003055,2,False,False,True,8,8,8,1.0,191.09999999999343,0.07804299799067049,0.19938523697983968,0,94.9199860500967,-0.0314287137745235,2.9997552965044347,0.05,0.9999184321681449,0.15862679580028116,0.8838304552590267,0.06704172142932732,0.11638238439728386
E3_dvl_long,covariance_only,20001004,0,0,,0,False,False,True,8,8,8,1.0,191.19999999999342,0.069656105887171,0.19618223999833972,0,94.89321873234336,-0.0317018496699657,2.9998077270170476,0.05000000000000001,0.9999359090056825,0.15304044550333318,0.9994769874476988,0.07249538600059911,0.13514536396931817
E3_dvl_long,dead_reckoning,20001004,0,0,,0,False,False,True,8,8,8,1.0,190.39999999999347,0.20406813520597564,0.5214436467832062,0,94.50698049588357,-0.0356430561644534,3.000013162183589,0.05000000000000001,1.0000043873945297,0.09086773948921825,0.0005252100840336134,0.21121264555494862,0.3181860069122095
E3_dvl_long,fixed,20001004,0,1,,0,False,False,True,8,8,8,1.0,378.00000000001745,0.09103236084827,0.2577088639857532,0,95.29730687246246,-0.02757850130140349,1.0177804274064617,0.14997354497354493,0.3392601424688206,0.019351815026804532,1.0,0.026301975345184782,0.03186432958717934
E3_dvl_long,oracle,20001004,0,1,,0,False,False,True,8,8,8,1.0,190.59999999999346,0.06429997894265932,0.1816577181892498,0,94.9026850408297,-0.03160525468541131,3.0006833218372058,0.14994753410283312,1.0002277739457353,0.1398195866420048,0.7607555089192025,0.0733147249921149,0.12323385498786256
E3_dvl_long,proposed,20001004,3,0,0.5000000000003055,2,False,False,True,8,8,8,1.0,191.09999999999343,0.07804299799067049,0.19938523697983968,0,94.9199860500967,-0.0314287137745235,2.9997552965044347,0.05,0.9999184321681449,0.15862679580028116,0.8838304552590267,0.06704172142932732,0.11638238439728386
E3_dvl_long,residual_only,20001004,0,0,,0,False,False,True,8,8,8,1.0,191.09999999999343,0.07804299799067049,0.19938523697983968,0,94.9199860500967,-0.0314287137745235,2.9997552965044347,0.05,0.9999184321681449,0.15862679580028116,0.8838304552590267,0.06704172142932732,0.11638238439728386
E3_dvl_long,ablation_a1,20001005,3,0,0.5000000000003055,2,False,False,True,8,8,8,1.0,190.19999999999348,0.07687552924996535,0.23038646485834136,0,94.67745027772763,-0.033903568594616074,2.9998209929113484,0.05,0.9999403309704494,0.01634577325275068,0.9663512092534174,0.045922044953917045,0.0681193900328109
E3_dvl_long,ablation_a2,20001005,3,0,0.5000000000003055,2,False,False,True,8,8,8,1.0,190.19999999999348,0.07687552924996535,0.23038646485834136,0,94.67745027772763,-0.033903568594616074,2.9998209929113484,0.05,0.9999403309704494,0.01634577325275068,0.9663512092534174,0.045922044953917045,0.0681193900328109
E3_dvl_long,covariance_only,20001005,0,0,,0,False,False,True,8,8,8,1.0,190.09999999999349,0.08102208997377132,0.2242002712823954,0,94.58307551502367,-0.0348665763773095,2.9999879147523036,0.05,0.9999959715841013,0.04638887676890125,0.9989479221462388,0.05042521553451254,0.08208370915582892
E3_dvl_long,dead_reckoning,20001005,0,0,,0,False,False,True,8,8,8,1.0,189.29999999999353,0.14382850139441442,0.4144593459694317,0,94.11079619706483,-0.03968575309117517,2.999900229319973,0.05,0.9999667431066577,0.26592192105671675,0.0005282620179609086,0.20456299045402052,0.3203492368590195
E3_dvl_long,fixed,20001005,0,1,,0,False,False,True,8,8,8,1.0,377.60000000001736,0.08834293660104435,0.2661553609920162,0,95.28705760235607,-0.027683085690244136,1.0202983738680151,0.1499735169491525,0.34009945795600505,0.015349759893759685,1.0,0.023445371636390287,0.031667720320882276
E3_dvl_long,oracle,20001005,0,1,,0,False,False,True,8,8,8,1.0,190.09999999999349,0.05220101052749609,0.1865576441607324,0,95.27359545421069,-0.0278204545488705,1.039569737762396,0.4497895844292479,0.3465232459207987,0.02349099316779133,1.0,0.04774066920342367,0.0568497745024786
E3_dvl_long,proposed,20001005,3,0,0.5000000000003055,2,False,False,True,8,8,8,1.0,190.19999999999348,0.07687552924996535,0.23038646485834136,0,94.67745027772763,-0.033903568594616074,2.9998209929113484,0.05,0.9999403309704494,0.01634577325275068,0.9663512092534174,0.045922044953917045,0.0681193900328109
E3_dvl_long,residual_only,20001005,0,0,,0,False,False,True,8,8,8,1.0,190.19999999999348,0.07687552924996535,0.23038646485834136,0,94.67745027772763,-0.033903568594616074,2.9998209929113484,0.05,0.9999403309704494,0.01634577325275068,0.9663512092534174,0.045922044953917045,0.0681193900328109
E3_dvl_long,ablation_a1,20001006,3,0,0.5000000000003055,2,False,False,True,8,8,8,1.0,191.09999999999343,0.07333421717933625,0.1973352287333836,0,94.85783026378925,-0.03206295649194635,2.999647711161153,0.05,0.999882570387051,0.09814651366262213,0.9408686551543695,0.0733704952856906,0.10991804871094778
E3_dvl_long,ablation_a2,20001006,3,0,0.5000000000003055,2,False,False,True,8,8,8,1.0,191.09999999999343,0.07333421717933625,0.1973352287333836,0,94.85783026378925,-0.03206295649194635,2.999647711161153,0.05,0.999882570387051,0.09814651366262213,0.9408686551543695,0.0733704952856906,0.10991804871094778
E3_dvl_long,covariance_only,20001006,0,0,,0,False,False,True,8,8,8,1.0,190.79999999999345,0.08262427338219465,0.24830668772634645,0,94.80766270708298,-0.03257487033588791,2.9995701412836966,0.05,0.9998567137612322,0.1362008215656189,1.0,0.09229400974294713,0.1452474323811821
E3_dvl_long,dead_reckoning,20001006,0,0,,0,False,False,True,8,8,8,1.0,192.29999999999336,0.22368003983353946,0.3618704477322705,0,95.66261556577197,-0.023850861573755378,2.999615796841373,0.05,0.9998719322804576,0.3163674800692149,0.0005200208008320333,0.3412265812615812,0.5741352146157646
E3_dvl_long,fixed,20001006,0,1,,0,False,False,True,8,8,8,1.0,381.50000000001825,0.08393969690458519,0.2629056180580598,0,95.38408258547925,-0.026693034842048435,1.018763813318192,0.14997378768020966,0.33958793777273066,0.02028760780470073,1.0,0.027970565359086378,0.03243361380314261
E3_dvl_long,oracle,20001006,0,1,,0,False,False,True,8,8,8,1.0,191.09999999999343,0.0637684981459185,0.1953245786601583,0,95.20618107152792,-0.02850835641298044,1.0390832759951152,0.44979068550497137,0.34636109199837173,0.04364191433902208,0.9832548403976975,0.05397170544819031,0.06529566562212377
E3_dvl_long,proposed,20001006,3,0,0.5000000000003055,2,False,False,True,8,8,8,1.0,191.09999999999343,0.07333421717933625,0.1973352287333836,0,94.85783026378925,-0.03206295649194635,2.999647711161153,0.05,0.999882570387051,0.09814651366262213,0.9408686551543695,0.0733704952856906,0.10991804871094778
E3_dvl_long,residual_only,20001006,0,0,,0,False,False,True,8,8,8,1.0,191.09999999999343,0.07333421717933625,0.1973352287333836,0,94.85783026378925,-0.03206295649194635,2.999647711161153,0.05,0.999882570387051,0.09814651366262213,0.9408686551543695,0.0733704952856906,0.10991804871094778
E3_dvl_long,ablation_a1,20001007,3,0,0.5000000000003055,2,False,False,True,8,8,8,1.0,190.59999999999346,0.06508738515037349,0.1926628357303528,0,94.8344094656929,-0.03230194422762345,3.0011852177736253,0.05,1.0003950725912085,0.06958132931590917,0.9695697796432319,0.0565882181719701,0.07229154675189986
E3_dvl_long,ablation_a2,20001007,3,0,0.5000000000003055,2,False,False,True,8,8,8,1.0,190.59999999999346,0.06508738515037349,0.1926628357303528,0,94.8344094656929,-0.03230194422762345,3.0011852177736253,0.05,1.0003950725912085,0.06958132931590917,0.9695697796432319,0.0565882181719701,0.07229154675189986
E3_dvl_long,covariance_only,20001007,0,0,,0,False,False,True,8,8,8,1.0,190.59999999999346,0.06622347392809859,0.20169022996083052,0,94.83631420442133,-0.0322825081181497,3.001276711535628,0.05,1.000425570511876,0.09871923224032098,0.9994753410283316,0.06430108310740618,0.09596906223857754
E3_dvl_long,dead_reckoning,20001007,0,0,,0,False,False,True,8,8,8,1.0,191.09999999999343,0.20758253026775408,0.35935274393719707,0,95.01811342640143,-0.030427414016311993,3.001274194032126,0.05,1.000424731344042,0.1373297705571512,0.0005232862375719519,0.19224445465260773,0.34677200300021216
E3_dvl_long,fixed,20001007,0,1,,0,False,False,True,8,8,8,1.0,379.1000000000177,0.09552102235787671,0.24633225702963024,0,95.28239469949297,-0.0277306663317044,1.020512415318902,0.14997362173568976,0.34017080510630066,0.016448444583905042,1.0,0.026267797694906937,0.030532471927207337
E3_dvl_long,oracle,20001007,0,1,,0,False,False,True,8,8,8,1.0,190.79999999999345,0.05684253179110176,0.25110303447852544,0,94.72487895231157,-0.03341960252743292,2.9991582697849877,0.4497903563941301,0.9997194232616625,0.10778017237753326,0.7688679245283019,0.06824833352813754,0.1040494684116839
E3_dvl_long,proposed,20001007,3,0,0.5000000000003055,2,False,False,True,8,8,8,1.0,190.59999999999346,0.06508738515037349,0.1926628357303528,0,94.8344094656929,-0.03230194422762345,3.0011852177736253,0.05,1.0003950725912085,0.06958132931590917,0.9695697796432319,0.0565882181719701,0.07229154675189986
E3_dvl_long,residual_only,20001007,0,0,,0,False,False,True,8,8,8,1.0,190.59999999999346,0.06508738515037349,0.1926628357303528,0,94.8344094656929,-0.03230194422762345,3.0011852177736253,0.05,1.0003950725912085,0.06958132931590917,0.9695697796432319,0.0565882181719701,0.07229154675189986
E3_dvl_long,ablation_a1,20001008,3,0,0.5000000000003055,2,False,False,True,8,8,8,1.0,190.19999999999348,0.07289722531491073,0.20020941622474275,0,94.95834042394877,-0.031037342612767693,3.001008227958025,0.05,1.0003360759860083,0.2602080828246632,0.7891692954784437,0.09313167604344977,0.1968607477159912
E3_dvl_long,ablation_a2,20001008,3,0,0.5000000000003055,2,False,False,True,8,8,8,1.0,190.19999999999348,0.07289722531491073,0.20020941622474275,0,94.95834042394877,-0.031037342612767693,3.001008227958025,0.05,1.0003360759860083,0.2602080828246632,0.7891692954784437,0.09313167604344977,0.1968607477159912
E3_dvl_long,covariance_only,20001008,0,0,,0,False,False,True,8,8,8,1.0,190.49999999999346,0.0720190879413051,0.21677435583942906,0,94.84680217224474,-0.032175488038319044,3.000993124916682,0.05000000000000001,1.000331041638894,0.21605721468301925,1.0,0.08896539299398042,0.17844411124415877
E3_dvl_long,dead_reckoning,20001008,0,0,,0,False,False,True,8,8,8,1.0,189.9999999999935,0.2788655342161682,0.5513175528651235,0,94.48185315192207,-0.03589945763344826,3.001059125921105,0.05,1.0003530419737017,0.5957589196167947,0.0005263157894736842,0.3874216913240562,0.5716186241173058
E3_dvl_long,fixed,20001008,0,1,,0,False,False,True,8,8,8,1.0,377.3000000000173,0.10833386238854821,0.2896748946545298,0,95.17050560734815,-0.028872391761753602,1.0200542134146195,0.1499734958918632,0.34001807113820653,0.016668953252441443,1.0,0.0259178716126921,0.031183077181006963
E3_dvl_long,oracle,20001008,0,0,,0,False,False,True,8,8,8,1.0,190.29999999999347,0.06571037194796747,0.19790925103382762,0,95.06424819450052,-0.029956651076525342,2.013011865261957,0.05,0.6710039550873189,0.12542653311551552,1.0,0.06085180628880709,0.10125882278977698
E3_dvl_long,proposed,20001008,3,0,0.5000000000003055,2,False,False,True,8,8,8,1.0,190.19999999999348,0.07289722531491073,0.20020941622474275,0,94.95834042394877,-0.031037342612767693,3.001008227958025,0.05,1.0003360759860083,0.2602080828246632,0.7891692954784437,0.09313167604344977,0.1968607477159912
E3_dvl_long,residual_only,20001008,0,0,,0,False,False,True,8,8,8,1.0,190.19999999999348,0.07289722531491073,0.20020941622474275,0,94.95834042394877,-0.031037342612767693,3.001008227958025,0.05,1.0003360759860083,0.2602080828246632,0.7891692954784437,0.09313167604344977,0.1968607477159912
E3_dvl_long,ablation_a1,20001009,3,0,0.5000000000003055,2,False,False,True,8,8,8,1.0,190.69999999999345,0.06499422667157101,0.20015312889474046,0,94.74089099416234,-0.03325621434528225,2.9988290334655203,0.05000000000000001,0.9996096778218401,0.026240361948442554,0.9795490298898794,0.05447384331807674,0.07454625375208197
E3_dvl_long,ablation_a2,20001009,3,0,0.5000000000003055,2,False,False,True,8,8,8,1.0,190.69999999999345,0.06499422667157101,0.20015312889474046,0,94.74089099416234,-0.03325621434528225,2.9988290334655203,0.05000000000000001,0.9996096778218401,0.026240361948442554,0.9795490298898794,0.05447384331807674,0.07454625375208197
E3_dvl_long,covariance_only,20001009,0,0,,0,False,False,True,8,8,8,1.0,190.59999999999346,0.07043090395423779,0.19694375429791222,0,94.65247108138205,-0.03415845835324438,2.998766241901357,0.05,0.9995887473004523,0.03722114453843473,0.9989506820566632,0.05922523528225193,0.08407199225216228
E3_dvl_long,dead_reckoning,20001009,0,0,,0,False,False,True,8,8,8,1.0,191.5999999999934,0.11233440788550661,0.1983839750807257,0,95.24448962540492,-0.028117452801990517,2.9987596054933077,0.05,0.9995865351644359,0.21469138503600138,0.0005219206680584551,0.20433397603579442,0.3055806597368148
E3_dvl_long,fixed,20001009,0,1,,0,False,False,True,8,8,8,1.0,378.50000000001756,0.09631542205524214,0.2503767497356679,0,95.32953326147249,-0.02724966059721945,1.0194551855063225,0.14997357992073973,0.33981839516877416,0.01484392375877159,1.0,0.025310353887728884,0.031174064220929075
E3_dvl_long,oracle,20001009,0,1,,0,False,False,True,8,8,8,1.0,190.49999999999346,0.05570600576655636,0.18125918056273882,0,95.22495276513892,-0.028316808518990544,1.0363946987214103,0.05000000000000001,0.34546489957380344,0.033021551419844745,0.9900262467191601,0.050436561225154795,0.06028256679696573
E3_dvl_long,proposed,20001009,3,0,0.5000000000003055,2,False,False,True,8,8,8,1.0,190.69999999999345,0.06499422667157101,0.20015312889474046,0,94.74089099416234,-0.03325621434528225,2.9988290334655203,0.05000000000000001,0.9996096778218401,0.026240361948442554,0.9795490298898794,0.05447384331807674,0.07454625375208197
E3_dvl_long,residual_only,20001009,0,0,,0,False,False,True,8,8,8,1.0,190.69999999999345,0.06499422667157101,0.20015312889474046,0,94.74089099416234,-0.03325621434528225,2.9988290334655203,0.05000000000000001,0.9996096778218401,0.026240361948442554,0.9795490298898794,0.05447384331807674,0.07454625375208197
E4_optical_graded,ablation_a1,20001000,3,0,,3,False,False,True,8,8,8,1.0,191.89999999999338,0.07508459606006909,0.3908552232369349,0,95.37776165559978,-0.02675753412653281,3.000230494233998,0.05000000000000001,1.0000768314113326,0.4298035929875415,0.19906201146430433,0.2738886853724398,0.43627428833548576
E4_optical_graded,ablation_a2,20001000,3,0,,3,False,False,True,8,8,8,1.0,191.89999999999338,0.07508459606006909,0.3908552232369349,0,95.37776165559978,-0.02675753412653281,3.000230494233998,0.05000000000000001,1.0000768314113326,0.4298035929875415,0.19906201146430433,0.2738886853724398,0.43627428833548576
E4_optical_graded,covariance_only,20001000,0,0,,0,False,False,True,8,8,8,1.0,191.99999999999338,0.11439579538525173,0.36900848197349667,0,95.4319908922366,-0.02620417456901425,3.0002580012410984,0.05000000000000001,1.0000860004136995,0.3984806234533417,0.22552083333333334,0.2915377289329108,0.45881910867018405
E4_optical_graded,dead_reckoning,20001000,0,0,,0,False,False,True,8,8,8,1.0,192.09999999999337,0.18096493470918312,0.3096719784252038,0,95.48370451113678,-0.02567648458023697,3.0002590234109316,0.05,1.0000863411369771,0.3454070158463469,0.0005205622071837585,0.3183950815740556,0.4880275003108541
E4_optical_graded,fixed,20001000,0,1,,0,False,False,True,8,8,8,1.0,379.6000000000178,0.09450188020357032,0.2706892456735517,0,95.37024672175951,-0.02683421712490297,1.017674208440215,0.14997365648050578,0.33922473614673837,0.04658364621519734,1.0,0.047598499599412356,0.06166772518313669
E4_optical_graded,oracle,20001000,0,1,,0,False,False,True,8,8,8,1.0,380.300000000018,0.06720141180861655,0.43695363585042024,0,94.92132616918009,-0.0314150390899991,2.9999900636050554,0.1499737049697607,0.9999966878683518,0.3626414856359086,0.15777018143570865,0.23101315620704693,0.35955115694590833
E4_optical_graded,proposed,20001000,3,0,,3,False,False,True,8,8,8,1.0,191.89999999999338,0.07508459606006909,0.3908552232369349,0,95.37776165559978,-0.02675753412653281,3.000230494233998,0.05000000000000001,1.0000768314113326,0.4298035929875415,0.19906201146430433,0.2738886853724398,0.43627428833548576
E4_optical_graded,residual_only,20001000,0,64,,0,False,False,True,8,8,8,1.0,191.6999999999934,0.08103103654376792,0.36554554897776725,0,95.22990296067141,-0.028266296319679474,2.998694531905367,0.05,0.9995648439684556,0.4366860751113389,0.30568596765779865,0.25682547761351754,0.41676005924300463
E4_optical_graded,ablation_a1,20001001,5,0,,5,False,False,True,8,8,8,1.0,191.3999999999934,0.07152231763085062,0.33165331159573164,0,95.12079980100324,-0.029379593867313814,2.9988740094017223,0.05000000000000001,0.9996246698005741,0.33490469756708013,0.2168234064785789,0.20795677659207978,0.33419191619597255
E4_optical_graded,ablation_a2,20001001,5,0,,5,False,False,True,8,8,8,1.0,191.3999999999934,0.07152231763085062,0.33165331159573164,0,95.12079980100324,-0.029379593867313814,2.9988740094017223,0.05000000000000001,0.9996246698005741,0.33490469756708013,0.2168234064785789,0.20795677659207978,0.33419191619597255
E4_optical_graded,covariance_only,20001001,0,0,,0,False,False,True,8,8,8,1.0,191.4999999999934,0.07876464982075292,0.30908895453555907,0,95.17384238965774,-0.028838342962676178,2.9988477294833884,0.05000000000000001,0.9996159098277961,0.29898332941130895,0.2245430809399478,0.21375894392982164,0.3321554528195138
E4_optical_graded,dead_reckoning,20001001,0,0,,0,False,False,True,8,8,8,1.0,191.5999999999934,0.1272934501791638,0.18106338445892334,0,95.22595668544284,-0.02830656443425672,2.998849013216498,0.05,0.9996163377388326,0.22951604654045202,0.0005219206680584551,0.22938734344978007,0.3478560100347923
E4_optical_graded,fixed,20001001,0,1,,0,False,False,True,8,8,8,1.0,378.3000000000175,0.09165953524937871,0.26258696126727976,0,95.26367661109704,-0.027921667233703706,1.0182021219054962,0.14997356595294736,0.3394007073018321,0.03115203368115106,1.0,0.03737513785737393,0.049994065094913984
E4_optical_graded,oracle,20001001,0,1,,0,False,False,True,8,8,8,1.0,191.4999999999934,0.04668353991329425,0.20442556050373462,0,95.60477322001711,-0.024441089591662135,1.0366454501709466,0.14994778067885117,0.3455484833903155,0.09231644973588342,0.3127937336814621,0.1348927350059946,0.23144657274495437
E4_optical_graded,proposed,20001001,5,0,,5,False,False,True,8,8,8,1.0,191.3999999999934,0.07152231763085062,0.33165331159573164,0,95.12079980100324,-0.029379593867313814,2.9988740094017223,0.05000000000000001,0.9996246698005741,0.33490469756708013,0.2168234064785789,0.20795677659207978,0.33419191619597255
E4_optical_graded,residual_only,20001001,0,63,,0,False,False,True,8,8,8,1.0,191.09999999999343,0.0902088975258131,0.34669946809861507,0,94.96098356348034,-0.031010371801221015,2.998083412242062,0.05,0.9993611374140207,0.31733657075401817,0.33124018838304553,0.19360939370518057,0.31616714577612576
E4_optical_graded,ablation_a1,20001002,3,0,,3,False,False,True,8,8,8,1.0,190.89999999999344,0.0594412112876786,0.20642506764437618,0,94.9355467973629,-0.031269930639154064,2.9975656764107264,0.05000000000000001,0.9991885588035755,0.15486639785294173,0.21843897328444212,0.11303364443455587,0.1776608902412982
E4_optical_graded,ablation_a2,20001002,3,0,,3,False,False,True,8,8,8,1.0,190.89999999999344,0.0594412112876786,0.20642506764437618,0,94.9355467973629,-0.031269930639154064,2.9975656764107264,0.05000000000000001,0.9991885588035755,0.15486639785294173,0.21843897328444212,0.11303364443455587,0.1776608902412982
E4_optical_graded,covariance_only,20001002,0,0,,0,False,False,True,8,8,8,1.0,190.89999999999344,0.04906606691620293,0.25327434191665077,0,94.93633214751219,-0.03126191686212054,2.997585837252294,0.05000000000000001,0.999195279084098,0.1391039578675737,0.22420115243583028,0.11635908306067916,0.17427138160867084
E4_optical_graded,dead_reckoning,20001002,0,0,,0,False,False,True,8,8,8,1.0,190.89999999999344,0.08562765606563222,0.23037559861082713,0,94.93680173186696,-0.03125712518503099,2.997586104972281,0.05000000000000001,0.9991953683240937,0.13372098584935885,0.0005238344683080147,0.1641343367702685,0.23809281920930897
E4_optical_graded,fixed,20001002,0,1,,0,False,False,True,8,8,8,1.0,378.7000000000176,0.09392088843817874,0.24879049489684846,0,95.33285826681508,-0.027215731971274693,1.0193511643504094,0.14997359387377868,0.33978372145013647,0.021159080270749104,1.0,0.02886099980968732,0.040501808456034405
E4_optical_graded,oracle,20001002,0,1,,0,False,False,True,8,8,8,1.0,190.89999999999344,0.047928690606437105,0.27535707246539154,0,94.82601359336437,-0.03238761639424115,2.997933807556029,0.14994761655316916,0.999311269185343,0.1753669078173017,0.10529072812991094,0.12958040219667988,0.202118271856002
E4_optical_graded,proposed,20001002,3,0,,3,False,False,True,8,8,8,1.0,190.89999999999344,0.0594412112876786,0.20642506764437618,0,94.9355467973629,-0.031269930639154064,2.9975656764107264,0.05000000000000001,0.9991885588035755,0.15486639785294173,0.21843897328444212,0.11303364443455587,0.1776608902412982
E4_optical_graded,residual_only,20001002,0,64,,0,False,False,True,8,8,8,1.0,190.69999999999345,0.07605330537730132,0.25009824422554017,0,94.77284240945549,-0.03293017949535215,2.9984218100328195,0.05000000000000001,0.9994739366776065,0.163332938574591,0.3418982695332984,0.11011325409369808,0.17737426406124698
E4_optical_graded,ablation_a1,20001003,3,0,,3,False,False,True,8,8,8,1.0,189.6999999999935,0.12501029766662172,0.33063034888124143,0,94.41942063946104,-0.03653652408713226,3.0000109793457863,0.05,1.0000036597819288,0.1607322736520918,0.2140221402214022,0.13372464596413744,0.20289014444474718
E4_optical_graded,ablation_a2,20001003,3,0,,3,False,False,True,8,8,8,1.0,189.6999999999935,0.12501029766662172,0.33063034888124143,0,94.41942063946104,-0.03653652408713226,3.0000109793457863,0.05,1.0000036597819288,0.1607322736520918,0.2140221402214022,0.13372464596413744,0.20289014444474718
E4_optical_graded,covariance_only,20001003,0,0,,0,False,False,True,8,8,8,1.0,189.7999999999935,0.16462187027251193,0.38614384192858076,0,94.45865257645701,-0.03613619819941827,2.999974539612896,0.05,0.9999915132042987,0.14525519113204016,0.22813487881981032,0.1502182999646795,0.22572190843908607
E4_optical_graded,dead_reckoning,20001003,0,0,,0,False,False,True,8,8,8,1.0,189.7999999999935,0.19198117293812014,0.4200598099205983,0,94.45841895500904,-0.036138582091744476,2.999974036656676,0.05,0.9999913455522252,0.18666765001632044,0.0005268703898840885,0.18605759117764417,0.27464334376754734
E4_optical_graded,fixed,20001003,0,1,,0,False,False,True,8,8,8,1.0,378.80000000001763,0.08980238333796803,0.2966608142080922,0,95.16090508423649,-0.028970356283301135,1.0185393862774788,0.14997360084477293,0.33951312875915957,0.029878264116739887,1.0,0.030706840018078285,0.04084664629191926
E4_optical_graded,oracle,20001003,0,1,,0,False,False,True,8,8,8,1.0,189.7999999999935,0.06269493992348266,0.31113994928557176,0,94.75442123599628,-0.0331181506530992,2.0120843781903583,0.05,0.6706947927301194,0.1475926703864561,0.7766069546891464,0.12986759616283855,0.27952387711645416
E4_optical_graded,proposed,20001003,3,0,,3,False,False,True,8,8,8,1.0,189.6999999999935,0.12501029766662172,0.33063034888124143,0,94.41942063946104,-0.03653652408713226,3.0000109793457863,0.05,1.0000036597819288,0.1607322736520918,0.2140221402214022,0.13372464596413744,0.20289014444474718
E4_optical_graded,residual_only,20001003,0,63,,0,False,False,True,8,8,8,1.0,190.19999999999348,0.11020379215833892,0.31932228448175515,0,94.47590264364563,-0.03596017710565691,3.0007269053356613,0.05,1.0002423017785538,0.18223132300486655,0.3186119873817035,0.13870882188052658,0.22866601954286667
E4_optical_graded,ablation_a1,20001004,3,0,,3,False,False,True,8,8,8,1.0,190.39999999999347,0.13724690283552302,0.34948830508609774,0,94.61018054316693,-0.03458999445748023,2.998293822722342,0.05000000000000001,0.9994312742407807,0.1905186627700498,0.21271008403361344,0.1552842144812296,0.23191098095449225
E4_optical_graded,ablation_a2,20001004,3,0,,3,False,False,True,8,8,8,1.0,190.39999999999347,0.13724690283552302,0.34948830508609774,0,94.61018054316693,-0.03458999445748023,2.998293822722342,0.05000000000000001,0.9994312742407807,0.1905186627700498,0.21271008403361344,0.1552842144812296,0.23191098095449225
E4_optical_graded,covariance_only,20001004,0,0,,0,False,False,True,8,8,8,1.0,190.29999999999347,0.1915833714724115,0.4179331520720311,0,94.55896917577628,-0.03511255943085423,2.998292775245844,0.05,0.9994309250819481,0.17785855188747662,0.22700998423541777,0.1789601833355123,0.26776519432857043
E4_optical_graded,dead_reckoning,20001004,0,0,,0,False,False,True,8,8,8,1.0,190.19999999999348,0.26158076866923574,0.5025295758262409,0,94.5084533835118,-0.03562802669885912,2.998294049973922,0.05,0.9994313499913073,0.18228346653039326,0.0005257623554153522,0.22859814346037152,0.3334626832270264
E4_optical_graded,fixed,20001004,0,1,,0,False,False,True,8,8,8,1.0,378.7000000000176,0.10325723910330302,0.2782823187816934,0,95.20603706216889,-0.028509825896235852,1.019194968985924,0.14997359387377868,0.3397316563286414,0.025877088211655807,1.0,0.03479488668542203,0.04664251126439181
E4_optical_graded,oracle,20001004,0,0,,0,False,False,True,8,8,8,1.0,190.29999999999347,0.06340695056822325,0.24211159804531768,0,95.10429054233403,-0.029548055690469144,1.0369579263084991,0.14994745139253804,0.34565264210283303,0.1401424872649277,0.6022070415133999,0.09562705747880768,0.19626181597147271
E4_optical_graded,proposed,20001004,3,0,,3,False,False,True,8,8,8,1.0,190.39999999999347,0.13724690283552302,0.34948830508609774,0,94.61018054316693,-0.03458999445748023,2.998293822722342,0.05000000000000001,0.9994312742407807,0.1905186627700498,0.21271008403361344,0.1552842144812296,0.23191098095449225
E4_optical_graded,residual_only,20001004,0,62,,0,False,False,True,8,8,8,1.0,190.39999999999347,0.10827255133156591,0.29619385069232296,0,94.59828796832394,-0.034711347262000536,2.9970717665216635,0.05000000000000001,0.9990239221738878,0.20197343517448899,0.3272058823529412,0.1473463192906278,0.2396957546623761
E4_optical_graded,ablation_a1,20001005,3,0,,3,False,False,True,8,8,8,1.0,189.19999999999354,0.11543734976389405,0.2769737599164137,0,94.35631424181682,-0.03718046692023658,2.9998579334668722,0.05,0.9999526444889574,0.1305207463622096,0.21723044397463,0.11680685734810878,0.19671271968088624
E4_optical_graded,ablation_a2,20001005,3,0,,3,False,False,True,8,8,8,1.0,189.19999999999354,0.11543734976389405,0.2769737599164137,0,94.35631424181682,-0.03718046692023658,2.9998579334668722,0.05,0.9999526444889574,0.1305207463622096,0.21723044397463,0.11680685734810878,0.19671271968088624
E4_optical_graded,covariance_only,20001005,0,0,,0,False,False,True,8,8,8,1.0,189.19999999999354,0.10500108884781313,0.31091036754610357,0,94.3535644082165,-0.03720852644677042,2.9998725346140467,0.05,0.9999575115380156,0.12482470992110664,0.22463002114164904,0.12482060405135169,0.20757205432135492
E4_optical_graded,dead_reckoning,20001005,0,0,,0,False,False,True,8,8,8,1.0,189.09999999999354,0.07959640704440953,0.37827561542972354,0,94.30304296380791,-0.03772405138971524,2.9998719900499555,0.05,0.9999573300166519,0.14490741819642428,0.0005288207297726071,0.15550723922124468,0.24563957311283635
E4_optical_graded,fixed,20001005,0,1,,0,False,False,True,8,8,8,1.0,378.40000000001754,0.07774540199523318,0.24575138090730952,0,95.22341644320306,-0.028332485273438124,1.019806982728764,0.14997357293868915,0.339935660909588,0.009040723059646837,1.0,0.018642955026329965,0.03437671488484331
E4_optical_graded,oracle,20001005,0,1,,0,False,False,True,8,8,8,1.0,190.09999999999349,0.07316016826543342,0.222383204190578,0,95.06300819980467,-0.02996930408362586,1.0397376787633428,0.4497895844292479,0.3465792262544476,0.007955600662346187,1.0,0.04501619586547694,0.0781461471880335
E4_optical_graded,proposed,20001005,3,0,,3,False,False,True,8,8,8,1.0,189.19999999999354,0.11543734976389405,0.2769737599164137,0,94.35631424181682,-0.03718046692023658,2.9998579334668722,0.05,0.9999526444889574,0.1305207463622096,0.21723044397463,0.11680685734810878,0.19671271968088624
E4_optical_graded,residual_only,20001005,0,63,,0,False,False,True,8,8,8,1.0,189.39999999999353,0.12054110107323843,0.2880550548890817,0,94.43202549362563,-0.03640790312626907,2.999359025074747,0.05,0.9997863416915823,0.134741243325491,0.3447729672650475,0.10751741119990989,0.17906403508621352
E4_optical_graded,ablation_a1,20001006,3,0,,3,False,False,True,8,8,8,1.0,191.4999999999934,0.04784172137761223,0.2655359813162548,0,95.24611847063919,-0.028100831932253212,3.0012080882547467,0.05000000000000001,1.0004026960849155,0.258087780726756,0.21462140992167103,0.1631812144181805,0.2587882853095639
E4_optical_graded,ablation_a2,20001006,3,0,,3,False,False,True,8,8,8,1.0,191.4999999999934,0.04784172137761223,0.2655359813162548,0,95.24611847063919,-0.028100831932253212,3.0012080882547467,0.05000000000000001,1.0004026960849155,0.258087780726756,0.21462140992167103,0.1631812144181805,0.2587882853095639
E4_optical_graded,covariance_only,20001006,0,0,,0,False,False,True,8,8,8,1.0,191.5999999999934,0.0693763467605636,0.23641250967928862,0,95.30932027331082,-0.027455915578461054,3.0011648583313426,0.05,1.0003882861104476,0.23611383101273253,0.22233820459290188,0.17135115886598162,0.2576597509964692
E4_optical_graded,dead_reckoning,20001006,0,0,,0,False,False,True,8,8,8,1.0,191.6999999999934,0.15329959531477935,0.21315366904413846,0,95.35998527327179,-0.02693892578294088,3.0011640227951557,0.05,1.0003880075983853,0.22698893207982573,0.0005216484089723526,0.23555009937607124,0.3463843824503157
E4_optical_graded,fixed,20001006,0,1,,0,False,False,True,8,8,8,1.0,380.1000000000179,0.09189200360226424,0.27900128151017256,0,95.38051175461925,-0.026729471891640322,1.0184961706178102,0.1499736911339121,0.3394987235392701,0.031296017329760284,1.0,0.03714058118575383,0.044828298825038755
E4_optical_graded,oracle,20001006,0,1,,0,False,False,True,8,8,8,1.0,191.7999999999934,0.04023148637370063,0.15479464508599117,0,95.38905363005668,-0.02664230989738081,2.9969369807951898,0.4497914494264861,0.9989789935983966,0.19248784120194842,0.1319082377476538,0.15005924635393042,0.21643465794426386
E4_optical_graded,proposed,20001006,3,0,,3,False,False,True,8,8,8,1.0,191.4999999999934,0.04784172137761223,0.2655359813162548,0,95.24611847063919,-0.028100831932253212,3.0012080882547467,0.05000000000000001,1.0004026960849155,0.258087780726756,0.21462140992167103,0.1631812144181805,0.2587882853095639
E4_optical_graded,residual_only,20001006,0,63,,0,False,False,True,8,8,8,1.0,191.5999999999934,0.061527532601895675,0.2556886206188995,0,95.25905411123023,-0.027968835599691544,3.000044684131073,0.05,1.0000148947103578,0.273675053770208,0.33507306889352817,0.15933310102678203,0.26882157334447165
E4_optical_graded,ablation_a1,20001007,3,0,,3,False,False,True,8,8,8,1.0,190.69999999999345,0.0885020115853314,0.27027432291426656,0,94.87218692046694,-0.03191645999523529,2.9983675180514937,0.05000000000000001,0.9994558393504979,0.11036541647128278,0.21814368117461982,0.10146966173012613,0.1651606820140698
E4_optical_graded,ablation_a2,20001007,3,0,,3,False,False,True,8,8,8,1.0,190.69999999999345,0.0885020115853314,0.27027432291426656,0,94.87218692046694,-0.03191645999523529,2.9983675180514937,0.05000000000000001,0.9994558393504979,0.11036541647128278,0.21814368117461982,0.10146966173012613,0.1651606820140698
E4_optical_graded,covariance_only,20001007,0,0,,0,False,False,True,8,8,8,1.0,190.59999999999346,0.11790865094955785,0.3153717849171489,0,94.82459335213322,-0.03240210865170179,2.998369791465201,0.05,0.9994565971550671,0.09491863272215334,0.22717733473242394,0.11314638396587091,0.18298378596137269
E4_optical_graded,dead_reckoning,20001007,0,0,,0,False,False,True,8,8,8,1.0,190.69999999999345,0.1356430411482416,0.3374181300202377,0,94.87290972784992,-0.031909084409694755,2.9983712330837626,0.05000000000000001,0.9994570776945876,0.15144966644950794,0.0005243838489774515,0.1605829037937641,0.2493787384750414
E4_optical_graded,fixed,20001007,0,1,,0,False,False,True,8,8,8,1.0,378.7000000000176,0.07606622154810805,0.2520968970251971,0,95.27433982197083,-0.02781285895948138,1.0197231135242664,0.14997359387377868,0.33990770450808877,0.026234685893352473,1.0,0.03169041202209012,0.04160274371981767
E4_optical_graded,oracle,20001007,0,1,,0,False,False,True,8,8,8,1.0,190.99999999999343,0.05336039496312706,0.20160246728652353,0,95.12670589786646,-0.02931932757279121,2.0116237184826806,0.14994764397905758,0.6705412394942268,0.09368325632916316,0.7701570680628272,0.09626062720556848,0.196296734880848
E4_optical_graded,proposed,20001007,3,0,,3,False,False,True,8,8,8,1.0,190.69999999999345,0.0885020115853314,0.27027432291426656,0,94.87218692046694,-0.03191645999523529,2.9983675180514937,0.05000000000000001,0.9994558393504979,0.11036541647128278,0.21814368117461982,0.10146966173012613,0.1651606820140698
E4_optical_graded,residual_only,20001007,0,63,,0,False,False,True,8,8,8,1.0,191.09999999999343,0.07375248569382731,0.23410763905509624,0,94.86295417382316,-0.03201067169568206,2.999774817589626,0.05,0.999924939196542,0.11402023334580844,0.3239141810570382,0.0972388008367561,0.17999717032352971
E4_optical_graded,ablation_a1,20001008,3,0,,3,False,False,True,8,8,8,1.0,189.29999999999353,0.1785511717624338,0.4472200849349157,0,94.25212024749513,-0.03824367094392722,3.0001171118741796,0.05,1.0000390372913932,0.2664775327108606,0.1838351822503962,0.20881346680636725,0.2992330206029715
E4_optical_graded,ablation_a2,20001008,3,0,,3,False,False,True,8,8,8,1.0,189.29999999999353,0.1785511717624338,0.4472200849349157,0,94.25212024749513,-0.03824367094392722,3.0001171118741796,0.05,1.0000390372913932,0.2664775327108606,0.1838351822503962,0.20881346680636725,0.2992330206029715
E4_optical_graded,covariance_only,20001008,0,0,,0,False,False,True,8,8,8,1.0,189.29999999999353,0.22380092447131084,0.5092151561305176,0,94.24912388942768,-0.03827424602624818,3.0001499815217287,0.05,1.0000499938405762,0.2581195217461585,0.22345483359746435,0.23342834322772552,0.34414090293320587
E4_optical_graded,dead_reckoning,20001008,0,0,,0,False,False,True,8,8,8,1.0,189.49999999999352,0.29168495196204064,0.5918694592571594,0,94.34570259613818,-0.037288749018998146,3.0001521488994043,0.05,1.0000507162998014,0.2543693240999881,0.0005277044854881266,0.28069388505592796,0.4064519019377432
E4_optical_graded,fixed,20001008,0,1,,0,False,False,True,8,8,8,1.0,378.80000000001763,0.09838485509431347,0.25749546094303355,0,95.2835477041172,-0.02771890097839591,1.0204584951192062,0.14997360084477293,0.34015283170640204,0.044287715119348765,1.0,0.03957144947323254,0.05312059818222396
E4_optical_graded,oracle,20001008,0,1,,0,False,False,True,8,8,8,1.0,190.29999999999347,0.06721702716382573,0.22185261305744852,0,95.1401488397256,-0.02918215469667762,1.0416579386578952,0.4497898055701525,0.3472193128859651,0.11732920987059815,1.0,0.09629177856317374,0.19343072880386022
E4_optical_graded,proposed,20001008,3,0,,3,False,False,True,8,8,8,1.0,189.29999999999353,0.1785511717624338,0.4472200849349157,0,94.25212024749513,-0.03824367094392722,3.0001171118741796,0.05,1.0000390372913932,0.2664775327108606,0.1838351822503962,0.20881346680636725,0.2992330206029715
E4_optical_graded,residual_only,20001008,0,62,,0,False,False,True,8,8,8,1.0,189.8999999999935,0.14107390156476046,0.3881171858735861,0,94.38707359762267,-0.03686659594262576,3.00107856175439,0.05000000000000001,1.0003595205847966,0.29349685420192223,0.29594523433385994,0.20554931245228436,0.301622682493573
E4_optical_graded,ablation_a1,20001009,3,0,,3,False,False,True,8,8,8,1.0,190.69999999999345,0.07865508731319189,0.21741351058734448,0,94.7635691583902,-0.03302480450622247,2.999711511981131,0.05000000000000001,0.9999038373270436,0.11306060507650269,0.21814368117461982,0.09818047747693347,0.15428932131417525
E4_optical_graded,ablation_a2,20001009,3,0,,3,False,False,True,8,8,8,1.0,190.69999999999345,0.07865508731319189,0.21741351058734448,0,94.7635691583902,-0.03302480450622247,2.999711511981131,0.05000000000000001,0.9999038373270436,0.11306060507650269,0.21814368117461982,0.09818047747693347,0.15428932131417525
E4_optical_graded,covariance_only,20001009,0,0,,0,False,False,True,8,8,8,1.0,190.59999999999346,0.0670911924550413,0.22887788886553473,0,94.71469265018219,-0.03352354438589611,2.9997239245271814,0.05,0.9999079748423938,0.09894862594871019,0.22245540398740818,0.09653292633544816,0.14577803742949894
E4_optical_graded,dead_reckoning,20001009,0,0,,0,False,False,True,8,8,8,1.0,190.79999999999345,0.053081070487005236,0.19543826556955501,0,94.81311942221987,-0.03251918956918498,2.999721485915738,0.05,0.9999071619719127,0.08621991127641351,0.0005241090146750524,0.10888055523507871,0.152474325216114
E4_optical_graded,fixed,20001009,0,1,,0,False,False,True,8,8,8,1.0,378.00000000001745,0.0881109700431171,0.26302980709428425,0,95.23886077168069,-0.028174890084890936,1.0188543632053495,0.14997354497354493,0.33961812106844985,0.013722324918783677,1.0,0.025519953008705343,0.037601258784249456
E4_optical_graded,oracle,20001009,0,0,,0,False,False,True,8,8,8,1.0,190.49999999999346,0.06277604642445055,0.2158274352669931,0,95.26063400151581,-0.027952714270246815,1.0378850084451714,0.14994750656167977,0.3459616694817238,0.032836698192024845,0.6036745406824147,0.060793726375216704,0.08832163511438892
E4_optical_graded,proposed,20001009,3,0,,3,False,False,True,8,8,8,1.0,190.69999999999345,0.07865508731319189,0.21741351058734448,0,94.7635691583902,-0.03302480450622247,2.999711511981131,0.05000000000000001,0.9999038373270436,0.11306060507650269,0.21814368117461982,0.09818047747693347,0.15428932131417525
E4_optical_graded,residual_only,20001009,0,63,,0,False,False,True,8,8,8,1.0,190.79999999999345,0.09111625012031785,0.2481677907864377,0,94.6456292849393,-0.03422827260266015,2.9978557116255846,0.05,0.9992852372085282,0.10213722781361018,0.3359538784067086,0.0852616778929725,0.12692514910724204
E5_optical_loss,ablation_a1,20001000,5,0,0.5000000000003055,3,False,False,True,8,8,8,1.0,191.3999999999934,0.07859102788660322,0.4188639319876124,0,95.24496861604547,-0.02811256514239313,2.999473493497329,0.05000000000000001,0.999824497832443,0.43913739664331336,0.16875653082549635,0.2721028027538145,0.43712823417437835
E5_optical_loss,ablation_a2,20001000,5,0,0.5000000000003055,3,False,False,True,8,8,8,1.0,191.3999999999934,0.07859102788660322,0.4188639319876124,0,95.24496861604547,-0.02811256514239313,2.999473493497329,0.05000000000000001,0.999824497832443,0.43913739664331336,0.16875653082549635,0.2721028027538145,0.43712823417437835
E5_optical_loss,covariance_only,20001000,0,0,,0,False,False,True,8,8,8,1.0,190.89999999999344,0.07338608372066564,0.3685964989021997,0,94.99610834265437,-0.03065195568720036,2.999497063832495,0.05000000000000001,0.9998323546108318,0.24947560314636102,0.502357255107386,0.22026535560992216,0.33288981638100584
E5_optical_loss,dead_reckoning,20001000,0,0,,0,False,False,True,8,8,8,1.0,191.6999999999934,0.1887421787896579,0.3130029173774993,0,95.39483328818955,-0.026583333793984254,2.999511368623391,0.05,0.9998371228744637,0.3481297649375776,0.0005216484089723526,0.3177287409328781,0.48595845694762396
E5_optical_loss,fixed,20001000,0,1,,0,False,False,True,8,8,8,1.0,379.40000000001777,0.06630745607786502,0.24802561544371926,0,95.40466740094662,-0.02648298570462626,1.0193977186195693,0.14997364259356877,0.3397992395398564,0.020238324027632766,0.7430152872957301,0.07665654156339759,0.1693176475489404
E5_optical_loss,oracle,20001000,0,0,,0,False,False,True,8,8,8,1.0,379.9000000000179,0.060850073477826026,0.26025087495728805,0,94.5217929133412,-0.03549190904753874,2.999927414229366,0.14997367728349562,0.999975804743122,0.05827099054901061,0.7401947881021321,0.09563788057739152,0.2122967029517906
E5_optical_loss,proposed,20001000,5,0,0.5000000000003055,3,False,False,True,8,8,8,1.0,191.3999999999934,0.07859102788660322,0.4188639319876124,0,95.24496861604547,-0.02811256514239313,2.999473493497329,0.05000000000000001,0.999824497832443,0.43913739664331336,0.16875653082549635,0.2721028027538145,0.43712823417437835
E5_optical_loss,residual_only,20001000,0,51,,0,False,False,True,8,8,8,1.0,190.89999999999344,0.06938610941566001,0.2862102134558415,0,95.0649159498802,-0.029949837246120437,2.9984519664945157,0.05000000000000001,0.9994839888315052,0.27318734864334177,0.27763226820324777,0.21919587873500174,0.3274480722444735
E5_optical_loss,ablation_a1,20001001,5,0,0.5000000000003055,3,False,False,True,8,8,8,1.0,191.3999999999934,0.10486233958943839,0.3323155251449754,0,94.90319850381441,-0.03160001526719991,3.000194605800752,0.05000000000000001,1.0000648686002507,0.11141356512693654,0.3510971786833856,0.14241786641146031,0.21362801532243175
E5_optical_loss,ablation_a2,20001001,5,0,0.5000000000003055,3,False,False,True,8,8,8,1.0,191.3999999999934,0.10486233958943839,0.3323155251449754,0,94.90319850381441,-0.03160001526719991,3.000194605800752,0.05000000000000001,1.0000648686002507,0.11141356512693654,0.3510971786833856,0.14241786641146031,0.21362801532243175
E5_optical_loss,covariance_only,20001001,0,0,,0,False,False,True,8,8,8,1.0,191.4999999999934,0.06123331529450969,0.22326179853787576,0,94.96177760260588,-0.03100226936116446,3.0001877687881287,0.05000000000000001,1.0000625895960429,0.1691411557513718,0.5028720626631854,0.15800823647045678,0.23031795668042782
E5_optical_loss,dead_reckoning,20001001,0,0,,0,False,False,True,8,8,8,1.0,192.09999999999337,0.13172416780662072,0.26043717459586446,0,95.27207469724105,-0.027835972477132098,3.0001978356190664,0.05,1.0000659452063554,0.22679308504059775,0.0005205622071837585,0.2355899738544348,0.36332292271387606
E5_optical_loss,fixed,20001001,0,1,,0,False,False,True,8,8,8,1.0,379.5000000000178,0.061776917699322316,0.2519000619535152,0,95.34402470525775,-0.027101788721859643,1.019107520211736,0.14997364953886688,0.3397025067372453,0.018633255623926023,0.7430830039525692,0.06137626619936499,0.13661750868005546
E5_optical_loss,oracle,20001001,0,1,,0,False,False,True,8,8,8,1.0,191.19999999999342,0.05446695677141941,0.371367314945946,0,95.54134847633308,-0.02508828085374404,1.0396264280399328,0.05000000000000001,0.34654214267997757,0.314714829946102,0.09832635983263599,0.21882213152189134,0.34066588396078723
E5_optical_loss,proposed,20001001,5,0,0.5000000000003055,3,False,False,True,8,8,8,1.0,191.3999999999934,0.10486233958943839,0.3323155251449754,0,94.90319850381441,-0.03160001526719991,3.000194605800752,0.05000000000000001,1.0000648686002507,0.11141356512693654,0.3510971786833856,0.14241786641146031,0.21362801532243175
E5_optical_loss,residual_only,20001001,0,50,,0,False,False,True,8,8,8,1.0,191.19999999999342,0.10920609596929642,0.3323155251449754,0,94.87695221036545,-0.03186783458810771,3.0007399808989432,0.05000000000000001,1.0002466602996478,0.17207362698314227,0.4074267782426778,0.15230638682981723,0.21366871105922394
E5_optical_loss,ablation_a1,20001002,5,0,0.5000000000003055,3,False,False,True,8,8,8,1.0,190.59999999999346,0.08399263918537204,0.2225049936243515,0,94.81003851632777,-0.03255062738441061,2.9979168720263085,0.05,0.9993056240087695,0.04710357122911862,0.4700944386149003,0.08188778656843676,0.13099811999037972
E5_optical_loss,ablation_a2,20001002,5,0,0.5000000000003055,3,False,False,True,8,8,8,1.0,190.59999999999346,0.08399263918537204,0.2225049936243515,0,94.81003851632777,-0.03255062738441061,2.9979168720263085,0.05,0.9993056240087695,0.04710357122911862,0.4700944386149003,0.08188778656843676,0.13099811999037972
E5_optical_loss,covariance_only,20001002,0,0,,0,False,False,True,8,8,8,1.0,190.39999999999347,0.06367507580939571,0.18508600046586432,0,94.7159151348749,-0.03351107005229692,2.9979186981382466,0.05000000000000001,0.9993062327127489,0.08658865704110529,0.5005252100840336,0.0943569051695548,0.13142314605241967
E5_optical_loss,dead_reckoning,20001002,0,0,,0,False,False,True,8,8,8,1.0,190.99999999999343,0.08890987423329111,0.13551501884137718,0,95.01462271014937,-0.03046303356990443,2.997912538314994,0.05000000000000001,0.9993041794383313,0.13799311722018182,0.0005235602094240838,0.16226351167550745,0.235286764722549
E5_optical_loss,fixed,20001002,0,1,,0,False,False,True,8,8,8,1.0,378.3000000000175,0.08098460843287719,0.24752247548441275,0,95.29209684376089,-0.027631664859582794,1.0195304453133103,0.14997356595294736,0.3398434817711034,0.01216013187562385,0.7422680412371134,0.04075819164354387,0.08185885611132714
E5_optical_loss,oracle,20001002,0,1,,0,False,False,True,8,8,8,1.0,190.79999999999345,0.058903519296055126,0.17393127435578437,0,94.80889143021415,-0.032562332344753586,3.0031858577665282,0.05,1.0010619525888427,0.0714750903867755,0.38522012578616355,0.09190721886984465,0.13488426121010913
E5_optical_loss,proposed,20001002,5,0,0.5000000000003055,3,False,False,True,8,8,8,1.0,190.59999999999346,0.08399263918537204,0.2225049936243515,0,94.81003851632777,-0.03255062738441061,2.9979168720263085,0.05,0.9993056240087695,0.04710357122911862,0.4700944386149003,0.08188778656843676,0.13099811999037972
E5_optical_loss,residual_only,20001002,0,51,,0,False,False,True,8,8,8,1.0,190.89999999999344,0.08008262085346522,0.22112834096581846,0,94.8069797791419,-0.03258183898834799,2.998993602588176,0.05000000000000001,0.9996645341960586,0.0853061313442902,0.427972760607648,0.09146651054737814,0.13383375374711978
E5_optical_loss,ablation_a1,20001003,5,0,0.5000000000003055,3,False,False,True,8,8,8,1.0,189.9999999999935,0.0679136590575204,0.28913209142450036,0,94.69010929446476,-0.033774394954441234,3.0003476910223617,0.05,1.000115897007454,0.11431389003657663,0.3973684210526316,0.13463866103500902,0.2671266363882692
E5_optical_loss,ablation_a2,20001003,5,0,0.5000000000003055,3,False,False,True,8,8,8,1.0,189.9999999999935,0.0679136590575204,0.28913209142450036,0,94.69010929446476,-0.033774394954441234,3.0003476910223617,0.05,1.000115897007454,0.11431389003657663,0.3973684210526316,0.13463866103500902,0.2671266363882692
E5_optical_loss,covariance_only,20001003,0,0,,0,False,False,True,8,8,8,1.0,189.7999999999935,0.09722783122587172,0.29732661525379367,0,94.57766631239596,-0.03492177232249016,3.000343219259919,0.05,1.000114406419973,0.11455315096164127,0.49841938883034775,0.12026418554982338,0.20680956452105279
E5_optical_loss,dead_reckoning,20001003,0,0,,0,False,False,True,8,8,8,1.0,189.49999999999352,0.1886909417529413,0.43136998196609433,0,94.423087203968,-0.036499110163591864,3.000330460911908,0.05,1.0001101536373027,0.18098537861332192,0.0005277044854881266,0.1825345621656846,0.2646004408581556
E5_optical_loss,fixed,20001003,0,1,,0,False,False,True,8,8,8,1.0,378.1000000000175,0.10944181675371448,0.3421604056647829,0,95.02379504164873,-0.030369438350523192,1.0183520727072755,0.14997355197037818,0.33945069090242513,0.018021588919014158,0.7421317111875165,0.0401860346059971,0.08283713060863102
E5_optical_loss,oracle,20001003,0,1,,0,False,False,True,8,8,8,1.0,190.79999999999345,0.0632090377801433,0.21449718420307118,0,94.978788262772,-0.030828691196204128,2.011330781850373,0.05,0.6704435939501243,0.06830781537432529,0.47327044025157233,0.14532977362140245,0.2954298178649172
E5_optical_loss,proposed,20001003,5,0,0.5000000000003055,3,False,False,True,8,8,8,1.0,189.9999999999935,0.0679136590575204,0.28913209142450036,0,94.69010929446476,-0.033774394954441234,3.0003476910223617,0.05,1.000115897007454,0.11431389003657663,0.3973684210526316,0.13463866103500902,0.2671266363882692
E5_optical_loss,residual_only,20001003,0,51,,0,False,False,True,8,8,8,1.0,190.29999999999347,0.07981084427265653,0.28913209142450036,0,94.69550140321775,-0.033719373436553624,3.000282015296781,0.05,1.000094005098927,0.11806523795298791,0.3967419863373621,0.13669229967131222,0.26710124136729085
E5_optical_loss,ablation_a1,20001004,5,0,0.5000000000003055,3,False,False,True,8,8,8,1.0,190.59999999999346,0.07479872671520937,0.2575094050854414,0,94.74561932785667,-0.033207966042278825,2.998537507388267,0.05,0.9995125024627557,0.1501637167418275,0.3646379853095488,0.140694981001338,0.27195921407537993
E5_optical_loss,ablation_a2,20001004,5,0,0.5000000000003055,3,False,False,True,8,8,8,1.0,190.59999999999346,0.07479872671520937,0.2575094050854414,0,94.74561932785667,-0.033207966042278825,2.998537507388267,0.05,0.9995125024627557,0.1501637167418275,0.3646379853095488,0.140694981001338,0.27195921407537993
E5_optical_loss,covariance_only,20001004,0,0,,0,False,False,True,8,8,8,1.0,190.39999999999347,0.11447689198826874,0.33201093060879083,0,94.63727915917515,-0.034313477967600536,2.9985396601814283,0.05000000000000001,0.999513220060476,0.12608492702806495,0.5005252100840336,0.13513201447899365,0.22570477164509964
E5_optical_loss,dead_reckoning,20001004,0,0,,0,False,False,True,8,8,8,1.0,189.9999999999935,0.24818974604162505,0.5097736010650173,0,94.43516143016622,-0.036375903773814056,2.9985430193167955,0.05,0.9995143397722651,0.16907333877151928,0.0005263157894736842,0.22294778377260419,0.32275287112990586
E5_optical_loss,fixed,20001004,0,1,,0,False,False,True,8,8,8,1.0,379.40000000001777,0.09917904387632884,0.30893473943637684,0,95.25703541384786,-0.027989434552572856,1.0188023849678507,0.14997364259356877,0.3396007949892836,0.01873858879197215,0.7430152872957301,0.03914104998793642,0.0799556908909109
E5_optical_loss,oracle,20001004,0,1,,0,False,False,True,8,8,8,1.0,190.49999999999346,0.06701299723204363,0.3175667171685248,0,94.98145436445601,-0.030801486076979412,2.0114258756387624,0.14994750656167977,0.6704752918795874,0.08308962559230931,0.45721784776902885,0.15533138738309377,0.3245621247049502
E5_optical_loss,proposed,20001004,5,0,0.5000000000003055,3,False,False,True,8,8,8,1.0,190.59999999999346,0.07479872671520937,0.2575094050854414,0,94.74561932785667,-0.033207966042278825,2.998537507388267,0.05,0.9995125024627557,0.1501637167418275,0.3646379853095488,0.140694981001338,0.27195921407537993
E5_optical_loss,residual_only,20001004,0,50,,0,False,False,True,8,8,8,1.0,190.89999999999344,0.07672996659627741,0.2575094050854414,0,94.75800455142361,-0.033081586209963154,2.99935023444878,0.05000000000000001,0.9997834114829267,0.14787728875505662,0.39392352016762705,0.14110798633622518,0.27193050078462283
E5_optical_loss,ablation_a1,20001005,5,0,0.5000000000003055,3,False,False,True,8,8,8,1.0,189.5999999999935,0.10709971886950972,0.2789635457422701,0,94.45729409902553,-0.036150060214025226,3.0007451295754968,0.05,1.0002483765251655,0.020792176738797755,0.46044303797468356,0.0805518771202467,0.1457174885254551
E5_optical_loss,ablation_a2,20001005,5,0,0.5000000000003055,3,False,False,True,8,8,8,1.0,189.5999999999935,0.10709971886950972,0.2789635457422701,0,94.45729409902553,-0.036150060214025226,3.0007451295754968,0.05,1.0002483765251655,0.020792176738797755,0.46044303797468356,0.0805518771202467,0.1457174885254551
E5_optical_loss,covariance_only,20001005,0,0,,0,False,False,True,8,8,8,1.0,189.29999999999353,0.10922026510775974,0.2731443127251296,0,94.29532012422658,-0.037802855875239016,3.000760778524477,0.05,1.0002535928414924,0.059193722000195945,0.497094558901215,0.09508226391337342,0.16373319860631783
E5_optical_loss,dead_reckoning,20001005,0,0,,0,False,False,True,8,8,8,1.0,189.29999999999353,0.08462355694911192,0.34971443117871104,0,94.2953733833486,-0.037802312414810135,3.0007606997402863,0.05,1.0002535665800953,0.15420021900561676,0.0005282620179609086,0.1567636765447968,0.24902479081570716
E5_optical_loss,fixed,20001005,0,1,,0,False,False,True,8,8,8,1.0,377.8000000000174,0.07964777028780233,0.2623000534312663,0,95.11110219095501,-0.029478549071887628,1.020464920251939,0.1499735309687665,0.340154973417313,0.011310018331423255,0.7419269454737957,0.03597361399977564,0.07510504700215521
E5_optical_loss,oracle,20001005,0,1,,0,False,False,True,8,8,8,1.0,377.9000000000174,0.07414451937398792,0.283142056679484,0,95.0612517995078,-0.02998722653563468,1.0201033975576357,0.05,0.3400344658525452,0.014959863287706507,0.7398782746758402,0.038512954110911615,0.08653597609844722
E5_optical_loss,proposed,20001005,5,0,0.5000000000003055,3,False,False,True,8,8,8,1.0,189.5999999999935,0.10709971886950972,0.2789635457422701,0,94.45729409902553,-0.036150060214025226,3.0007451295754968,0.05,1.0002483765251655,0.020792176738797755,0.46044303797468356,0.0805518771202467,0.1457174885254551
E5_optical_loss,residual_only,20001005,0,51,,0,False,False,True,8,8,8,1.0,189.6999999999935,0.1163214353642947,0.2789635457422701,0,94.45107337426326,-0.03621353699731367,3.000916276634015,0.05,1.0003054255446717,0.02072213827280649,0.42435424354243545,0.08687887201888746,0.1457095633473902
E5_optical_loss,ablation_a1,20001006,5,0,0.5000000000003055,3,False,False,True,8,8,8,1.0,191.7999999999934,0.08189295813614107,0.2751134879482562,0,95.14297615185603,-0.029153304572897665,3.0002416035937527,0.05000000000000001,1.000080534531251,0.08852565315288999,0.45359749739311783,0.1235839744467552,0.20651316494490574
E5_optical_loss,ablation_a2,20001006,5,0,0.5000000000003055,3,False,False,True,8,8,8,1.0,191.7999999999934,0.08189295813614107,0.2751134879482562,0,95.14297615185603,-0.029153304572897665,3.0002416035937527,0.05000000000000001,1.000080534531251,0.08852565315288999,0.45359749739311783,0.1235839744467552,0.20651316494490574
E5_optical_loss,covariance_only,20001006,0,0,,0,False,False,True,8,8,8,1.0,191.7999999999934,0.05825515844749789,0.2705676680266986,0,95.162128898119,-0.028957868386540908,3.0002541151930315,0.05000000000000001,1.0000847050643438,0.15001217867892952,0.5041710114702815,0.13986533398918227,0.1912385546550185
E5_optical_loss,dead_reckoning,20001006,0,0,,0,False,False,True,8,8,8,1.0,192.39999999999336,0.15511850429183133,0.2125320399094761,0,95.46493831592602,-0.025867976368101786,3.0002680202115335,0.05000000000000001,1.000089340070511,0.2343740511375207,0.0005197505197505198,0.23714224794471273,0.33907260599580263
E5_optical_loss,fixed,20001006,0,1,,0,False,False,True,8,8,8,1.0,379.2000000000177,0.0775307194347532,0.2627235517030755,0,95.42247561364964,-0.02630126924847309,1.0186973350669892,0.14997362869198308,0.3395657783556631,0.019087455281664622,0.742879746835443,0.050332046183841024,0.10273551093656177
E5_optical_loss,oracle,20001006,0,1,,0,False,False,True,8,8,8,1.0,191.4999999999934,0.043857403937512564,0.18291406293623425,0,95.13689933406229,-0.029215312917731717,3.00163752294733,0.14994778067885117,1.0005458409824433,0.14306263798249585,0.35195822454308096,0.12311514420644303,0.16480468159089573
E5_optical_loss,proposed,20001006,5,0,0.5000000000003055,3,False,False,True,8,8,8,1.0,191.7999999999934,0.08189295813614107,0.2751134879482562,0,95.14297615185603,-0.029153304572897665,3.0002416035937527,0.05000000000000001,1.000080534531251,0.08852565315288999,0.45359749739311783,0.1235839744467552,0.20651316494490574
E5_optical_loss,residual_only,20001006,0,50,,0,False,False,True,8,8,8,1.0,191.7999999999934,0.07904849809245022,0.2751134879482562,0,95.2311418835531,-0.02825365424945825,3.000385157288966,0.05000000000000001,1.0001283857629886,0.15879507508634805,0.4181438998957247,0.1443178541235463,0.20651316494490574
E5_optical_loss,ablation_a1,20001007,5,0,0.5000000000003055,3,False,False,True,8,8,8,1.0,190.89999999999344,0.06862523225835991,0.23913435033483577,0,94.84737331762068,-0.03216966002427879,3.0003078707833595,0.05000000000000001,1.0001026235944532,0.06997954396950133,0.4667365112624411,0.10716031683864291,0.2065580641449017
E5_optical_loss,ablation_a2,20001007,5,0,0.5000000000003055,3,False,False,True,8,8,8,1.0,190.89999999999344,0.06862523225835991,0.23913435033483577,0,94.84737331762068,-0.03216966002427879,3.0003078707833595,0.05000000000000001,1.0001026235944532,0.06997954396950133,0.4667365112624411,0.10716031683864291,0.2065580641449017
E5_optical_loss,covariance_only,20001007,0,0,,0,False,False,True,8,8,8,1.0,190.89999999999344,0.09298352235199178,0.27861860364924285,0,94.84406972964526,-0.032203370105660656,3.0003704187128686,0.05000000000000001,1.0001234729042896,0.08200685536077491,0.500261917234154,0.09936514731172483,0.16549355042634573
E5_optical_loss,dead_reckoning,20001007,0,0,,0,False,False,True,8,8,8,1.0,190.99999999999343,0.14170479515553275,0.32610190673197614,0,94.88965632547156,-0.03173820076049427,3.000376770408338,0.05000000000000001,1.0001255901361128,0.14171152403027557,0.0005235602094240838,0.158793828032568,0.24024521766975052
E5_optical_loss,fixed,20001007,0,1,,0,False,False,True,8,8,8,1.0,379.30000000001775,0.09610797217784212,0.2644637841369648,0,95.27891955567046,-0.027766126982954553,1.0199599488368118,0.14997363564460847,0.3399866496122706,0.018766478927818617,0.7429475349327709,0.02800289558856747,0.04354780454306536
E5_optical_loss,oracle,20001007,0,1,,0,False,False,True,8,8,8,1.0,190.59999999999346,0.05641526177348381,0.24707031997894902,0,95.07367755522849,-0.029860433109913376,2.010953114660682,0.14994753410283312,0.670317704886894,0.05654932848400903,0.4559286463798531,0.10967726334465544,0.2228081051978214
E5_optical_loss,proposed,20001007,5,0,0.5000000000003055,3,False,False,True,8,8,8,1.0,190.89999999999344,0.06862523225835991,0.23913435033483577,0,94.84737331762068,-0.03216966002427879,3.0003078707833595,0.05000000000000001,1.0001026235944532,0.06997954396950133,0.4667365112624411,0.10716031683864291,0.2065580641449017
E5_optical_loss,residual_only,20001007,0,50,,0,False,False,True,8,8,8,1.0,191.09999999999343,0.06876792658783526,0.23913435033483577,0,94.84403742135788,-0.03220369978206239,2.9995119311101073,0.05,0.9998373103700358,0.10857321636461399,0.42804814233385663,0.10811973452980245,0.2065508241412859
E5_optical_loss,ablation_a1,20001008,5,0,0.5000000000003055,3,False,False,True,8,8,8,1.0,189.7999999999935,0.18873559022218303,0.4567151463964123,0,94.34630060107631,-0.03728264692779282,3.0002103103184745,0.05,1.0000701034394914,0.27250130506127945,0.1469968387776607,0.21589944820961368,0.31259650375953196
E5_optical_loss,ablation_a2,20001008,5,0,0.5000000000003055,3,False,False,True,8,8,8,1.0,189.7999999999935,0.18873559022218303,0.4567151463964123,0,94.34630060107631,-0.03728264692779282,3.0002103103184745,0.05,1.0000701034394914,0.27250130506127945,0.1469968387776607,0.21589944820961368,0.31259650375953196
E5_optical_loss,covariance_only,20001008,0,0,,0,False,False,True,8,8,8,1.0,190.29999999999347,0.1408957954231228,0.38677136395240774,0,94.60094911085788,-0.03468419274634815,3.0002806879397377,0.05,1.0000935626465792,0.18013435991638635,0.5002627430373096,0.18628221885173404,0.3040319234555306
E5_optical_loss,dead_reckoning,20001008,0,0,,0,False,False,True,8,8,8,1.0,189.49999999999352,0.29376158798780966,0.5850638799156709,0,94.19822702105807,-0.03879360182593805,3.0002743025463405,0.05,1.0000914341821134,0.2605866367493877,0.0005277044854881266,0.2789190945498572,0.405104344949674
E5_optical_loss,fixed,20001008,0,1,,0,False,False,True,8,8,8,1.0,379.30000000001775,0.11160188792128113,0.36676270346704687,0,95.17043426360557,-0.028873119759126875,1.0204670055768454,0.14997363564460847,0.34015566852561513,0.018395178030834524,0.7429475349327709,0.0515399977883272,0.1145963498408189
E5_optical_loss,oracle,20001008,0,0,,0,False,False,True,8,8,8,1.0,190.19999999999348,0.0791059093040982,0.23327406254448357,0,94.70191703864774,-0.03365390776890065,3.000511515670328,0.449789695057834,1.0001705052234426,0.13315890808063852,0.5005257623554153,0.18218319336079553,0.37490359489178215
E5_optical_loss,proposed,20001008,5,0,0.5000000000003055,3,False,False,True,8,8,8,1.0,189.7999999999935,0.18873559022218303,0.4567151463964123,0,94.34630060107631,-0.03728264692779282,3.0002103103184745,0.05,1.0000701034394914,0.27250130506127945,0.1469968387776607,0.21589944820961368,0.31259650375953196
E5_optical_loss,residual_only,20001008,0,50,,0,False,False,True,8,8,8,1.0,190.09999999999349,0.15240375822277769,0.40462582019923676,0,94.65815062973066,-0.03410050377825857,3.0009671799415734,0.05,1.0003223933138579,0.17004144961471296,0.32614413466596526,0.18310166697354127,0.29660746561487245
E5_optical_loss,ablation_a1,20001009,5,0,0.5000000000003055,3,False,False,True,8,8,8,1.0,190.59999999999346,0.09426518817220249,0.24503333335575617,0,94.78716081540774,-0.03278407331216582,2.9984151357891533,0.05,0.9994717119297177,0.03081993068158172,0.48111227701993703,0.0704280658842383,0.11526208964624689
E5_optical_loss,ablation_a2,20001009,5,0,0.5000000000003055,3,False,False,True,8,8,8,1.0,190.59999999999346,0.09426518817220249,0.24503333335575617,0,94.78716081540774,-0.03278407331216582,2.9984151357891533,0.05,0.9994717119297177,0.03081993068158172,0.48111227701993703,0.0704280658842383,0.11526208964624689
E5_optical_loss,covariance_only,20001009,0,0,,0,False,False,True,8,8,8,1.0,190.19999999999348,0.08675812469513898,0.23243529917491124,0,94.58030134355272,-0.03489488424946208,2.998392653677003,0.05,0.9994642178923344,0.059457071159706616,0.49947423764458465,0.08111953541709394,0.12416162363000034
E5_optical_loss,dead_reckoning,20001009,0,0,,0,False,False,True,8,8,8,1.0,190.59999999999346,0.060597240041568044,0.20355656959419122,0,94.78309590384374,-0.03282555200159443,2.998392575725208,0.05,0.9994641919084026,0.08406547271271278,0.0005246589716684155,0.10608719054307941,0.1599645058265808
E5_optical_loss,fixed,20001009,0,1,,0,False,False,True,8,8,8,1.0,378.50000000001756,0.08769215565755192,0.27040190142073284,0,95.28688289474134,-0.027684868421006703,1.0186432232643172,0.14997357992073973,0.33954774108810576,0.015458083791920266,0.7424042272126816,0.03465383714394441,0.06902349398467353
E5_optical_loss,oracle,20001009,0,1,,0,False,False,True,8,8,8,1.0,377.50000000001734,0.0643058551011291,0.25770760176772534,0,94.370854654174,-0.037032095365571505,2.999378615036933,0.44989403973509945,0.9997928716789777,0.019663732885236814,0.5663576158940398,0.03811401952046573,0.06818702285173611
E5_optical_loss,proposed,20001009,5,0,0.5000000000003055,3,False,False,True,8,8,8,1.0,190.59999999999346,0.09426518817220249,0.24503333335575617,0,94.78716081540774,-0.03278407331216582,2.9984151357891533,0.05,0.9994717119297177,0.03081993068158172,0.48111227701993703,0.0704280658842383,0.11526208964624689
E5_optical_loss,residual_only,20001009,0,51,,0,False,False,True,8,8,8,1.0,190.39999999999347,0.08824391558323703,0.24503333335575617,0,94.73870754702405,-0.03327849441812192,2.9972940696718595,0.05000000000000001,0.9990980232239531,0.03637554312448384,0.4543067226890756,0.07434930470552711,0.11613404455566483
E6_acoustic_intermittent,ablation_a1,20001000,1,0,,1,False,False,True,8,8,8,1.0,190.89999999999344,0.06121840958655391,0.2146015207197327,0,95.07535785762198,-0.02984328716712259,2.9984822483895415,0.05000000000000001,0.9994940827965139,0.11575294958698897,0.43792561550550024,0.16530473299115017,0.2708848569517122
E6_acoustic_intermittent,ablation_a2,20001000,1,0,,1,False,False,True,8,8,8,1.0,190.89999999999344,0.06121840958655391,0.2146015207197327,0,95.07535785762198,-0.02984328716712259,2.9984822483895415,0.05000000000000001,0.9994940827965139,0.11575294958698897,0.43792561550550024,0.16530473299115017,0.2708848569517122
E6_acoustic_intermittent,covariance_only,20001000,0,0,,0,False,False,True,8,8,8,1.0,190.79999999999345,0.07413154529367681,0.27126413493291635,0,95.02406357720623,-0.030366698191773067,2.9984510808513005,0.05,0.9994836936171002,0.2446153624397855,0.999475890985325,0.18426323251378487,0.26828323529279735
E6_acoustic_intermittent,dead_reckoning,20001000,0,0,,0,False,False,True,8,8,8,1.0,191.3999999999934,0.1830169806302398,0.2552934294313136,0,95.32512223987739,-0.027294671021659278,2.9984241474914928,0.05000000000000001,0.9994747158304976,0.33631943880559323,0.0005224660397074191,0.3105015843824469,0.4755691800511169
E6_acoustic_intermittent,fixed,20001000,0,1,,0,False,False,True,8,8,8,1.0,380.0000000000179,0.07732186137069484,0.24741711498985985,0,95.42886135470094,-0.02623610862550063,1.0177365103240892,0.1499736842105263,0.33924550344136306,0.02401626262514306,1.0,0.030023131719004757,0.036290553971476694
E6_acoustic_intermittent,oracle,20001000,0,0,,0,False,False,True,8,8,8,1.0,191.09999999999343,0.06110186299678438,0.22214771599555228,0,95.06678609165228,-0.029930754166813567,2.999818879002159,0.1499476713762428,0.999939626334053,0.11808129793076803,0.47566718995290425,0.15709700496816323,0.26732190094539376
E6_acoustic_intermittent,proposed,20001000,1,0,,1,False,False,True,8,8,8,1.0,190.89999999999344,0.06121840958655391,0.2146015207197327,0,95.07535785762198,-0.02984328716712259,2.9984822483895415,0.05000000000000001,0.9994940827965139,0.11575294958698897,0.43792561550550024,0.16530473299115017,0.2708848569517122
E6_acoustic_intermittent,residual_only,20001000,0,0,,0,False,False,True,8,8,8,1.0,190.89999999999344,0.06121840958655391,0.2146015207197327,0,95.07535785762198,-0.02984328716712259,2.9984822483895415,0.05000000000000001,0.9994940827965139,0.11575294958698897,0.43792561550550024,0.16530473299115017,0.2708848569517122
E6_acoustic_intermittent,ablation_a1,20001001,1,0,,1,False,False,True,8,8,8,1.0,190.79999999999345,0.07835945845058692,0.24863835040113713,0,94.82775160895106,-0.032369881541315704,3.0009476340568177,0.05,1.0003158780189392,0.10521499314408303,0.779874213836478,0.09856577579438384,0.14651207117370976
E6_acoustic_intermittent,ablation_a2,20001001,1,0,,1,False,False,True,8,8,8,1.0,190.79999999999345,0.07835945845058692,0.24863835040113713,0,94.82775160895106,-0.032369881541315704,3.0009476340568177,0.05,1.0003158780189392,0.10521499314408303,0.779874213836478,0.09856577579438384,0.14651207117370976
E6_acoustic_intermittent,covariance_only,20001001,0,0,,0,False,False,True,8,8,8,1.0,190.89999999999344,0.07321263650197962,0.28202982118943476,0,94.89713801854519,-0.03166185695362045,3.0008591020277504,0.05000000000000001,1.0002863673425835,0.1657171466766767,1.0,0.13383696088523248,0.19971896554331603
E6_acoustic_intermittent,dead_reckoning,20001001,0,0,,0,False,False,True,8,8,8,1.0,191.4999999999934,0.1336312398543224,0.21623061182310632,0,95.1981423321527,-0.028590384365788757,3.000827167740441,0.05000000000000001,1.0002757225801469,0.2251890606414994,0.0005221932114882506,0.23562464942017708,0.3637664604386258
E6_acoustic_intermittent,fixed,20001001,0,1,,0,False,False,True,8,8,8,1.0,378.40000000001754,0.08841269394556403,0.276434057938304,0,95.26957500561993,-0.027861479534490585,1.0183218815711834,0.14997357293868915,0.3394406271903945,0.021073673286820135,1.0,0.027544542967306664,0.033363143022986604
E6_acoustic_intermittent,oracle,20001001,0,1,,0,False,False,True,8,8,8,1.0,191.29999999999342,0.05121040544815041,0.21804635244965986,0,95.4960348175494,-0.025550665127046956,1.0346945167108983,0.05000000000000001,0.3448981722369661,0.31118809019408894,0.07527443805541036,0.2141823220337965,0.34062074584587815
E6_acoustic_intermittent,proposed,20001001,1,0,,1,False,False,True,8,8,8,1.0,190.79999999999345,0.07835945845058692,0.24863835040113713,0,94.82775160895106,-0.032369881541315704,3.0009476340568177,0.05,1.0003158780189392,0.10521499314408303,0.779874213836478,0.09856577579438384,0.14651207117370976
E6_acoustic_intermittent,residual_only,20001001,0,0,,0,False,False,True,8,8,8,1.0,190.79999999999345,0.07835945845058692,0.24863835040113713,0,94.82775160895106,-0.032369881541315704,3.0009476340568177,0.05,1.0003158780189392,0.10521499314408303,0.779874213836478,0.09856577579438384,0.14651207117370976
E6_acoustic_intermittent,ablation_a1,20001002,1,0,,1,False,False,True,8,8,8,1.0,190.69999999999345,0.08727634795667719,0.21289385705393693,0,94.64760542839763,-0.0342081078734936,2.9994977539418204,0.05000000000000001,0.9998325846472734,0.04494079235217519,0.9433665443104352,0.06759874938763888,0.09732881470965171
E6_acoustic_intermittent,ablation_a2,20001002,1,0,,1,False,False,True,8,8,8,1.0,190.69999999999345,0.08727634795667719,0.21289385705393693,0,94.64760542839763,-0.0342081078734936,2.9994977539418204,0.05000000000000001,0.9998325846472734,0.04494079235217519,0.9433665443104352,0.06759874938763888,0.09732881470965171
E6_acoustic_intermittent,covariance_only,20001002,0,0,,0,False,False,True,8,8,8,1.0,190.99999999999343,0.07980050424972167,0.24243394860182077,0,94.81362152366319,-0.03251406608506957,2.9993887454100494,0.05000000000000001,0.9997962484700165,0.0840293319622467,0.9989528795811519,0.08912718992827501,0.12442290381768716
E6_acoustic_intermittent,dead_reckoning,20001002,0,0,,0,False,False,True,8,8,8,1.0,191.29999999999342,0.07615844095777112,0.19201915313514029,0,94.96322748087947,-0.03098747468490337,2.99937916923341,0.05000000000000001,0.9997930564111367,0.14177810512835592,0.0005227391531625719,0.1630653991082231,0.23835051262309095
E6_acoustic_intermittent,fixed,20001002,0,1,,0,False,False,True,8,8,8,1.0,378.6000000000176,0.09240229079031362,0.24326202534567276,0,95.31299361879024,-0.027418432461324027,1.0194048915474492,0.14997358689910192,0.3398016305158164,0.017444235699786256,1.0,0.025867044320771505,0.030825330788421947
E6_acoustic_intermittent,oracle,20001002,0,1,,0,False,False,True,8,8,8,1.0,190.89999999999344,0.06195107575352732,0.19256022521422445,0,95.22600676733681,-0.0283060533945223,1.039124501233868,0.4497904662126769,0.34637483374462263,0.033470863124822364,0.9869041382922996,0.05306880959283511,0.07032725089693882
E6_acoustic_intermittent,proposed,20001002,1,0,,1,False,False,True,8,8,8,1.0,190.69999999999345,0.08727634795667719,0.21289385705393693,0,94.64760542839763,-0.0342081078734936,2.9994977539418204,0.05000000000000001,0.9998325846472734,0.04494079235217519,0.9433665443104352,0.06759874938763888,0.09732881470965171
E6_acoustic_intermittent,residual_only,20001002,0,0,,0,False,False,True,8,8,8,1.0,190.69999999999345,0.08727634795667719,0.21289385705393693,0,94.64760542839763,-0.0342081078734936,2.9994977539418204,0.05000000000000001,0.9998325846472734,0.04494079235217519,0.9433665443104352,0.06759874938763888,0.09732881470965171
E6_acoustic_intermittent,ablation_a1,20001003,1,0,,1,False,False,True,8,8,8,1.0,189.9999999999935,0.06847632991829414,0.2755058816246354,0,94.56565052166891,-0.03504438243194985,2.999914146638302,0.05,0.9999713822127673,0.1134906444643992,0.7163157894736842,0.09348141351685518,0.20791133910969162
E6_acoustic_intermittent,ablation_a2,20001003,1,0,,1,False,False,True,8,8,8,1.0,189.9999999999935,0.06847632991829414,0.2755058816246354,0,94.56565052166891,-0.03504438243194985,2.999914146638302,0.05,0.9999713822127673,0.1134906444643992,0.7163157894736842,0.09348141351685518,0.20791133910969162
E6_acoustic_intermittent,covariance_only,20001003,0,0,,0,False,False,True,8,8,8,1.0,189.8999999999935,0.09772699184173617,0.2762716376689456,0,94.50698082451008,-0.03564305281112168,2.9998773812630457,0.05000000000000001,0.9999591270876819,0.10723899015755635,0.9989468141126909,0.0950088917448535,0.1785340260204428
E6_acoustic_intermittent,dead_reckoning,20001003,0,0,,0,False,False,True,8,8,8,1.0,189.6999999999935,0.19173493427491312,0.4245738919599322,0,94.40680513092042,-0.03666525376611818,2.999872184594069,0.05,0.9999573948646896,0.1742315067136353,0.0005271481286241434,0.17975736471991005,0.26029731276626517
E6_acoustic_intermittent,fixed,20001003,0,1,,0,False,False,True,8,8,8,1.0,378.80000000001763,0.09839573263698613,0.2636240517564339,0,95.22205847228024,-0.02834634211958942,1.0185634974610542,0.14997360084477293,0.3395211658203514,0.017505611666567784,1.0,0.02441666916808478,0.029945044821127805
E6_acoustic_intermittent,oracle,20001003,0,1,,0,False,False,True,8,8,8,1.0,189.9999999999935,0.05216911803002105,0.23947364600299892,0,94.84139644808643,-0.03223064848891399,2.0105256443655604,0.1499473684210526,0.6701752147885202,0.12039374136042148,0.5347368421052632,0.12036451000880118,0.24691005673212316
E6_acoustic_intermittent,proposed,20001003,1,0,,1,False,False,True,8,8,8,1.0,189.9999999999935,0.06847632991829414,0.2755058816246354,0,94.56565052166891,-0.03504438243194985,2.999914146638302,0.05,0.9999713822127673,0.1134906444643992,0.7163157894736842,0.09348141351685518,0.20791133910969162
E6_acoustic_intermittent,residual_only,20001003,0,0,,0,False,False,True,8,8,8,1.0,189.9999999999935,0.06847632991829414,0.2755058816246354,0,94.56565052166891,-0.03504438243194985,2.999914146638302,0.05,0.9999713822127673,0.1134906444643992,0.7163157894736842,0.09348141351685518,0.20791133910969162
E6_acoustic_intermittent,ablation_a1,20001004,1,0,,1,False,False,True,8,8,8,1.0,190.59999999999346,0.07154344275997812,0.25199387132268924,0,94.69274751829288,-0.03374747430313396,2.9990665976374005,0.05,0.9996888658791335,0.17082371268270663,0.5781741867785939,0.13351596287195877,0.2818107500919036
E6_acoustic_intermittent,ablation_a2,20001004,1,0,,1,False,False,True,8,8,8,1.0,190.59999999999346,0.07154344275997812,0.25199387132268924,0,94.69274751829288,-0.03374747430313396,2.9990665976374005,0.05,0.9996888658791335,0.17082371268270663,0.5781741867785939,0.13351596287195877,0.2818107500919036
E6_acoustic_intermittent,covariance_only,20001004,0,0,,0,False,False,True,8,8,8,1.0,190.59999999999346,0.10099732914258808,0.2971710065632216,0,94.6841377132993,-0.03383532945612966,2.9990525945738082,0.05,0.9996841981912694,0.12455164280851301,1.0,0.11361216629996924,0.20891246604456978
E6_acoustic_intermittent,dead_reckoning,20001004,0,0,,0,False,False,True,8,8,8,1.0,190.29999999999347,0.23978193608366455,0.49302894759387605,0,94.53178247054574,-0.035389974790349665,2.999039804398806,0.05,0.999679934799602,0.1573810073262624,0.0005254860746190226,0.21407996500709994,0.3103704517338004
E6_acoustic_intermittent,fixed,20001004,0,1,,0,False,False,True,8,8,8,1.0,378.6000000000176,0.11121936593991853,0.2576642525664421,0,95.21643413420614,-0.02840373332442714,1.0193816109955431,0.14997358689910192,0.3397938703318477,0.015433880073944976,1.0,0.026049437426414017,0.030344555949741704
E6_acoustic_intermittent,oracle,20001004,0,1,,0,False,False,True,8,8,8,1.0,190.49999999999346,0.062445402821840905,0.25772456482611084,0,94.6805850152591,-0.03387158147694802,2.998992805107088,0.14994750656167977,0.9996642683690293,0.15476987336113027,0.5711286089238845,0.13123293767036354,0.27744106348093717
E6_acoustic_intermittent,proposed,20001004,1,0,,1,False,False,True,8,8,8,1.0,190.59999999999346,0.07154344275997812,0.25199387132268924,0,94.69274751829288,-0.03374747430313396,2.9990665976374005,0.05,0.9996888658791335,0.17082371268270663,0.5781741867785939,0.13351596287195877,0.2818107500919036
E6_acoustic_intermittent,residual_only,20001004,0,0,,0,False,False,True,8,8,8,1.0,190.59999999999346,0.07154344275997812,0.25199387132268924,0,94.69274751829288,-0.03374747430313396,2.9990665976374005,0.05,0.9996888658791335,0.17082371268270663,0.5781741867785939,0.13351596287195877,0.2818107500919036
E6_acoustic_intermittent,ablation_a1,20001005,1,0,,1,False,False,True,8,8,8,1.0,190.19999999999348,0.07971133492897055,0.21883030094917189,0,94.50927596376846,-0.035619633022770825,2.9992988705601697,0.05,0.9997662901867232,0.0062663634398941424,0.9200841219768665,0.05436555079967947,0.10034641313149839
E6_acoustic_intermittent,ablation_a2,20001005,1,0,,1,False,False,True,8,8,8,1.0,190.19999999999348,0.07971133492897055,0.21883030094917189,0,94.50927596376846,-0.035619633022770825,2.9992988705601697,0.05,0.9997662901867232,0.0062663634398941424,0.9200841219768665,0.05436555079967947,0.10034641313149839
E6_acoustic_intermittent,covariance_only,20001005,0,0,,0,False,False,True,8,8,8,1.0,189.8999999999935,0.09381758955412517,0.23591930768105085,0,94.35622095698442,-0.03718141880628145,2.9993879662099903,0.05000000000000001,0.9997959887366634,0.05103047109212358,0.9989468141126909,0.0829559781262436,0.14095394198898675
E6_acoustic_intermittent,dead_reckoning,20001005,0,0,,0,False,False,True,8,8,8,1.0,189.8999999999935,0.07462595127770563,0.37001768875994046,0,94.35783499882929,-0.03716494899153788,2.9993882268158156,0.05000000000000001,0.9997960756052718,0.1468952089848164,0.000526592943654555,0.15193552740839456,0.24308841268671139
E6_acoustic_intermittent,fixed,20001005,0,1,,0,False,False,True,8,8,8,1.0,378.40000000001754,0.07326800099361847,0.23754065529449164,0,95.32460695213027,-0.0272999290598952,1.019824647604576,0.14997357293868915,0.33994154920152536,0.013902252496257718,1.0,0.021978503779024033,0.02826692491863202
E6_acoustic_intermittent,oracle,20001005,0,1,,0,False,False,True,8,8,8,1.0,190.09999999999349,0.05936045852132953,0.18380679601952377,0,95.20124242685708,-0.028558750746356387,1.0389547556806331,0.14994739610731192,0.34631825189354437,0.02376512260920307,1.0,0.045926696694247066,0.06640844030481939
E6_acoustic_intermittent,proposed,20001005,1,0,,1,False,False,True,8,8,8,1.0,190.19999999999348,0.07971133492897055,0.21883030094917189,0,94.50927596376846,-0.035619633022770825,2.9992988705601697,0.05,0.9997662901867232,0.0062663634398941424,0.9200841219768665,0.05436555079967947,0.10034641313149839
E6_acoustic_intermittent,residual_only,20001005,0,0,,0,False,False,True,8,8,8,1.0,190.19999999999348,0.07971133492897055,0.21883030094917189,0,94.50927596376846,-0.035619633022770825,2.9992988705601697,0.05,0.9997662901867232,0.0062663634398941424,0.9200841219768665,0.05436555079967947,0.10034641313149839
E6_acoustic_intermittent,ablation_a1,20001006,1,0,,1,False,False,True,8,8,8,1.0,190.99999999999343,0.07407543377456624,0.19730258533993794,0,95.01670252447349,-0.030441810974760286,2.9995624205890743,0.05000000000000001,0.9998541401963581,0.0889710016310208,0.8680628272251308,0.09121165612814623,0.11749831461070748
E6_acoustic_intermittent,ablation_a2,20001006,1,0,,1,False,False,True,8,8,8,1.0,190.99999999999343,0.07407543377456624,0.19730258533993794,0,95.01670252447349,-0.030441810974760286,2.9995624205890743,0.05000000000000001,0.9998541401963581,0.0889710016310208,0.8680628272251308,0.09121165612814623,0.11749831461070748
E6_acoustic_intermittent,covariance_only,20001006,0,0,,0,False,False,True,8,8,8,1.0,191.19999999999342,0.06115790679899877,0.22079490844676464,0,95.15424766699229,-0.029038289112323534,2.9996053979616275,0.05000000000000001,0.9998684659872091,0.15325765590918441,1.0,0.12045720350354892,0.16809185062601073
E6_acoustic_intermittent,dead_reckoning,20001006,0,0,,0,False,False,True,8,8,8,1.0,191.7999999999934,0.15639795853105914,0.23185500680885918,0,95.4627131531268,-0.025890682110951024,2.9996213787132113,0.05000000000000001,0.9998737929044038,0.2445468499650732,0.0005213764337851929,0.24413853732314086,0.3585486688612849
E6_acoustic_intermittent,fixed,20001006,0,1,,0,False,False,True,8,8,8,1.0,380.300000000018,0.08894649686375825,0.27734442528467085,0,95.35730983770648,-0.0269662261458522,1.0184334045804981,0.1499737049697607,0.3394778015268327,0.020438573231952136,1.0,0.02858499912893008,0.03247094646042374
E6_acoustic_intermittent,oracle,20001006,0,1,,0,False,False,True,8,8,8,1.0,191.09999999999343,0.04858828689031325,0.1816953497287015,0,95.16397961303899,-0.02893898354041846,3.0015560236583827,0.1499476713762428,1.0005186745527943,0.13218404308973816,0.7592883307169022,0.10890697244990499,0.15965479546207234
E6_acoustic_intermittent,proposed,20001006,1,0,,1,False,False,True,8,8,8,1.0,190.99999999999343,0.07407543377456624,0.19730258533993794,0,95.01670252447349,-0.030441810974760286,2.9995624205890743,0.05000000000000001,0.9998541401963581,0.0889710016310208,0.8680628272251308,0.09121165612814623,0.11749831461070748
E6_acoustic_intermittent,residual_only,20001006,0,0,,0,False,False,True,8,8,8,1.0,190.99999999999343,0.07407543377456624,0.19730258533993794,0,95.01670252447349,-0.030441810974760286,2.9995624205890743,0.05000000000000001,0.9998541401963581,0.0889710016310208,0.8680628272251308,0.09121165612814623,0.11749831461070748
E6_acoustic_intermittent,ablation_a1,20001007,1,0,,1,False,False,True,8,8,8,1.0,190.39999999999347,0.07126833067673669,0.2325815075333253,0,94.76528211841689,-0.03300732532227657,2.9991058359596776,0.05000000000000001,0.9997019453198925,0.06602568255949201,0.9028361344537815,0.07104438611350858,0.11770256479100458
E6_acoustic_intermittent,ablation_a2,20001007,1,0,,1,False,False,True,8,8,8,1.0,190.39999999999347,0.07126833067673669,0.2325815075333253,0,94.76528211841689,-0.03300732532227657,2.9991058359596776,0.05000000000000001,0.9997019453198925,0.06602568255949201,0.9028361344537815,0.07104438611350858,0.11770256479100458
E6_acoustic_intermittent,covariance_only,20001007,0,0,,0,False,False,True,8,8,8,1.0,190.49999999999346,0.08809892873772651,0.2651889360816764,0,94.8204401170344,-0.0324444886016898,2.9991256117282337,0.05000000000000001,0.9997085372427446,0.07178313768059817,0.9984251968503937,0.09094153079174372,0.1575164732841712
E6_acoustic_intermittent,dead_reckoning,20001007,0,0,,0,False,False,True,8,8,8,1.0,190.59999999999346,0.14423751136283944,0.350687231504915,0,94.87152875329744,-0.031923175986760866,2.9991280395841096,0.05,0.9997093465280366,0.14576384963923436,0.0005246589716684155,0.16398205008604758,0.25230299222349506
E6_acoustic_intermittent,fixed,20001007,0,1,,0,False,False,True,8,8,8,1.0,378.7000000000176,0.07772111836000888,0.2488330079715979,0,95.26324902338509,-0.027926030373621624,1.0197472345281429,0.14997359387377868,0.3399157448427143,0.017644300320917808,1.0,0.026611482048756917,0.0298082437504957
E6_acoustic_intermittent,oracle,20001007,0,1,,0,False,False,True,8,8,8,1.0,190.69999999999345,0.05240959827180163,0.20140432174212153,0,95.34131253267186,-0.02712946395232796,1.037856508653342,0.14994756161510223,0.345952169551114,0.18076882243543976,0.31095962244362874,0.11920682485281245,0.21300916708531556
E6_acoustic_intermittent,proposed,20001007,1,0,,1,False,False,True,8,8,8,1.0,190.39999999999347,0.07126833067673669,0.2325815075333253,0,94.76528211841689,-0.03300732532227657,2.9991058359596776,0.05000000000000001,0.9997019453198925,0.06602568255949201,0.9028361344537815,0.07104438611350858,0.11770256479100458
E6_acoustic_intermittent,residual_only,20001007,0,0,,0,False,False,True,8,8,8,1.0,190.39999999999347,0.07126833067673669,0.2325815075333253,0,94.76528211841689,-0.03300732532227657,2.9991058359596776,0.05000000000000001,0.9997019453198925,0.06602568255949201,0.9028361344537815,0.07104438611350858,0.11770256479100458
E6_acoustic_intermittent,ablation_a1,20001008,1,0,,1,False,False,True,8,8,8,1.0,190.39999999999347,0.1238224195435994,0.4067903236575323,0,94.4856298794131,-0.03586091959782556,3.001576282220737,0.05000000000000001,1.0005254274069124,0.22164205085977945,0.4422268907563025,0.1407450997330483,0.23334599417680388
E6_acoustic_intermittent,ablation_a2,20001008,1,0,,1,False,False,True,8,8,8,1.0,190.39999999999347,0.1238224195435994,0.4067903236575323,0,94.4856298794131,-0.03586091959782556,3.001576282220737,0.05000000000000001,1.0005254274069124,0.22164205085977945,0.4422268907563025,0.1407450997330483,0.23334599417680388
E6_acoustic_intermittent,covariance_only,20001008,0,0,,0,False,False,True,8,8,8,1.0,190.39999999999347,0.12176777214118219,0.3388182608794299,0,94.4727186512362,-0.03599266682412039,3.001646902545125,0.05000000000000001,1.0005489675150416,0.16636264257624736,0.9989495798319328,0.14731257059381564,0.25250204283090083
E6_acoustic_intermittent,dead_reckoning,20001008,0,0,,0,False,False,True,8,8,8,1.0,189.9999999999935,0.2863878644201213,0.5697727926642315,0,94.27622468404314,-0.03799770730568219,3.001643152676103,0.05,1.000547717558701,0.23499437744672436,0.0005263157894736842,0.2706972123800253,0.3892447102461463
E6_acoustic_intermittent,fixed,20001008,0,1,,0,False,False,True,8,8,8,1.0,378.80000000001763,0.10072195125704729,0.24610842694930035,0,95.34601457576171,-0.027081483920798788,1.02054727542537,0.14997360084477293,0.34018242514179,0.0203605216246061,1.0,0.026063406208679488,0.02997256444485537
E6_acoustic_intermittent,oracle,20001008,0,1,,0,False,False,True,8,8,8,1.0,190.59999999999346,0.06134936821672277,0.178193939815257,0,95.1419573145065,-0.029163700872382625,1.0408361100704135,0.14994753410283312,0.3469453700234712,0.08951915780485917,1.0,0.07713386901439202,0.14151577515600255
E6_acoustic_intermittent,proposed,20001008,1,0,,1,False,False,True,8,8,8,1.0,190.39999999999347,0.1238224195435994,0.4067903236575323,0,94.4856298794131,-0.03586091959782556,3.001576282220737,0.05000000000000001,1.0005254274069124,0.22164205085977945,0.4422268907563025,0.1407450997330483,0.23334599417680388
E6_acoustic_intermittent,residual_only,20001008,0,0,,0,False,False,True,8,8,8,1.0,190.39999999999347,0.1238224195435994,0.4067903236575323,0,94.4856298794131,-0.03586091959782556,3.001576282220737,0.05000000000000001,1.0005254274069124,0.22164205085977945,0.4422268907563025,0.1407450997330483,0.23334599417680388
E6_acoustic_intermittent,ablation_a1,20001009,1,0,,1,False,False,True,8,8,8,1.0,190.49999999999346,0.07731650021705486,0.20172789393204482,0,94.69079887849469,-0.03376735838270728,2.999964228848144,0.05000000000000001,0.9999880762827146,0.027418394839181213,0.9522309711286089,0.058943389049209115,0.08612531937646685
E6_acoustic_intermittent,ablation_a2,20001009,1,0,,1,False,False,True,8,8,8,1.0,190.49999999999346,0.07731650021705486,0.20172789393204482,0,94.69079887849469,-0.03376735838270728,2.999964228848144,0.05000000000000001,0.9999880762827146,0.027418394839181213,0.9522309711286089,0.058943389049209115,0.08612531937646685
E6_acoustic_intermittent,covariance_only,20001009,0,0,,0,False,False,True,8,8,8,1.0,190.59999999999346,0.08038065476095745,0.21004888035711433,0,94.74879066861718,-0.03317560542227371,2.999986010812695,0.05,0.999995336937565,0.059892221922957,0.9994753410283316,0.07691702056852434,0.11204032526890882
E6_acoustic_intermittent,dead_reckoning,20001009,0,0,,0,False,False,True,8,8,8,1.0,190.79999999999345,0.051290396590815954,0.22922465217274812,0,94.84903866344615,-0.0321526666995291,2.9999907037595013,0.05,0.9999969012531671,0.09617697784129657,0.0005241090146750524,0.10802861332547825,0.1558496432398707
E6_acoustic_intermittent,fixed,20001009,0,1,,0,False,False,True,8,8,8,1.0,378.00000000001745,0.08544436995306284,0.261504637044661,0,95.2565673553794,-0.027994210659393892,1.018991096303897,0.14997354497354493,0.3396636987679657,0.01569061134579739,1.0,0.025072691923737657,0.030782710166038754
E6_acoustic_intermittent,oracle,20001009,0,1,,0,False,False,True,8,8,8,1.0,190.89999999999344,0.06439938190376625,0.2358230954938687,0,94.8604190176045,-0.032036540636688815,2.0100981665052378,0.4497904662126769,0.6700327221684126,0.02774364903728161,0.9434258774227344,0.05536509244151489,0.08184382253142244
E6_acoustic_intermittent,proposed,20001009,1,0,,1,False,False,True,8,8,8,1.0,190.49999999999346,0.07731650021705486,0.20172789393204482,0,94.69079887849469,-0.03376735838270728,2.999964228848144,0.05000000000000001,0.9999880762827146,0.027418394839181213,0.9522309711286089,0.058943389049209115,0.08612531937646685
E6_acoustic_intermittent,residual_only,20001009,0,0,,0,False,False,True,8,8,8,1.0,190.49999999999346,0.07731650021705486,0.20172789393204482,0,94.69079887849469,-0.03376735838270728,2.999964228848144,0.05000000000000001,0.9999880762827146,0.027418394839181213,0.9522309711286089,0.058943389049209115,0.08612531937646685
E7_compound,ablation_a1,20001000,11,1,0.5000000000001634,4,False,False,False,8,3,8,0.375,203.09999999999275,10.17449144184556,19.178700505822743,0,100.88708495518996,0.02946005056316281,3.0048173751940066,0.05,1.0016057917313355,11.34140116159911,0.14574101427868044,10.597333721450438,17.576909153333148
E7_compound,ablation_a2,20001000,16,12,0.5000000000001634,4,False,False,True,8,8,8,1.0,191.7999999999934,0.5765683229853422,1.9379972871914006,0,97.32985577803211,-0.006838206346611142,2.7090193743670983,0.29233576642335773,0.9030064581223661,0.3277760332249438,0.1611053180396246,0.7899638716437838,1.9317474735805973
E7_compound,covariance_only,20001000,0,0,,0,False,False,False,8,7,8,0.875,194.09999999999326,0.9557095520326806,2.5875908669531915,0,96.586200335621,-0.014426527187540783,3.0051737297381407,0.05,1.0017245765793803,0.5946082600782876,0.18495620814013394,1.2204061586726815,2.448658879747767
E7_compound,dead_reckoning,20001000,0,0,,0,False,False,False,8,6,8,0.75,201.89999999999281,3.026355058072731,7.201169242644101,0,100.3817947378429,0.024304027937172457,3.0048635928321437,0.05000000000000001,1.0016211976107146,3.0068477424936275,0.0004952947003467063,3.1287383149637815,7.022223046982643
E7_compound,fixed,20001000,0,1,,0,False,False,True,8,8,8,1.0,379.0000000000177,0.40929652591505516,1.0950378688341162,0,95.15997459741803,-0.028979851046754823,1.0159387038727843,0.14997361477572554,0.3386462346242614,0.04212493029172744,0.7168865435356201,0.4845059604016027,1.1582736321139848
E7_compound,oracle,20001000,0,1,,0,False,False,True,8,8,8,1.0,383.9000000000188,0.09861245982218707,0.32500198449671425,0,95.639605715355,-0.024085655965765285,3.0011340403575066,0.14997395154988274,1.0003780134525022,0.2212045429926381,0.06876790830945559,0.28216325852606244,0.7301989739521706
E7_compound,proposed,20001000,16,10,0.5000000000001634,4,False,False,True,8,8,8,1.0,201.89999999999281,0.6925151992535752,2.0387397539768175,0,100.0331563716003,0.020746493587758152,2.651258917106206,0.28387815750371476,0.8837529723687353,0.2906156315642778,0.1565131253095592,0.8456307868311451,2.2603698297454797
E7_compound,residual_only,20001000,0,86,,0,False,False,False,8,3,8,0.375,203.09999999999275,10.17449144184556,19.178700505822743,0,100.88708495518996,0.02946005056316281,3.0048173751940066,0.05,1.0016057917313355,11.34140116159911,0.14574101427868044,10.597333721450438,17.576909153333148
E7_compound,ablation_a1,20001001,14,1,0.5000000000001634,4,False,False,False,8,6,8,0.75,219.7999999999918,6.8763744723371465,18.622732213486998,0,109.32708291411225,0.11558247871543115,3.0024487716893957,0.04999999999999999,1.0008162572297985,0.49233496279544936,0.1637852593266606,5.753929011771691,14.480666636758063
E7_compound,ablation_a2,20001001,18,12,0.5000000000001634,4,False,False,True,8,8,8,1.0,191.99999999999338,0.38530405025581527,1.0990863790475442,0,97.47567392986444,-0.00535026602179145,2.626361324659788,0.26671875000000006,0.875453774886596,0.17753821417327917,0.18020833333333333,0.5761249502050663,1.284280189080979
E7_compound,covariance_only,20001001,0,0,,0,False,False,True,8,8,8,1.0,195.49999999999318,0.7411722693703036,3.8658394505495743,0,97.17979511150465,-0.0083694376377077,3.003054523173496,0.05000000000000002,1.0010181743911655,0.45946666031093675,0.18312020460358056,1.2310367277648036,2.809177964651116
E7_compound,dead_reckoning,20001001,0,0,,0,False,False,False,8,5,8,0.625,212.7999999999922,3.381719486425415,7.286828287376478,0,105.78616160101069,0.07945062858174179,3.002527625306726,0.049999999999999996,1.0008425417689086,3.576001031913203,0.00046992481203007516,4.6685724483330215,10.538256778729023
E7_compound,fixed,20001001,0,1,,0,False,False,True,8,8,8,1.0,382.90000000001857,0.2520605099512271,0.6458026830052237,0,96.19216719393363,-0.0184472735312895,1.0163077843564317,0.14997388352050137,0.33876926145214387,0.032010623389585366,0.7197701749804126,0.3415212564985366,0.8882858135006881
E7_compound,oracle,20001001,0,1,,0,False,False,True,8,8,8,1.0,380.60000000001804,0.06855631346399996,0.37316732892640303,0,95.38691324126282,-0.026664150599359004,2.002612390372756,0.14997372569626902,0.6675374634575854,0.18343030500193452,0.09143457698370994,0.3307039166441579,0.7313560125239081
E7_compound,proposed,20001001,18,12,0.5000000000001634,4,False,False,True,8,8,8,1.0,194.29999999999325,0.34257893824046814,1.0990863790475442,0,97.8013952573283,-0.002026579006854101,2.6197036131659313,0.26888831703551214,0.8732345377219771,0.17575489183297427,0.1791044776119403,0.5537407588226789,1.2532504837270906
E7_compound,residual_only,20001001,0,95,,0,False,False,False,8,6,8,0.75,219.7999999999918,6.8763744723371465,18.622732213486998,0,109.32708291411225,0.11558247871543115,3.0024487716893957,0.04999999999999999,1.0008162572297985,0.49233496279544936,0.1637852593266606,5.753929011771691,14.480666636758063
E7_compound,ablation_a1,20001002,8,1,0.5000000000001634,4,False,False,True,8,8,8,1.0,202.99999999999275,1.1777987823820406,4.844634834565867,0,101.15670634399467,0.0322112892244355,3.003310551025972,0.05000000000000001,1.0011035170086573,0.19771580539214215,0.1748768472906404,1.4965747588976421,3.848063517217239
E7_compound,ablation_a2,20001002,13,14,0.5000000000001634,4,False,False,True,8,8,8,1.0,190.79999999999345,0.08050235365173126,0.21159534725557538,0,97.17127938570016,-0.00845633279897795,2.6289121810955742,0.2584905660377359,0.8763040603651914,0.05996170506804083,0.18396226415094338,0.2494932086738676,0.5784277726370121
E7_compound,covariance_only,20001002,0,0,,0,False,False,True,8,8,8,1.0,202.2999999999928,0.7889616374147941,3.0097786792661454,0,100.83182422496682,0.028896165560885922,3.0033425881992177,0.05,1.0011141960664058,0.2408925686424421,0.17844784972812655,1.428353806918792,3.270754940974206
E7_compound,dead_reckoning,20001002,0,0,,0,False,False,True,8,8,8,1.0,225.29999999999148,3.2640445558188294,8.677372025537524,0,112.3880139914461,0.14681646930047032,3.0029285992786843,0.04999999999999999,1.0009761997595614,1.1169834714347127,0.0004438526409232135,5.235265166404258,13.336353679522615
E7_compound,fixed,20001002,0,1,,0,False,False,True,8,8,8,1.0,377.7000000000174,0.18203208249522415,0.6442745313810239,0,95.06606661620286,-0.02993809575303208,1.0185938229812381,0.14997352396081542,0.33953127432707936,0.014262410110671957,0.7159120995499073,0.32960140609056715,0.8219869861092833
E7_compound,oracle,20001002,13,0,0.5000000000001634,4,False,False,True,8,8,8,1.0,196.29999999999313,0.06318184739911203,0.31276938702957047,0,96.35902327381277,-0.0167446604712983,3.0040884545561966,0.2707335710646969,1.0013628181853989,0.12893708843243934,0.1782985226693836,0.2752654011126486,0.68093948110586
E7_compound,proposed,20001002,13,14,0.5000000000001634,4,False,False,True,8,8,8,1.0,191.99999999999338,0.07134121079591021,0.21159534725557538,0,96.69459039112456,-0.013320506213014616,2.624994576043146,0.25968750000000007,0.874998192014382,0.06112930271649839,0.1828125,0.249211416396995,0.5784611722462207
E7_compound,residual_only,20001002,0,86,,0,False,False,True,8,8,8,1.0,202.99999999999275,1.1777987823820406,4.844634834565867,0,101.15670634399467,0.0322112892244355,3.003310551025972,0.05000000000000001,1.0011035170086573,0.19771580539214215,0.1748768472906404,1.4965747588976421,3.848063517217239
E7_compound,ablation_a1,20001003,11,1,0.5000000000001634,4,False,False,False,8,5,8,0.625,172.79999999999447,3.174440832911079,8.229652208703705,0,85.57023129117628,-0.12683437457983382,2.996895832229456,0.05,0.9989652774098187,1.287275332097352,0.1875,5.628729827483747,13.990502995203522
E7_compound,ablation_a2,20001003,13,14,0.5000000000001634,4,False,False,True,8,8,8,1.0,192.39999999999336,0.25239813604221345,0.8326587053873884,0,97.65168685799395,-0.0035542157347555614,2.621815614088165,0.2600831600831601,0.8739385380293884,0.13819809230443383,0.17463617463617465,0.4328775092310882,1.1382858633485107
E7_compound,covariance_only,20001003,0,0,,0,False,False,True,8,8,8,1.0,182.9999999999939,0.6025789046098647,1.7897502132555285,0,90.7193616065337,-0.07429222850475825,2.9969860564275934,0.05000000000000001,0.9989953521425311,0.10763633456800464,0.19289617486338798,1.2277683958625403,2.850911188441017
E7_compound,dead_reckoning,20001003,0,0,,0,False,False,False,8,5,8,0.625,179.99999999999406,1.753837717995866,3.824231915635815,0,89.16163233147482,-0.09018742518903244,2.996901207046504,0.05,0.9989670690155014,2.887392321466143,0.0005555555555555556,2.735990958171528,5.9279474436923865
E7_compound,fixed,20001003,0,1,,0,False,False,True,8,8,8,1.0,383.0000000000186,0.10554501649406409,0.2809311760388695,0,96.25525058990796,-0.01780356540910244,1.0138430241498373,0.14997389033942554,0.3379476747166124,0.028044618471112913,0.7198433420365535,0.34051117850034923,0.8516152538336731
E7_compound,oracle,20001003,0,1,,0,False,False,True,8,8,8,1.0,383.0000000000186,0.10554501649406409,0.2809311760388695,0,96.25525058990796,-0.01780356540910244,1.0138430241498373,0.14997389033942554,0.3379476747166124,0.028044618471112913,0.7198433420365535,0.34051117850034923,0.8516152538336731
E7_compound,proposed,20001003,13,14,0.5000000000001634,4,False,False,True,8,8,8,1.0,194.29999999999325,0.22705266054601922,0.8326587053873884,0,97.3456934512484,-0.006676597436240828,2.6144520487182574,0.26194029850746275,0.8714840162394192,0.14064510036685368,0.1734431291816778,0.4299782421504777,1.125614365576927
E7_compound,residual_only,20001003,0,71,,0,False,False,False,8,5,8,0.625,172.79999999999447,3.174440832911079,8.229652208703705,0,85.57023129117628,-0.12683437457983382,2.996895832229456,0.05,0.9989652774098187,1.287275332097352,0.1875,5.628729827483747,13.990502995203522
E7_compound,ablation_a1,20001004,6,1,0.5000000000001634,2,False,False,False,8,4,8,0.5,344.0000000000097,53.129679795616944,74.63409915023384,2028,171.02029563179028,0.7451050574672478,3.0009927861850847,0.05,1.0003309287283615,74.91590076647117,0.08953488372093023,61.16139294768433,75.02239576756125
E7_compound,ablation_a2,20001004,13,14,0.5000000000001634,4,False,False,True,8,8,8,1.0,190.79999999999345,0.16259593326967078,0.5929632107228628,0,96.98581663675498,-0.010348809829030858,2.6244403375410412,0.2584905660377359,0.8748134458470137,0.16161337894746725,0.17557651991614256,0.3372117724784497,0.8031142901621966
E7_compound,covariance_only,20001004,0,0,,0,False,False,False,8,7,8,0.875,193.89999999999327,0.8687846710412432,3.074916343688277,0,96.1789964187266,-0.018581669196667372,3.0008251916795223,0.05000000000000001,1.000275063893174,0.14220103280299082,0.185146982980918,1.9995946478625568,5.054185891909343
E7_compound,dead_reckoning,20001004,0,0,,0,False,False,False,8,7,8,0.875,216.299999999992,5.129147904446046,11.539274558133386,0,107.41412452400124,0.09606249514286969,3.0006029417201483,0.04999999999999999,1.0002009805733827,2.096824318607313,0.0004623208506703652,4.496919359836251,11.454546072863808
E7_compound,fixed,20001004,0,1,,0,False,False,True,8,8,8,1.0,387.0000000000195,0.16784079600987134,0.7099536486971143,0,97.26078365638485,-0.007543023914440394,1.0176279869211153,0.1499741602067183,0.3392093289737051,0.035348855833318545,0.7227390180878553,0.4838957584047816,1.2919990765609073
E7_compound,oracle,20001004,0,1,,0,False,False,True,8,8,8,1.0,386.40000000001936,0.08883858309028211,0.6689543010116488,0,96.34288449176674,-0.016909341920747556,2.9985394091833473,0.14997412008281574,0.999513136394449,0.1679704009253876,0.1006728778467909,0.3674022664804506,0.9410614176269643
E7_compound,proposed,20001004,13,14,0.5000000000001634,4,False,False,True,8,8,8,1.0,194.49999999999324,0.1608059575374998,0.5929632107228628,0,97.70308210758942,-0.003029774412352859,2.6250307831007844,0.262133676092545,0.8750102610335948,0.166016039240936,0.17326478149100258,0.3319913793620174,0.7895502279725972
E7_compound,residual_only,20001004,0,157,,0,False,False,False,8,4,8,0.5,344.0000000000097,53.129679795616944,74.63409915023384,2028,171.02029563179028,0.7451050574672478,3.0009927861850847,0.05,1.0003309287283615,74.91590076647117,0.08953488372093023,61.16139294768433,75.02239576756125
E7_compound,ablation_a1,20001005,8,1,0.5000000000001634,4,False,False,True,8,8,8,1.0,202.0999999999928,1.5823387740468193,5.301006349046182,0,100.37955617337903,0.02428118544264324,3.002603718289091,0.05,1.0008679060963637,0.3175431925947481,0.17219198416625434,2.3841050714364487,5.4284123710910155
E7_compound,ablation_a2,20001005,13,14,0.5000000000001634,4,False,False,True,8,8,8,1.0,190.69999999999345,0.09240622243544741,0.346851317174782,0,96.99816635008041,-0.010222792346118226,2.6265095014233846,0.25839014158363927,0.8755031671411282,0.057701712273289685,0.18038804404824332,0.23890601906695452,0.5300800632625395
E7_compound,covariance_only,20001005,0,0,,0,False,False,True,8,8,8,1.0,197.49999999999307,0.6157944689119079,1.8802105482935367,0,98.17906655100145,0.0018272097040965551,3.00264869998054,0.05000000000000002,1.0008828999935133,0.07468070380666388,0.18177215189873416,1.2731206451917643,2.8431885693392385
E7_compound,dead_reckoning,20001005,0,0,,0,False,False,False,8,6,8,0.75,188.89999999999355,3.137143524777257,10.020742956049851,0,93.83762500814514,-0.04247321420260064,3.0025296022193366,0.05,1.000843200739779,2.2595392717381357,0.0005293806246691371,3.7933784458359976,8.434757695880405
E7_compound,fixed,20001005,0,1,,0,False,False,True,8,8,8,1.0,378.7000000000176,0.11091415979993965,0.3094418137450372,0,95.42035950495355,-0.026322862194351537,1.0182098808602877,0.14997359387377868,0.3394032936200959,0.00931880668009629,0.7166622656456297,0.22560259476599837,0.6291112833760666
E7_compound,oracle,20001005,13,0,0.5000000000001634,4,False,False,True,8,8,8,1.0,194.69999999999322,0.0703036440270313,0.22308416627726757,0,95.82148055750882,-0.022229790229501778,3.0029201956424223,0.2692604006163329,1.000973398547474,0.04920657906772722,0.17616846430405753,0.30124810001038027,0.6568641088587774
E7_compound,proposed,20001005,13,14,0.5000000000001634,4,False,False,True,8,8,8,1.0,193.4999999999933,0.08437288622573015,0.3220760447084512,0,97.0759393391756,-0.009429190416575417,2.6256851659084766,0.2611627906976745,0.8752283886361588,0.05158415246080972,0.17777777777777778,0.23723769677647646,0.5281509078441432
E7_compound,residual_only,20001005,0,86,,0,False,False,True,8,8,8,1.0,202.0999999999928,1.5823387740468193,5.301006349046182,0,100.37955617337903,0.02428118544264324,3.002603718289091,0.05,1.0008679060963637,0.3175431925947481,0.17219198416625434,2.3841050714364487,5.4284123710910155
E7_compound,ablation_a1,20001006,13,1,0.5000000000001634,4,False,False,False,8,6,8,0.75,210.19999999999234,5.017204739171575,13.18395898941734,0,104.21320497042883,0.06340005071866162,2.998813821791507,0.049999999999999996,0.9996046072638357,0.49924717158235976,0.16888677450047573,4.118577701983727,10.507256734497274
E7_compound,ablation_a2,20001006,13,14,0.5000000000001634,4,False,False,True,8,8,8,1.0,194.69999999999322,0.1601438811707844,0.4633284292191142,0,98.85121847580824,0.008685902814369761,2.6281220587218543,0.262326656394453,0.8760406862406181,0.13450413688056068,0.17770929635336416,0.2747410170000329,0.5799978404086884
E7_compound,covariance_only,20001006,0,0,,0,False,False,False,8,7,8,0.875,195.2999999999932,1.5441398874659307,4.240485089621247,0,96.91529506330225,-0.011068417721405543,2.999022067578214,0.05000000000000001,0.9996740225260714,0.4535859283206063,0.18484383000512034,1.5544284963181292,3.7213373466520796
E7_compound,dead_reckoning,20001006,0,0,,0,False,False,False,8,5,8,0.625,202.1999999999928,3.1798867107792885,7.038865801478432,0,100.42041049472432,0.024698066272697217,2.998738740707793,0.05,0.999579580235931,5.720615313338625,0.0004945598417408506,4.946999631004563,9.51021403179788
E7_compound,fixed,20001006,0,1,,0,False,False,True,8,8,8,1.0,379.5000000000178,0.24758796782482984,0.6960471160211137,0,95.26055006297564,-0.027953570785962834,1.0176748773245947,0.14997364953886688,0.3392249591081982,0.02915921388710115,0.7172595520421607,0.2964274981319211,0.7573038914579346
E7_compound,oracle,20001006,0,1,,0,False,False,True,8,8,8,1.0,384.700000000019,0.07679531028044269,0.23039915003321232,0,95.91148308284502,-0.021311397113826236,3.0003516396344954,0.14997400571874187,1.0001172132114984,0.09360728606290852,0.05536781907980244,0.3118818509217123,0.661139740648865
E7_compound,proposed,20001006,13,14,0.5000000000001634,4,False,False,True,8,8,8,1.0,195.59999999999317,0.17163339223747953,0.4633284292191142,0,98.15825343614468,0.0016148309810681827,2.6193026945361733,0.2631901840490798,0.8731008981787244,0.13712238856165354,0.1768916155419223,0.27345548786004753,0.5798716844293501
E7_compound,residual_only,20001006,0,90,,0,False,False,False,8,6,8,0.75,210.19999999999234,5.017204739171575,13.18395898941734,0,104.21320497042883,0.06340005071866162,2.998813821791507,0.049999999999999996,0.9996046072638357,0.49924717158235976,0.16888677450047573,4.118577701983727,10.507256734497274
E7_compound,ablation_a1,20001007,8,1,0.5000000000001634,4,False,False,False,8,5,8,0.625,181.99999999999395,3.5028793649944228,8.149902717774001,0,90.60914779797197,-0.07541685920436769,3.002349037020795,0.05,1.000783012340265,1.8230725444325289,0.18571428571428572,5.449770198169801,11.810304645684074
E7_compound,ablation_a2,20001007,13,14,0.5000000000001634,4,False,False,True,8,8,8,1.0,190.29999999999347,0.11763783373820645,0.8592907537024601,0,96.75316542617499,-0.012722801773724646,2.624981250258363,0.2579873883342092,0.874993750086121,0.11771860338161529,0.18076720966894377,0.32943262020376246,0.8263367019005559
E7_compound,covariance_only,20001007,0,0,,0,False,False,True,8,8,8,1.0,195.69999999999317,0.3921194998412446,1.7053777573402913,0,97.3782237489418,-0.006344655623042761,3.0022641050464753,0.05000000000000001,1.0007547016821585,0.13442539653358845,0.18344404701073072,0.8717005556590804,2.2260867504563615
E7_compound,dead_reckoning,20001007,0,0,,0,False,False,False,8,7,8,0.875,190.29999999999347,2.7227763344301623,5.88841854084707,0,94.68204268361409,-0.03385670731006041,3.00237669439554,0.05,1.00079223146518,1.8533914741000634,0.0005254860746190226,3.745540888917309,9.328632032964245
E7_compound,fixed,20001007,0,1,,0,False,False,True,8,8,8,1.0,383.6000000000187,0.13989795845011366,0.5986491255703714,0,96.63815122786181,-0.013896416042226356,1.0192227530854963,0.1499739311783107,0.3397409176951654,0.02474021894299129,0.720281543274244,0.37059886309911805,0.9162968179371376
E7_compound,oracle,20001007,0,0,,0,False,False,True,8,8,8,1.0,388.4000000000198,0.0906384634575807,0.7828240785613865,0,96.80820649168187,-0.012161158248144122,3.001120684906526,0.14997425334706485,1.0003735616355087,0.08274619543407292,0.08985581874356334,1.185904528294918,2.8737301432506848
E7_compound,proposed,20001007,13,14,0.5000000000001634,4,False,False,True,8,8,8,1.0,191.29999999999342,0.11207888936619183,0.8565716787278017,0,96.33788065911115,-0.016960401437641326,2.620348671410479,0.25899111343439624,0.8734495571368264,0.12609900310274227,0.17982226868792472,0.3282933945137292,0.8259332341393488
E7_compound,residual_only,20001007,0,76,,0,False,False,False,8,5,8,0.625,181.99999999999395,3.5028793649944228,8.149902717774001,0,90.60914779797197,-0.07541685920436769,3.002349037020795,0.05,1.000783012340265,1.8230725444325289,0.18571428571428572,5.449770198169801,11.810304645684074
E7_compound,ablation_a1,20001008,8,1,0.5000000000001634,4,False,False,False,8,5,8,0.625,172.0999999999945,4.344571124784766,8.497018258319292,0,85.61608948605576,-0.12636643381575763,2.9980482060420304,0.05000000000000001,0.9993494020140101,2.02080845944897,0.16037187681580475,7.003273710974586,15.700650966219449
E7_compound,ablation_a2,20001008,16,14,0.5000000000001634,4,False,False,True,8,8,8,1.0,194.59999999999323,0.8192990040613594,2.8104308748107876,0,98.69937664292738,0.007136496356401789,2.6203053599009665,0.2776464542651593,0.8734351199669889,0.2298332355341035,0.14799588900308325,1.5128641860315484,3.6806984215582776
E7_compound,covariance_only,20001008,0,0,,0,False,False,True,8,8,8,1.0,183.89999999999384,0.2837023680219763,1.5652707709782376,0,91.54921253529179,-0.0658243618847777,2.9986456774516324,0.05000000000000001,0.9995485591505441,0.46629883338672684,0.19086460032626426,0.7479571141807614,1.8437716647500377
E7_compound,dead_reckoning,20001008,0,0,,0,False,False,False,8,7,8,0.875,186.4999999999937,0.9687884579152387,1.5357199629633183,0,92.81716322910896,-0.05288608949888818,2.9988019853469874,0.05000000000000001,0.9996006617823291,2.8094614145419556,0.0005361930294906167,1.552131501742892,2.85758306892257
E7_compound,fixed,20001008,0,1,,0,False,False,True,8,8,8,1.0,383.1000000000186,0.29819813447776394,1.0035202641720913,0,96.21496426648683,-0.018214650341971117,1.018410699005222,0.14997389715478984,0.3394702330017407,0.042731935113226795,0.7199164708953276,0.5797853570513684,1.4666483763366736
E7_compound,oracle,20001008,0,1,,0,False,False,True,8,8,8,1.0,389.00000000001995,0.11776017706073458,0.8283042358807506,0,96.77003478291755,-0.012550665480433154,2.998662050154286,0.44989717223650394,0.9995540167180953,0.165417302197424,0.0832904884318766,0.5740550157207458,1.5216234673532014
E7_compound,proposed,20001008,16,16,0.5000000000001634,4,False,False,True,8,8,8,1.0,202.99999999999275,0.9285227813302951,3.2373697523282505,0,100.1198191656264,0.021630807812514252,2.6746651358169666,0.2796059113300493,0.8915550452723222,0.23021109474988538,0.14433497536945813,1.6842917157910589,4.262067303378233
E7_compound,residual_only,20001008,0,71,,0,False,False,False,8,5,8,0.625,172.0999999999945,4.344571124784766,8.497018258319292,0,85.61608948605576,-0.12636643381575763,2.9980482060420304,0.05000000000000001,0.9993494020140101,2.02080845944897,0.16037187681580475,7.003273710974586,15.700650966219449
E7_compound,ablation_a1,20001009,8,1,0.5000000000001634,4,False,False,False,8,7,8,0.875,196.19999999999314,2.133678912770518,6.949062420489434,0,97.55005111025162,-0.004591315201514123,2.995145986622352,0.05000000000000001,0.9983819955407841,0.21329153022466402,0.18042813455657492,2.0997790094745588,5.550965984869414
E7_compound,ablation_a2,20001009,13,14,0.5000000000001634,4,False,False,True,8,8,8,1.0,191.19999999999342,0.1226234472293957,0.4911423980510272,0,97.07504768333563,-0.009438288945554874,2.6161233904103756,0.2588912133891214,0.8720411301367919,0.061997759119951215,0.18410041841004185,0.2359650794119724,0.5776053896827238
E7_compound,covariance_only,20001009,0,0,,0,False,False,True,8,8,8,1.0,197.49999999999307,1.2261557764810875,4.74544161076542,0,98.21622206111412,0.0022063475623890216,2.9951725571918,0.05000000000000002,0.9983908523972667,0.4335518120190075,0.1827848101265823,2.0146275351906935,4.196805398283736
E7_compound,dead_reckoning,20001009,0,0,,0,False,False,True,8,8,8,1.0,197.39999999999307,0.9865515508191842,2.245284343935807,0,98.10974890718427,0.0011198868080026791,2.9951705563827336,0.05000000000000001,0.9983901854609112,2.1221961041906274,0.0005065856129685917,1.7004553494973291,3.148419311649568
E7_compound,fixed,20001009,0,1,,0,False,False,True,8,8,8,1.0,378.80000000001763,0.10775817046758243,0.28590247764193677,0,95.48508260782607,-0.02566242236912175,1.0178359212626116,0.14997360084477293,0.3392786404208705,0.010616964722480334,0.7167370644139388,0.2558354139855731,0.6153886500586834
E7_compound,oracle,20001009,0,0,,0,False,False,True,8,8,8,1.0,377.60000000001736,0.07739566222762113,0.3892783117876011,0,94.25441262603842,-0.038220279326138584,2.9984006449125284,0.1499735169491525,0.9994668816375095,0.037375200484256965,0.10010593220338983,0.2992712641073212,0.6678267969655719
E7_compound,proposed,20001009,13,14,0.5000000000001634,4,False,False,True,8,8,8,1.0,194.19999999999325,0.07433029469404152,0.25900561392665544,0,97.67974392857565,-0.0032679190961668603,2.6109798676093225,0.2618434603501545,0.8703266225364409,0.056812315047892206,0.1822863027806385,0.23677582878959524,0.5747702933584387
E7_compound,residual_only,20001009,0,83,,0,False,False,False,8,7,8,0.875,196.19999999999314,2.133678912770518,6.949062420489434,0,97.55005111025162,-0.004591315201514123,2.995145986622352,0.05000000000000001,0.9983819955407841,0.21329153022466402,0.18042813455657492,2.0997790094745588,5.550965984869414
E8_turbid_dvl_loss,ablation_a1,20001000,8,1,0.5000000000003766,5,False,False,True,8,8,8,1.0,216.299999999992,1.4439564530577573,5.1800432307527196,0,107.47299441140736,0.09666320827966679,2.999874031269927,0.04999999999999999,0.9999580104233089,0.8887374286300622,0.14054553860379104,1.9660688891432059,4.8884810147249
E8_turbid_dvl_loss,ablation_a2,20001000,7,0,0.5000000000003766,5,False,False,True,8,8,8,1.0,190.19999999999348,0.09574781444443056,0.37851235996628496,0,94.4395464019131,-0.03633115916415197,2.9998534831848156,0.3422712933753944,0.9999511610616052,0.14211006548831975,0.1519453207150368,0.16081157539512808,0.32234537394105867
E8_turbid_dvl_loss,covariance_only,20001000,0,0,,0,False,False,True,8,8,8,1.0,199.29999999999296,0.44681901716806965,0.7608240934815238,0,99.13346074237242,0.011565925942575772,3.000157441920487,0.05000000000000001,1.0000524806401623,0.5292188800712981,0.15805318615153036,0.7833852117451537,1.3627143578281578
E8_turbid_dvl_loss,dead_reckoning,20001000,0,0,,0,False,False,False,8,6,8,0.75,189.39999999999353,2.3912906324212964,4.052715050312967,0,94.17157524690876,-0.039065558705012715,3.0005770086409753,0.05,1.0001923362136584,3.0655121730718715,0.0005279831045406547,2.6230865871348943,5.177582042749674
E8_turbid_dvl_loss,fixed,20001000,0,1,,0,False,False,True,8,8,8,1.0,378.00000000001745,0.07954765722625834,0.2742210812925716,0,95.30776716318512,-0.02747176364096815,1.0128616418396967,0.14997354497354493,0.33762054727989893,0.05142450929954146,0.9997354497354497,0.04447732380313737,0.06572016612237978
E8_turbid_dvl_loss,oracle,20001000,0,1,,0,False,False,True,8,8,8,1.0,379.0000000000177,0.07374265214567385,0.24582255713692192,0,94.99739549302716,-0.030638821499722857,2.006482016017216,0.44989445910290254,0.6688273386724054,0.19082453281423767,0.2287598944591029,0.15051881907147827,0.2426991735043035
E8_turbid_dvl_loss,proposed,20001000,7,0,0.5000000000003766,5,False,False,True,8,8,8,1.0,190.19999999999348,0.09574781444443056,0.37851235996628496,0,94.4395464019131,-0.03633115916415197,2.9998534831848156,0.3422712933753944,0.9999511610616052,0.14211006548831975,0.1519453207150368,0.16081157539512808,0.32234537394105867
E8_turbid_dvl_loss,residual_only,20001000,0,89,,0,False,False,True,8,8,8,1.0,215.69999999999203,1.0217411528886795,4.173700059237057,0,107.21984717223131,0.09408007318603384,3.0031851075101748,0.049999999999999996,1.0010617025033917,0.816618447286028,0.18915159944367177,1.5493101068895119,3.653468885001476
E8_turbid_dvl_loss,ablation_a1,20001001,11,1,0.5000000000003766,5,False,False,True,8,8,8,1.0,193.2999999999933,0.6434232619387685,1.5132260340851698,0,95.81970753192213,-0.022247882327325108,2.999206149184184,0.05,0.9997353830613948,0.5217902770807392,0.15261251939989653,1.410513893683108,2.4613141861608088
E8_turbid_dvl_loss,ablation_a2,20001001,7,0,0.5000000000003766,5,False,False,True,8,8,8,1.0,190.69999999999345,0.11706088142687682,0.35785056980069996,0,94.56917850233786,-0.03500838262920547,3.0003369775039834,0.34255374934452026,1.0001123258346611,0.16781801795230872,0.15364446775039328,0.1421909060616943,0.25393348324412307
E8_turbid_dvl_loss,covariance_only,20001001,0,0,,0,False,False,False,8,7,8,0.875,188.1999999999936,1.0137867940180094,2.4921216612998602,0,93.25398131739016,-0.048428762067447395,2.9990839493664576,0.05,0.9996946497888192,0.5878256270670372,0.15993623804463336,1.7823743340739682,3.9068380196828127
E8_turbid_dvl_loss,dead_reckoning,20001001,0,0,,0,False,False,False,8,6,8,0.75,189.9999999999935,4.020273459497908,8.14276760927781,0,94.07414564965701,-0.040059738268806044,2.9991189251899595,0.05,0.9997063083966532,2.4294733622946283,0.0005263157894736842,4.475589286505082,10.598921867834871
E8_turbid_dvl_loss,fixed,20001001,0,1,,0,False,False,True,8,8,8,1.0,379.1000000000177,0.07543839007864526,0.23983767877875017,0,95.29816315763465,-0.027569763697605665,1.0216322163279838,0.14997362173568976,0.34054407210932797,0.03453157278779428,1.0,0.03581118161268776,0.052159064429843784
E8_turbid_dvl_loss,oracle,20001001,0,1,,0,False,False,True,8,8,8,1.0,378.90000000001766,0.0606348970636247,0.2806128177735996,0,94.49654741887022,-0.035749516133977366,2.998629823520508,0.14997360781208757,0.999543274506836,0.10436397418973821,0.04645025072578517,0.09513712310852737,0.17941275829372486
E8_turbid_dvl_loss,proposed,20001001,7,0,0.5000000000003766,5,False,False,True,8,8,8,1.0,190.69999999999345,0.11706088142687682,0.35785056980069996,0,94.56917850233786,-0.03500838262920547,3.0003369775039834,0.34255374934452026,1.0001123258346611,0.16781801795230872,0.15364446775039328,0.1421909060616943,0.25393348324412307
E8_turbid_dvl_loss,residual_only,20001001,0,86,,0,False,False,True,8,8,8,1.0,206.29999999999256,0.5037662110436869,1.3830060421138306,0,102.48445907198193,0.0457597864487953,2.9982874338044856,0.05,0.9994291446014952,0.4341108693563942,0.20067862336403297,1.1118276223640944,2.7548493145978896
E8_turbid_dvl_loss,ablation_a1,20001002,11,1,0.5000000000003766,5,False,False,True,8,8,8,1.0,196.09999999999314,0.28039802302341366,1.1678938445484608,0,97.65529606607424,-0.003517387080875123,3.0028526485091716,0.05,1.0009508828363904,0.23805098061851987,0.15961244263131055,0.8046947517023963,1.9142243876864984
E8_turbid_dvl_loss,ablation_a2,20001002,7,0,0.5000000000003766,5,False,False,True,8,8,8,1.0,189.8999999999935,0.07654260021693077,0.2698069000672132,0,94.4363097624127,-0.03636418609782954,3.0024140936623005,0.3310426540284361,1.0008046978874334,0.025872596000566305,0.16113744075829384,0.10889838663098837,0.2288181885586775
E8_turbid_dvl_loss,covariance_only,20001002,0,0,,0,False,False,True,8,8,8,1.0,192.59999999999334,0.19058807217261797,0.6919323068672671,0,95.8982199099534,-0.02144673561272048,3.0029638467830773,0.05,1.0009879489276925,0.2072917766797566,0.16355140186915887,0.5796734341436268,1.1646791060692925
E8_turbid_dvl_loss,dead_reckoning,20001002,0,0,,0,False,False,False,8,7,8,0.875,192.49999999999335,1.2200188336546054,3.470297945591548,0,95.8271520649739,-0.0221719177043479,3.0029672920474253,0.05,1.0009890973491418,1.2658589460700278,0.0005194805194805195,1.1783199721527131,2.6204006271766316
E8_turbid_dvl_loss,fixed,20001002,0,1,,0,False,False,True,8,8,8,1.0,379.40000000001777,0.08714920819619097,0.2628070614648159,0,95.2729607729001,-0.027826930888774415,1.0160390713982705,0.14997364259356877,0.3386796904660902,0.01917430268275306,1.0,0.029021167949881785,0.042956985274095416
E8_turbid_dvl_loss,oracle,20001002,0,1,,0,False,False,True,8,8,8,1.0,191.29999999999342,0.05830403381737462,0.16499207011282913,0,95.38474120352242,-0.026686314249771192,2.0128434227403464,0.4497909043387351,0.6709478075801155,0.0653689951468373,0.1411395713538944,0.12687561372873066,0.24056326767451938
E8_turbid_dvl_loss,proposed,20001002,7,0,0.5000000000003766,5,False,False,True,8,8,8,1.0,189.8999999999935,0.07654260021693077,0.2698069000672132,0,94.4363097624127,-0.03636418609782954,3.0024140936623005,0.3310426540284361,1.0008046978874334,0.025872596000566305,0.16113744075829384,0.10889838663098837,0.2288181885586775
E8_turbid_dvl_loss,residual_only,20001002,0,77,,0,False,False,True,8,8,8,1.0,189.49999999999352,0.16507567996504366,0.4455486280043566,0,94.3293972727208,-0.03745512987019595,3.002961009119831,0.05,1.0009870030399437,0.1851564061441751,0.21688654353562006,0.3051535679164462,0.5635737979068045
E8_turbid_dvl_loss,ablation_a1,20001003,14,1,0.5000000000003766,5,False,False,True,8,8,8,1.0,182.39999999999392,0.3481835735325798,1.872319762080716,0,90.56238630552357,-0.07589401729057577,2.9989357515868327,0.05000000000000001,0.9996452505289443,0.3085445674467913,0.15844298245614036,0.9316977422225109,2.242206621405302
E8_turbid_dvl_loss,ablation_a2,20001003,7,0,0.5000000000003766,5,False,False,True,8,8,8,1.0,191.29999999999342,0.06354504977617947,0.2675076776436267,0,94.90143719152982,-0.03161798784153247,2.9992592585654303,0.3319132253005751,0.9997530861884768,0.1686128547410955,0.15211709357030842,0.11324345611977356,0.19702775884868506
E8_turbid_dvl_loss,covariance_only,20001003,0,0,,0,False,False,True,8,8,8,1.0,185.29999999999376,0.3283298332066469,1.3354349661957876,0,92.03209135721127,-0.06089702696723187,2.9989378565651483,0.05,0.9996459521883828,0.3150803500327538,0.1645979492714517,0.6322604021144058,1.3982451524582944
E8_turbid_dvl_loss,dead_reckoning,20001003,0,0,,0,False,False,False,8,4,8,0.5,212.8999999999922,4.637912218637461,14.06573233065328,0,105.87514562178124,0.08035862879368616,2.9992402236977793,0.049999999999999996,0.9997467412325931,3.0174575037530658,0.0004697040864255519,7.00100637989111,16.523905805366642
E8_turbid_dvl_loss,fixed,20001003,0,1,,0,False,False,True,8,8,8,1.0,379.40000000001777,0.08630951915524558,0.25382575200976465,0,95.31952763763117,-0.02735175879968199,1.0238837831574659,0.14997364259356877,0.34129459438582194,0.03704948317630632,1.0,0.03292303959743256,0.04878000896794018
E8_turbid_dvl_loss,oracle,20001003,0,1,,0,False,False,True,8,8,8,1.0,190.49999999999346,0.050432021402998094,0.10514789918352907,0,95.00867567214429,-0.03052371763118067,2.009910127319101,0.44979002624671927,0.6699700424397004,0.149440068215611,0.13753280839895013,0.12291577410852976,0.21939425706688712
E8_turbid_dvl_loss,proposed,20001003,7,0,0.5000000000003766,5,False,False,True,8,8,8,1.0,191.29999999999342,0.06354504977617947,0.2675076776436267,0,94.90143719152982,-0.03161798784153247,2.9992592585654303,0.3319132253005751,0.9997530861884768,0.1686128547410955,0.15211709357030842,0.11324345611977356,0.19702775884868506
E8_turbid_dvl_loss,residual_only,20001003,0,75,,0,False,False,True,8,8,8,1.0,187.59999999999363,0.5029546344998859,1.2100960676930776,0,93.40088538049534,-0.04692974101535363,3.0043609259625987,0.05,1.0014536419875328,0.19352124260618528,0.22068230277185502,0.8515643639568092,1.893735928988426
E8_turbid_dvl_loss,ablation_a1,20001004,14,1,0.5000000000003766,5,False,False,False,8,6,8,0.75,183.99999999999383,1.4939076026300648,3.757655880831745,0,91.64267232559324,-0.06487069055517103,2.9972799019397063,0.05000000000000001,0.9990933006465688,0.3151219709069261,0.1559782608695652,2.0260873230938334,4.368414944150192
E8_turbid_dvl_loss,ablation_a2,20001004,7,0,0.5000000000003766,5,False,False,True,8,8,8,1.0,189.6999999999935,0.0814887729256859,0.2931620750296293,0,94.32634899967971,-0.03748623469714585,2.996806830264223,0.34198734844491313,0.9989356100880743,0.13843067396046907,0.1528729573010016,0.14508811024733512,0.23578246277773876
E8_turbid_dvl_loss,covariance_only,20001004,0,0,,0,False,False,True,8,8,8,1.0,187.79999999999362,0.26969165409808293,0.9293440459930444,0,93.50884101960659,-0.04582815286115727,2.9974278038399076,0.05,0.9991426012799692,0.25493463537415156,0.16187433439829607,0.5685663710054717,1.4628416668431639
E8_turbid_dvl_loss,dead_reckoning,20001004,0,0,,0,False,False,False,8,6,8,0.75,188.1999999999936,2.7087933433048796,7.52681602305244,0,93.72190820409683,-0.04365399791737923,2.997455758881209,0.05,0.9991519196270696,0.8051207557918237,0.0005313496280552603,3.1054970730057745,7.855771383304908
E8_turbid_dvl_loss,fixed,20001004,0,1,,0,False,False,True,8,8,8,1.0,377.4000000000173,0.07301784898210403,0.3427572581165368,0,95.19251478931699,-0.028647808272275643,1.0178882060690129,0.1499735029146793,0.33929606868967094,0.04103193379169479,0.9997350291467939,0.03664166998584981,0.05169682792496236
E8_turbid_dvl_loss,oracle,20001004,0,1,,0,False,False,True,8,8,8,1.0,190.59999999999346,0.04977735578110311,0.44800528145833773,0,95.03688858792731,-0.030235830735435676,1.042230874288816,0.44979013641133275,0.34741029142960533,0.1480430218829596,0.10912906610703044,0.15289042087426818,0.28682476224459297
E8_turbid_dvl_loss,proposed,20001004,7,0,0.5000000000003766,5,False,False,True,8,8,8,1.0,189.6999999999935,0.0814887729256859,0.2931620750296293,0,94.32634899967971,-0.03748623469714585,2.996806830264223,0.34198734844491313,0.9989356100880743,0.13843067396046907,0.1528729573010016,0.14508811024733512,0.23578246277773876
E8_turbid_dvl_loss,residual_only,20001004,0,73,,0,False,False,False,8,6,8,0.75,183.19999999999388,1.0171822790354497,3.0919530858231727,0,90.8735186559683,-0.07271919738807864,3.0042510921329604,0.05000000000000001,1.0014170307109869,0.1832346023529316,0.2210698689956332,1.7113008646475527,3.7878856685142424
E8_turbid_dvl_loss,ablation_a1,20001005,11,1,0.5000000000003766,5,False,False,True,8,8,8,1.0,189.29999999999353,0.6046065819933333,1.2758444292223627,0,94.35114496035928,-0.03723321469021146,2.9987810858029293,0.05,0.9995936952676431,0.06187750986918603,0.15795034337031166,0.9416228308179541,1.9921773084960932
E8_turbid_dvl_loss,ablation_a2,20001005,7,0,0.5000000000003766,5,False,False,True,8,8,8,1.0,189.6999999999935,0.08752805081129666,0.3208346832334339,0,94.52861356945459,-0.035422310515769495,2.998741594127851,0.33091723774380605,0.9995805313759503,0.04551329050717755,0.1565629942013706,0.11679879721159815,0.23450248115100286
E8_turbid_dvl_loss,covariance_only,20001005,0,0,,0,False,False,True,8,8,8,1.0,187.29999999999364,0.5784899914508065,1.2617510189559873,0,93.36066453300946,-0.04734015782643408,2.9987672636668603,0.05,0.9995890878889534,0.13367457563143154,0.16444207154297918,0.8714519156952197,1.9880615346236328
E8_turbid_dvl_loss,dead_reckoning,20001005,0,0,,0,False,False,False,8,4,8,0.5,205.8999999999926,10.081447928675873,21.067333322713118,0,102.3423914157295,0.044310116487035645,2.998714199343999,0.05000000000000001,0.999571399781333,1.754136000944382,0.00048567265662943174,8.213305214826722,19.87112910128246
E8_turbid_dvl_loss,fixed,20001005,0,1,,0,False,False,True,8,8,8,1.0,379.0000000000177,0.08597676218612298,0.2571525311890688,0,95.29533591267884,-0.02759861313593026,1.0196645412056542,0.14997361477572554,0.33988818040188473,0.006130104926283445,1.0,0.023251093961242704,0.04182794601234758
E8_turbid_dvl_loss,oracle,20001005,0,1,,0,False,False,True,8,8,8,1.0,190.09999999999349,0.048824775719469325,0.165255354708421,0,95.1486979754868,-0.029094918617481702,1.0373693982940435,0.4497895844292479,0.34578979943134786,0.015890448706385913,0.9652814308258811,0.04555159896268048,0.06770643853823456
E8_turbid_dvl_loss,proposed,20001005,7,0,0.5000000000003766,5,False,False,True,8,8,8,1.0,189.6999999999935,0.08752805081129666,0.3208346832334339,0,94.52861356945459,-0.035422310515769495,2.998741594127851,0.33091723774380605,0.9995805313759503,0.04551329050717755,0.1565629942013706,0.11679879721159815,0.23450248115100286
E8_turbid_dvl_loss,residual_only,20001005,0,78,,0,False,False,True,8,8,8,1.0,191.99999999999338,0.6268789399983266,1.9422541459405949,0,95.6401078823682,-0.024080531812569417,3.0006498183253627,0.05000000000000001,1.0002166061084543,0.010800940008571486,0.2046875,1.3336374415329575,2.5632260473343957
E8_turbid_dvl_loss,ablation_a1,20001006,8,1,0.5000000000003766,5,False,False,True,8,8,8,1.0,205.09999999999263,0.35132361452016253,1.8429324251691153,0,101.96742633498748,0.04048394219374973,3.001189571062503,0.05,1.000396523687501,0.43857348872853774,0.14870794734275963,0.8716959495658154,2.115855236937789
E8_turbid_dvl_loss,ablation_a2,20001006,7,0,0.5000000000003766,5,False,False,True,8,8,8,1.0,190.09999999999349,0.12660547888957574,0.3081825810166059,0,94.45531624562335,-0.036170242391598495,3.0007244744379324,0.33116780641767496,1.0002414914793107,0.15105460356795855,0.1551814834297738,0.1324003649370935,0.2352126725979844
E8_turbid_dvl_loss,covariance_only,20001006,0,0,,0,False,False,True,8,8,8,1.0,197.69999999999305,0.20469928529418877,1.420621649261168,0,98.24623922620951,0.002512645165403171,3.0013862980300887,0.05000000000000001,1.0004620993433628,0.3646640549856484,0.1573090541224077,0.6401860576369753,1.7243019445967847
E8_turbid_dvl_loss,dead_reckoning,20001006,0,0,,0,False,False,False,8,6,8,0.75,183.19999999999388,1.2376643257350577,3.917335429618929,0,90.97302643325135,-0.07170381190559849,3.0010036767905546,0.05000000000000001,1.0003345589301849,1.645859968974999,0.0005458515283842794,1.8423487198962467,4.228430151523306
E8_turbid_dvl_loss,fixed,20001006,0,1,,0,False,False,True,8,8,8,1.0,378.2000000000175,0.07519007289296628,0.2591572474461561,0,95.25864865819146,-0.0279729728755973,1.0190020441168195,0.14997355896351133,0.33966734803893983,0.03151366942365537,1.0,0.03688574618932594,0.05258386201521463
E8_turbid_dvl_loss,oracle,20001006,0,1,,0,False,False,True,8,8,8,1.0,190.29999999999347,0.05228023552268943,0.17739561280183747,0,95.11269177131592,-0.029462328864123255,1.0394264909397206,0.4497898055701525,0.34647549697990687,0.0825270584904355,0.9579611140304782,0.058438854599262784,0.08975267510079593
E8_turbid_dvl_loss,proposed,20001006,7,0,0.5000000000003766,5,False,False,True,8,8,8,1.0,190.09999999999349,0.12660547888957574,0.3081825810166059,0,94.45531624562335,-0.036170242391598495,3.0007244744379324,0.33116780641767496,1.0002414914793107,0.15105460356795855,0.1551814834297738,0.1324003649370935,0.2352126725979844
E8_turbid_dvl_loss,residual_only,20001006,0,88,,0,False,False,True,8,8,8,1.0,213.59999999999215,0.8905863884069121,3.8134088688279904,0,106.12579784395297,0.08291630453013221,3.0012005850145154,0.04999999999999999,1.0004001950048385,0.5518721192447904,0.19428838951310862,1.450756550626018,3.600972530124654
E8_turbid_dvl_loss,ablation_a1,20001007,14,1,0.5000000000003766,5,False,False,True,8,8,8,1.0,188.39999999999358,0.4216096528673333,1.516540445881466,0,93.34435038338945,-0.04750662874092393,2.9897070475633223,0.05000000000000001,0.9965690158544408,0.03850402885063086,0.15552016985138004,0.9339776835843885,2.0441794986199175
E8_turbid_dvl_loss,ablation_a2,20001007,7,0,0.5000000000003766,5,False,False,True,8,8,8,1.0,190.79999999999345,0.10205726260169459,0.38542479371787497,0,94.75209024144013,-0.033141936311835374,2.990308176585892,0.3316037735849057,0.9967693921952973,0.08976041640242445,0.15251572327044025,0.12497942821016217,0.2503102620546524
E8_turbid_dvl_loss,covariance_only,20001007,0,0,,0,False,False,True,8,8,8,1.0,190.79999999999345,0.16382448558078327,0.42137680914977693,0,94.56983604159926,-0.035001673044905535,2.989853908109382,0.05,0.996617969369794,0.12376200962855735,0.159853249475891,0.27218923477877466,0.5700989516651223
E8_turbid_dvl_loss,dead_reckoning,20001007,0,0,,0,False,False,True,8,8,8,1.0,210.69999999999231,2.1490748370353336,6.178475323163454,0,104.62949804885578,0.06764793927403856,2.990678137758758,0.049999999999999996,0.9968927125862527,1.5849859839479876,0.00047460844803037496,2.602750377994776,5.790297203955818
E8_turbid_dvl_loss,fixed,20001007,0,1,,0,False,False,True,8,8,8,1.0,378.90000000001766,0.0749986943137331,0.24019752090734237,0,95.23001222270545,-0.02826518140096479,1.0170796688814956,0.14997360781208757,0.3390265562938319,0.03258665139873823,1.0,0.032382445586882434,0.047469214413182116
E8_turbid_dvl_loss,oracle,20001007,0,1,,0,False,False,True,8,8,8,1.0,191.19999999999342,0.03842589051809683,0.16851285300790408,0,95.14976457398367,-0.029084034959350302,3.0054086044057957,0.44979079497907964,1.0018028681352653,0.06446014781941438,0.23274058577405857,0.11394823095297162,0.23327675598350128
E8_turbid_dvl_loss,proposed,20001007,7,0,0.5000000000003766,5,False,False,True,8,8,8,1.0,190.79999999999345,0.10205726260169459,0.38542479371787497,0,94.75209024144013,-0.033141936311835374,2.990308176585892,0.3316037735849057,0.9967693921952973,0.08976041640242445,0.15251572327044025,0.12497942821016217,0.2503102620546524
E8_turbid_dvl_loss,residual_only,20001007,0,74,,0,False,False,False,8,7,8,0.875,184.3999999999938,0.8946835282132836,2.2123097481350538,0,91.89999015709067,-0.06224499839703401,2.9949808622374907,0.05000000000000001,0.9983269540791636,0.07247794204771091,0.2245119305856833,1.4395062963204692,3.3300123353184756
E8_turbid_dvl_loss,ablation_a1,20001008,14,1,0.5000000000003766,5,False,False,False,8,7,8,0.875,188.79999999999356,1.0788348107432555,3.1483871252822437,0,93.96736097953205,-0.04114937775987704,3.000556586326786,0.05,1.0001855287755952,0.3623490778986348,0.1483050847457627,2.014395656742581,4.138407521894975
E8_turbid_dvl_loss,ablation_a2,20001008,7,0,0.5000000000003766,5,False,False,True,8,8,8,1.0,189.39999999999353,0.0931771536097644,0.27666317382374395,0,94.36500226752501,-0.037091813596683565,3.00068400800257,0.3418162618796199,1.0002280026675232,0.16914334885278773,0.146779303062302,0.15342303059816303,0.26590214471238177
E8_turbid_dvl_loss,covariance_only,20001008,0,0,,0,False,False,False,8,6,8,0.75,195.69999999999317,1.6378144944651578,4.767498450266784,0,97.35817223993466,-0.006549262857809546,3.00030858822409,0.05000000000000001,1.0001028627413633,0.32416557903984794,0.1594276954522228,2.436472608903625,5.155021010859529
E8_turbid_dvl_loss,dead_reckoning,20001008,0,0,,0,False,False,False,8,6,8,0.75,231.59999999999113,6.9139725714936136,16.03277388274781,0,115.05437342517985,0.1740242186242842,2.999698829518301,0.049999999999999996,0.9998996098394337,4.409465693689271,0.0004317789291882556,6.703327807124035,15.589249208643974
E8_turbid_dvl_loss,fixed,20001008,0,1,,0,False,False,True,8,8,8,1.0,378.1000000000175,0.09435919105774374,0.2800366548117723,0,95.1812262251613,-0.028762997702435733,1.0194700967164143,0.14997355197037818,0.3398233655721381,0.04835633505699625,1.0,0.041812852125678764,0.06101607389649987
E8_turbid_dvl_loss,oracle,20001008,0,1,,0,False,False,True,8,8,8,1.0,189.7999999999935,0.04939358796653959,0.20351300520550275,0,95.0688559499631,-0.029909633163641924,1.0429024772320497,0.05,0.3476341590773499,0.12753035089247203,1.0,0.06312988715046472,0.1020680069049462
E8_turbid_dvl_loss,proposed,20001008,7,0,0.5000000000003766,5,False,False,True,8,8,8,1.0,189.39999999999353,0.0931771536097644,0.27666317382374395,0,94.36500226752501,-0.037091813596683565,3.00068400800257,0.3418162618796199,1.0002280026675232,0.16914334885278773,0.146779303062302,0.15342303059816303,0.26590214471238177
E8_turbid_dvl_loss,residual_only,20001008,0,72,,0,False,False,False,8,7,8,0.875,178.99999999999412,0.8658171318383655,2.4747595130604143,0,89.14795859011373,-0.09032695316210482,3.0013067034200747,0.05000000000000001,1.0004355678066916,0.0908286912892654,0.2016759776536313,1.4509739317921813,3.5487357353323246
E8_turbid_dvl_loss,ablation_a1,20001009,8,1,0.5000000000003766,5,False,False,True,8,8,8,1.0,188.69999999999357,0.15901032099671752,0.7141358075907913,0,93.79594363022656,-0.04289853438544322,2.993665092984821,0.05,0.9978883643282738,0.11476638740167207,0.16110227874933758,0.33924005387568185,0.839093600361418
E8_turbid_dvl_loss,ablation_a2,20001009,7,0,0.5000000000003766,5,False,False,True,8,8,8,1.0,189.6999999999935,0.7550016767141511,2.2701102897544994,0,94.28486482498975,-0.03790954260214541,2.992307871121032,0.34198734844491313,0.997435957040344,0.03635158960917357,0.16025303110173958,1.4383898706707774,4.3448691628764555
E8_turbid_dvl_loss,covariance_only,20001009,0,0,,0,False,False,True,8,8,8,1.0,187.69999999999362,0.16848236881802892,0.8927939696064957,0,93.29392676212674,-0.04802115548850261,2.9936108421536947,0.05,0.9978702807178982,0.0977700605598911,0.16515716568993075,0.4298058485281399,1.174460557872731
E8_turbid_dvl_loss,dead_reckoning,20001009,0,0,,0,False,False,False,8,7,8,0.875,198.89999999999299,1.0755635210266898,3.3083297203440556,0,98.86489364680396,0.008825445375550744,2.9943910177613886,0.05000000000000001,0.9981303392537962,3.8023364072728465,0.0005027652086475615,2.4169758140421806,3.886887348136269
E8_turbid_dvl_loss,fixed,20001009,0,1,,0,False,False,True,8,8,8,1.0,379.30000000001775,0.0921806651395749,0.274463212693135,0,95.32160525142265,-0.02733055865895251,1.0202380530153827,0.14997363564460847,0.3400793510051276,0.011980130427940508,1.0,0.026941603724958255,0.04184253903549555
E8_turbid_dvl_loss,oracle,20001009,0,1,,0,False,False,True,8,8,8,1.0,192.29999999999336,0.041934718153996436,0.1663611007304615,0,95.81840001984715,-0.022261224287274062,2.0056629382597357,0.05,0.6685543127532453,0.06606999753076166,0.35257410296411856,0.1651156950742688,0.32613608256624943
E8_turbid_dvl_loss,proposed,20001009,7,0,0.5000000000003766,5,False,False,True,8,8,8,1.0,189.6999999999935,0.7550016767141511,2.2701102897544994,0,94.28486482498975,-0.03790954260214541,2.992307871121032,0.34198734844491313,0.997435957040344,0.03635158960917357,0.16025303110173958,1.4383898706707774,4.3448691628764555
E8_turbid_dvl_loss,residual_only,20001009,0,79,,0,False,False,True,8,8,8,1.0,193.99999999999326,0.10469926121823597,0.6202940021022769,0,96.39890182150023,-0.01633773651530379,2.9998725373522594,0.05000000000000001,0.9999575124507531,0.029662144298016585,0.20618556701030927,0.39656277432007075,0.9630329977888641
E9_current_unobservable,ablation_a1,20001000,3,0,0.5000000000004476,2,False,False,True,8,8,8,1.0,190.49999999999346,0.07148095525634876,0.19890000054338008,0,94.80218594073132,-0.03263075570682328,3.0013010568649334,0.05000000000000001,1.0004336856216445,0.26494655914169823,0.7690288713910761,0.11745529491344545,0.26123693068249687
E9_current_unobservable,ablation_a2,20001000,3,0,0.5000000000004476,2,False,False,True,8,8,8,1.0,190.49999999999346,0.07148095525634876,0.19890000054338008,0,94.80218594073132,-0.03263075570682328,3.0013010568649334,0.05000000000000001,1.0004336856216445,0.26494655914169823,0.7690288713910761,0.11745529491344545,0.26123693068249687
E9_current_unobservable,covariance_only,20001000,0,0,,0,False,False,True,8,8,8,1.0,190.39999999999347,0.07799569814692192,0.19255087941228766,0,94.7610045656215,-0.033050973820188734,3.0013432281991324,0.05000000000000001,1.000447742733044,0.2018507732506342,1.0,0.12231003384420241,0.2505475139327406
E9_current_unobservable,dead_reckoning,20001000,0,0,,0,False,False,True,8,8,8,1.0,198.599999999993,0.753124041093737,1.920499162560489,0,98.86004387888292,0.008775957947784851,3.001263165350583,0.05,1.0004210551168609,2.4730780907961285,0.0005035246727089627,1.785335771484645,2.9611095890528607
E9_current_unobservable,fixed,20001000,0,1,,0,False,False,True,8,8,8,1.0,378.40000000001754,0.08715256737968706,0.25963253181608437,0,95.28768145938453,-0.027676719802198657,1.0170541530273502,0.14997357293868915,0.33901805100911675,0.01900253267071553,1.0,0.02861855378459883,0.03391514819141395
E9_current_unobservable,oracle,20001000,0,1,,0,False,False,True,8,8,8,1.0,190.19999999999348,0.06481962294561938,0.2420536696187714,0,95.06718112193425,-0.029926723245568887,1.0322056654263774,0.14994742376445844,0.3440685551421258,0.07870398676356191,0.9842271293375394,0.06081829345550325,0.0865632921570199
E9_current_unobservable,proposed,20001000,3,0,0.5000000000004476,2,False,False,True,8,8,8,1.0,190.49999999999346,0.07148095525634876,0.19890000054338008,0,94.80218594073132,-0.03263075570682328,3.0013010568649334,0.05000000000000001,1.0004336856216445,0.26494655914169823,0.7690288713910761,0.11745529491344545,0.26123693068249687
E9_current_unobservable,residual_only,20001000,0,0,,0,False,False,True,8,8,8,1.0,190.49999999999346,0.07148095525634876,0.19890000054338008,0,94.80218594073132,-0.03263075570682328,3.0013010568649334,0.05000000000000001,1.0004336856216445,0.26494655914169823,0.7690288713910761,0.11745529491344545,0.26123693068249687
E9_current_unobservable,ablation_a1,20001001,3,0,0.5000000000004476,2,False,False,True,8,8,8,1.0,190.29999999999347,0.07938830238243187,0.22886033069522682,0,94.5681284957765,-0.035019096981872444,3.0070106411091393,0.05,1.002336880369713,0.12151049050409399,0.9206516027325276,0.07247177038555105,0.12562595091745915
E9_current_unobservable,ablation_a2,20001001,3,0,0.5000000000004476,2,False,False,True,8,8,8,1.0,190.29999999999347,0.07938830238243187,0.22886033069522682,0,94.5681284957765,-0.035019096981872444,3.0070106411091393,0.05,1.002336880369713,0.12151049050409399,0.9206516027325276,0.07247177038555105,0.12562595091745915
E9_current_unobservable,covariance_only,20001001,0,0,,0,False,False,True,8,8,8,1.0,190.39999999999347,0.07980362879021496,0.2263160476036088,0,94.63741180379317,-0.03431212445109011,3.006911008003967,0.05000000000000001,1.0023036693346556,0.13920904128113754,0.9989495798319328,0.09244793200862218,0.187095691846797
E9_current_unobservable,dead_reckoning,20001001,0,0,,0,False,False,False,8,7,8,0.875,196.09999999999314,1.0564557829679355,3.204717149338496,0,97.40640646684693,-0.006057076868908884,3.0069480193066824,0.05,1.0023160064355607,1.5958355052193212,0.0005099439061703213,1.5867050201280126,2.7866868939252063
E9_current_unobservable,fixed,20001001,0,1,,0,False,False,True,8,8,8,1.0,378.40000000001754,0.07418297260452254,0.24312191176761289,0,95.27873577293944,-0.02776800231694443,1.0161399763121215,0.14997357293868915,0.3387133254373738,0.016218613270615412,1.0,0.026977267895749852,0.03188219003728009
E9_current_unobservable,oracle,20001001,0,1,,0,False,False,True,8,8,8,1.0,190.59999999999346,0.05992194839245209,0.21850570730047636,0,95.20559633045951,-0.028514323158576382,1.043539391331239,0.05,0.3478464637770797,0.035900835774897555,1.0,0.05227240471859847,0.05981501940336311
E9_current_unobservable,proposed,20001001,3,0,0.5000000000004476,2,False,False,True,8,8,8,1.0,190.29999999999347,0.07938830238243187,0.22886033069522682,0,94.5681284957765,-0.035019096981872444,3.0070106411091393,0.05,1.002336880369713,0.12151049050409399,0.9206516027325276,0.07247177038555105,0.12562595091745915
E9_current_unobservable,residual_only,20001001,0,0,,0,False,False,True,8,8,8,1.0,190.29999999999347,0.07938830238243187,0.22886033069522682,0,94.5681284957765,-0.035019096981872444,3.0070106411091393,0.05,1.002336880369713,0.12151049050409399,0.9206516027325276,0.07247177038555105,0.12562595091745915
E9_current_unobservable,ablation_a1,20001002,3,0,0.5000000000004476,2,False,False,True,8,8,8,1.0,190.79999999999345,0.07001889216630491,0.19049241066070666,0,94.7342749048516,-0.03332372546069795,2.995798303849085,0.05,0.9985994346163617,0.04644218512424306,0.9764150943396226,0.057787770707999765,0.08449748637310651
E9_current_unobservable,ablation_a2,20001002,3,0,0.5000000000004476,2,False,False,True,8,8,8,1.0,190.79999999999345,0.07001889216630491,0.19049241066070666,0,94.7342749048516,-0.03332372546069795,2.995798303849085,0.05,0.9985994346163617,0.04644218512424306,0.9764150943396226,0.057787770707999765,0.08449748637310651
E9_current_unobservable,covariance_only,20001002,0,0,,0,False,False,True,8,8,8,1.0,190.79999999999345,0.06698279188290117,0.18559788705097757,0,94.74393027006535,-0.03322520132586382,2.995903880381457,0.05,0.998634626793819,0.06131477931274083,0.9989517819706499,0.06749281753231605,0.11922554639143516
E9_current_unobservable,dead_reckoning,20001002,0,0,,0,False,False,False,8,5,8,0.625,179.4999999999941,2.9425584759676227,8.282509517939273,0,89.10795129480395,-0.09073519086934745,2.9957595654186058,0.05,0.9985865218062019,3.1859191026269027,0.0005571030640668524,4.07619249908208,9.13871912193673
E9_current_unobservable,fixed,20001002,0,1,,0,False,False,True,8,8,8,1.0,378.40000000001754,0.09580252819562866,0.2749470623421306,0,95.21428568557485,-0.028425656269644328,1.019748962848044,0.14997357293868915,0.33991632094934804,0.01690261442704322,1.0,0.025884465534409182,0.03182580755888614
E9_current_unobservable,oracle,20001002,0,1,,0,False,False,True,8,8,8,1.0,189.6999999999935,0.05089602832140284,0.1444741898250883,0,95.02833682350786,-0.030323093637674936,1.0323688452897912,0.4497891407485505,0.3441229484299304,0.033318040696498366,0.9862941486557723,0.0515502073381455,0.06309244140768291
E9_current_unobservable,proposed,20001002,3,0,0.5000000000004476,2,False,False,True,8,8,8,1.0,190.79999999999345,0.07001889216630491,0.19049241066070666,0,94.7342749048516,-0.03332372546069795,2.995798303849085,0.05,0.9985994346163617,0.04644218512424306,0.9764150943396226,0.057787770707999765,0.08449748637310651
E9_current_unobservable,residual_only,20001002,0,0,,0,False,False,True,8,8,8,1.0,190.79999999999345,0.07001889216630491,0.19049241066070666,0,94.7342749048516,-0.03332372546069795,2.995798303849085,0.05,0.9985994346163617,0.04644218512424306,0.9764150943396226,0.057787770707999765,0.08449748637310651
E9_current_unobservable,ablation_a1,20001003,3,0,0.5000000000004476,2,False,False,True,8,8,8,1.0,190.59999999999346,0.06535023060862437,0.21092726033331033,0,94.68113799386897,-0.03386593883807176,3.001004608985229,0.05,1.000334869661743,0.10576045717832269,0.9244491080797481,0.05736052930263931,0.08416636187865092
E9_current_unobservable,ablation_a2,20001003,3,0,0.5000000000004476,2,False,False,True,8,8,8,1.0,190.59999999999346,0.06535023060862437,0.21092726033331033,0,94.68113799386897,-0.03386593883807176,3.001004608985229,0.05,1.000334869661743,0.10576045717832269,0.9244491080797481,0.05736052930263931,0.08416636187865092
E9_current_unobservable,covariance_only,20001003,0,0,,0,False,False,True,8,8,8,1.0,190.49999999999346,0.07591302716484,0.24569269010413786,0,94.60876645933058,-0.034604423884381785,3.0009609644151416,0.05000000000000001,1.0003203214717138,0.11449591326518199,0.9984251968503937,0.06306241768084547,0.09960270628944168
E9_current_unobservable,dead_reckoning,20001003,0,0,,0,False,False,False,8,7,8,0.875,200.3999999999929,2.443427185953133,7.766447496778975,0,99.56051065261533,0.01592357808791167,3.0012041202565523,0.05000000000000001,1.0004013734188508,1.4349538395001724,0.000499001996007984,3.031752830668188,7.576011674918173
E9_current_unobservable,fixed,20001003,0,1,,0,False,False,True,8,8,8,1.0,377.7000000000174,0.09858328032455038,0.30546592003482864,0,95.22294542352367,-0.02833729159669729,1.0211261626791621,0.14997352396081542,0.3403753875597207,0.011978825097241647,1.0,0.025351474752365738,0.03229531490965224
E9_current_unobservable,oracle,20001003,0,0,,0,False,False,True,8,8,8,1.0,189.9999999999935,0.0552353839339102,0.22076238501888135,0,94.79867730605847,-0.032666558101444254,2.0151498441290765,0.1499473684210526,0.6717166147096921,0.17239779212430362,0.8057894736842105,0.06255508160364517,0.11621248503372301
E9_current_unobservable,proposed,20001003,3,0,0.5000000000004476,2,False,False,True,8,8,8,1.0,190.59999999999346,0.06535023060862437,0.21092726033331033,0,94.68113799386897,-0.03386593883807176,3.001004608985229,0.05,1.000334869661743,0.10576045717832269,0.9244491080797481,0.05736052930263931,0.08416636187865092
E9_current_unobservable,residual_only,20001003,0,0,,0,False,False,True,8,8,8,1.0,190.59999999999346,0.06535023060862437,0.21092726033331033,0,94.68113799386897,-0.03386593883807176,3.001004608985229,0.05,1.000334869661743,0.10576045717832269,0.9244491080797481,0.05736052930263931,0.08416636187865092
E9_current_unobservable,ablation_a1,20001004,3,0,0.5000000000004476,2,False,False,True,8,8,8,1.0,191.3999999999934,0.07578696021166474,0.22194710189519817,0,94.90307870019859,-0.03160123775307555,2.997859368987153,0.05000000000000001,0.999286456329051,0.14899070398570088,0.8834900731452455,0.06841399433086838,0.11311658814902699
E9_current_unobservable,ablation_a2,20001004,3,0,0.5000000000004476,2,False,False,True,8,8,8,1.0,191.3999999999934,0.07578696021166474,0.22194710189519817,0,94.90307870019859,-0.03160123775307555,2.997859368987153,0.05000000000000001,0.999286456329051,0.14899070398570088,0.8834900731452455,0.06841399433086838,0.11311658814902699
E9_current_unobservable,covariance_only,20001004,0,0,,0,False,False,True,8,8,8,1.0,191.19999999999342,0.09023564020001926,0.2814583335784251,0,94.7744299604617,-0.03291397999528878,2.997796266300582,0.05000000000000001,0.9992654221001941,0.13813856274588474,0.997907949790795,0.07535475710405605,0.13015532175826716
E9_current_unobservable,dead_reckoning,20001004,0,0,,0,False,False,False,8,7,8,0.875,196.59999999999312,1.4673738532422662,4.427689619189778,0,97.48497821230035,-0.00525532436428211,2.9979224532192323,0.05,0.9993074844064108,1.9679192434644714,0.000508646998982706,1.8975987785291706,4.66544482738897
E9_current_unobservable,fixed,20001004,0,1,,0,False,False,True,8,8,8,1.0,378.80000000001763,0.10364267080583352,0.24934492934409036,0,95.40477261289152,-0.026481912113351824,1.0192802574081032,0.14997360084477293,0.33976008580270106,0.011960276145461145,1.0,0.026424728502155343,0.03224150740663208
E9_current_unobservable,oracle,20001004,0,1,,0,False,False,True,8,8,8,1.0,190.29999999999347,0.05539484125067751,0.1664814308420266,0,94.89837270720307,-0.0316492580897646,2.0068617957135735,0.4497898055701525,0.6689539319045245,0.07027394077417252,0.9411455596426694,0.05788498758664712,0.07732362743367877
E9_current_unobservable,proposed,20001004,3,0,0.5000000000004476,2,False,False,True,8,8,8,1.0,191.3999999999934,0.07578696021166474,0.22194710189519817,0,94.90307870019859,-0.03160123775307555,2.997859368987153,0.05000000000000001,0.999286456329051,0.14899070398570088,0.8834900731452455,0.06841399433086838,0.11311658814902699
E9_current_unobservable,residual_only,20001004,0,0,,0,False,False,True,8,8,8,1.0,191.3999999999934,0.07578696021166474,0.22194710189519817,0,94.90307870019859,-0.03160123775307555,2.997859368987153,0.05000000000000001,0.999286456329051,0.14899070398570088,0.8834900731452455,0.06841399433086838,0.11311658814902699
E9_current_unobservable,ablation_a1,20001005,3,0,0.5000000000004476,2,False,False,True,8,8,8,1.0,189.9999999999935,0.06599679005853269,0.19698329685315263,0,94.55891613313827,-0.03511310068226259,3.002725902529434,0.05,1.0009086341764781,0.018896528716200376,0.97,0.04725124771071736,0.07625769149327609
E9_current_unobservable,ablation_a2,20001005,3,0,0.5000000000004476,2,False,False,True,8,8,8,1.0,189.9999999999935,0.06599679005853269,0.19698329685315263,0,94.55891613313827,-0.03511310068226259,3.002725902529434,0.05,1.0009086341764781,0.018896528716200376,0.97,0.04725124771071736,0.07625769149327609
E9_current_unobservable,covariance_only,20001005,0,0,,0,False,False,True,8,8,8,1.0,189.8999999999935,0.06258998063060386,0.2168667215611766,0,94.49246021792702,-0.035791222266050804,3.002737227130298,0.05000000000000001,1.0009124090434327,0.04048813078077749,0.9989468141126909,0.0555701804292573,0.11195434246875545
E9_current_unobservable,dead_reckoning,20001005,0,0,,0,False,False,False,8,6,8,0.75,176.39999999999426,3.7254298215732993,10.921836815094366,0,87.7462284850674,-0.10463032158094487,3.002624536563857,0.05,1.0008748455212857,3.8355275921295564,0.0005668934240362812,4.615465623464009,10.783113631116844
E9_current_unobservable,fixed,20001005,0,1,,0,False,False,True,8,8,8,1.0,377.9000000000174,0.06075799977507636,0.24351142856954588,0,95.16776039208929,-0.028900404162354176,1.0207843854720435,0.14997353797300866,0.3402614618240145,0.00719700002315477,1.0,0.02316223722529147,0.030817386456828334
E9_current_unobservable,oracle,20001005,0,1,,0,False,False,True,8,8,8,1.0,189.5999999999935,0.05423393503489282,0.19800275353466112,0,95.00670784516404,-0.03054379749832603,1.0425306418587441,0.05,0.3475102139529147,0.0200332570742731,1.0,0.04803085898008103,0.05825633788284379
E9_current_unobservable,proposed,20001005,3,0,0.5000000000004476,2,False,False,True,8,8,8,1.0,189.9999999999935,0.06599679005853269,0.19698329685315263,0,94.55891613313827,-0.03511310068226259,3.002725902529434,0.05,1.0009086341764781,0.018896528716200376,0.97,0.04725124771071736,0.07625769149327609
E9_current_unobservable,residual_only,20001005,0,0,,0,False,False,True,8,8,8,1.0,189.9999999999935,0.06599679005853269,0.19698329685315263,0,94.55891613313827,-0.03511310068226259,3.002725902529434,0.05,1.0009086341764781,0.018896528716200376,0.97,0.04725124771071736,0.07625769149327609
E9_current_unobservable,ablation_a1,20001006,3,0,0.5000000000004476,2,False,False,True,8,8,8,1.0,190.99999999999343,0.061193110442694466,0.22193917795742202,0,94.8818949479974,-0.03181739848982246,3.002761957522588,0.05000000000000001,1.0009206525075294,0.08547045722466269,0.9602094240837696,0.07067798952085078,0.10689383969693542
E9_current_unobservable,ablation_a2,20001006,3,0,0.5000000000004476,2,False,False,True,8,8,8,1.0,190.99999999999343,0.061193110442694466,0.22193917795742202,0,94.8818949479974,-0.03181739848982246,3.002761957522588,0.05000000000000001,1.0009206525075294,0.08547045722466269,0.9602094240837696,0.07067798952085078,0.10689383969693542
E9_current_unobservable,covariance_only,20001006,0,0,,0,False,False,True,8,8,8,1.0,190.89999999999344,0.06652169881697804,0.20437432806373224,0,94.85952483909719,-0.032045664907171534,3.002775479038658,0.05000000000000001,1.0009251596795525,0.11782406946857292,0.998952331063384,0.08827042468921173,0.16005667891144099
E9_current_unobservable,dead_reckoning,20001006,0,0,,0,False,False,False,8,5,8,0.625,184.6999999999938,3.8653120152736937,8.381550573514962,0,91.6159068118412,-0.06514380804243669,3.0026081630561317,0.05000000000000001,1.0008693876853771,2.1107457031421624,0.0005414185165132648,3.673835698879279,8.25002937372781
E9_current_unobservable,fixed,20001006,0,1,,0,False,False,True,8,8,8,1.0,379.40000000001777,0.0759810667985521,0.2428487220363973,0,95.30983423792661,-0.027450671041565178,1.0189928144320326,0.14997364259356877,0.3396642714773442,0.014797174434625995,1.0,0.027768791630204313,0.032859152122225094
E9_current_unobservable,oracle,20001006,0,1,,0,False,False,True,8,8,8,1.0,190.49999999999346,0.054977819522535366,0.17549557125443105,0,95.21516844776207,-0.028416648492223806,1.042061350895959,0.05000000000000001,0.3473537836319864,0.035350063694805756,1.0,0.054313969594313,0.06392675644520786
E9_current_unobservable,proposed,20001006,3,0,0.5000000000004476,2,False,False,True,8,8,8,1.0,190.99999999999343,0.061193110442694466,0.22193917795742202,0,94.8818949479974,-0.03181739848982246,3.002761957522588,0.05000000000000001,1.0009206525075294,0.08547045722466269,0.9602094240837696,0.07067798952085078,0.10689383969693542
E9_current_unobservable,residual_only,20001006,0,0,,0,False,False,True,8,8,8,1.0,190.99999999999343,0.061193110442694466,0.22193917795742202,0,94.8818949479974,-0.03181739848982246,3.002761957522588,0.05000000000000001,1.0009206525075294,0.08547045722466269,0.9602094240837696,0.07067798952085078,0.10689383969693542
E9_current_unobservable,ablation_a1,20001007,3,0,0.5000000000004476,2,False,False,True,8,8,8,1.0,190.59999999999346,0.06458347977971707,0.1820948859884326,0,94.7941965702439,-0.03271227989547043,3.001606404330683,0.05,1.0005354681102276,0.0697471326586821,0.9637985309548793,0.058480351420577927,0.07865005137299812
E9_current_unobservable,ablation_a2,20001007,3,0,0.5000000000004476,2,False,False,True,8,8,8,1.0,190.59999999999346,0.06458347977971707,0.1820948859884326,0,94.7941965702439,-0.03271227989547043,3.001606404330683,0.05,1.0005354681102276,0.0697471326586821,0.9637985309548793,0.058480351420577927,0.07865005137299812
E9_current_unobservable,covariance_only,20001007,0,0,,0,False,False,True,8,8,8,1.0,190.59999999999346,0.07127622760970015,0.20711998671051424,0,94.7878722804575,-0.03277681346471928,3.001565965073662,0.05,1.0005219883578873,0.09138010773265975,0.9984260230849947,0.06599018669781499,0.09684854444254463
E9_current_unobservable,dead_reckoning,20001007,0,0,,0,False,False,True,8,8,8,1.0,208.49999999999244,1.641900234190392,5.67885695536336,0,103.75504845375451,0.0587249842219848,3.00117942927928,0.05,1.0003931430930935,2.7763901450203856,0.00047961630695443646,2.3885355615886317,4.860124076245562
E9_current_unobservable,fixed,20001007,0,1,,0,False,False,True,8,8,8,1.0,379.30000000001775,0.08637102064435594,0.2311435210491517,0,95.23888945638876,-0.028174597383788136,1.0250833009889038,0.14997363564460847,0.3416944336629679,0.01185148005638838,1.0,0.026824973577096553,0.0320772714746803
E9_current_unobservable,oracle,20001007,0,1,,0,False,False,True,8,8,8,1.0,190.79999999999345,0.06146035504729443,0.1961538102707845,0,94.85099576906578,-0.032132696234022706,2.9986648955945627,0.05,0.9995549651981875,0.08826554757522725,0.7856394129979035,0.07009301030494153,0.10101620532855964
E9_current_unobservable,proposed,20001007,3,0,0.5000000000004476,2,False,False,True,8,8,8,1.0,190.59999999999346,0.06458347977971707,0.1820948859884326,0,94.7941965702439,-0.03271227989547043,3.001606404330683,0.05,1.0005354681102276,0.0697471326586821,0.9637985309548793,0.058480351420577927,0.07865005137299812
E9_current_unobservable,residual_only,20001007,0,0,,0,False,False,True,8,8,8,1.0,190.59999999999346,0.06458347977971707,0.1820948859884326,0,94.7941965702439,-0.03271227989547043,3.001606404330683,0.05,1.0005354681102276,0.0697471326586821,0.9637985309548793,0.058480351420577927,0.07865005137299812
E9_current_unobservable,ablation_a1,20001008,3,0,0.5000000000004476,2,False,False,True,8,8,8,1.0,189.9999999999935,0.09240717120249256,0.3028898154647224,0,94.4399860959296,-0.036326672490514356,2.997664379723207,0.05,0.9992214599077357,0.26137747114526044,0.741578947368421,0.10268393620811776,0.20453713728260506
E9_current_unobservable,ablation_a2,20001008,3,0,0.5000000000004476,2,False,False,True,8,8,8,1.0,189.9999999999935,0.09240717120249256,0.3028898154647224,0,94.4399860959296,-0.036326672490514356,2.997664379723207,0.05,0.9992214599077357,0.26137747114526044,0.741578947368421,0.10268393620811776,0.20453713728260506
E9_current_unobservable,covariance_only,20001008,0,0,,0,False,False,True,8,8,8,1.0,190.29999999999347,0.09082303341576206,0.28327098678990703,0,94.57959073412084,-0.03490213536611386,2.9976819363470595,0.05,0.9992273121156865,0.1836712075557282,0.9984235417761429,0.09113963257664423,0.16878739148408275
E9_current_unobservable,dead_reckoning,20001008,0,0,,0,False,False,False,8,4,8,0.5,172.99999999999446,4.47299778792391,9.76974395458565,0,85.87850399615016,-0.12368873473316166,2.9971158633462998,0.05,0.9990386211154333,2.301231787685627,0.0005780346820809249,4.59946436462179,11.048739875387653
E9_current_unobservable,fixed,20001008,0,1,,0,False,False,True,8,8,8,1.0,379.0000000000177,0.10575155476553476,0.2734448047563447,0,95.42793451286524,-0.026245566195252756,1.0208864594799674,0.14997361477572554,0.3402954864933225,0.012797293350238994,1.0,0.026451899935232715,0.0334131517500373
E9_current_unobservable,oracle,20001008,0,1,,0,False,False,True,8,8,8,1.0,190.49999999999346,0.053668685655118405,0.17016682892152923,0,94.94259762675176,-0.03119798340049218,2.015378593253906,0.14994750656167977,0.6717928644179687,0.11097976050147074,1.0,0.06065548138683918,0.09636704206644606
E9_current_unobservable,proposed,20001008,3,0,0.5000000000004476,2,False,False,True,8,8,8,1.0,189.9999999999935,0.09240717120249256,0.3028898154647224,0,94.4399860959296,-0.036326672490514356,2.997664379723207,0.05,0.9992214599077357,0.26137747114526044,0.741578947368421,0.10268393620811776,0.20453713728260506
E9_current_unobservable,residual_only,20001008,0,0,,0,False,False,True,8,8,8,1.0,189.9999999999935,0.09240717120249256,0.3028898154647224,0,94.4399860959296,-0.036326672490514356,2.997664379723207,0.05,0.9992214599077357,0.26137747114526044,0.741578947368421,0.10268393620811776,0.20453713728260506
E9_current_unobservable,ablation_a1,20001009,3,0,0.5000000000004476,2,False,False,True,8,8,8,1.0,189.9999999999935,0.0691835145571047,0.21510123348888932,0,94.5550772158128,-0.03515227330803261,2.9997363565264603,0.05,0.9999121188421535,0.025555087766461246,0.9826315789473684,0.051990097032075626,0.07958291789471009
E9_current_unobservable,ablation_a2,20001009,3,0,0.5000000000004476,2,False,False,True,8,8,8,1.0,189.9999999999935,0.0691835145571047,0.21510123348888932,0,94.5550772158128,-0.03515227330803261,2.9997363565264603,0.05,0.9999121188421535,0.025555087766461246,0.9826315789473684,0.051990097032075626,0.07958291789471009
E9_current_unobservable,covariance_only,20001009,0,0,,0,False,False,True,8,8,8,1.0,190.09999999999349,0.06854122219210888,0.2168039971094533,0,94.60977275903419,-0.03459415552005929,2.9997116510121433,0.05,0.9999038836707145,0.03630456938423077,0.9994739610731194,0.06016868011159651,0.10287806715795096
E9_current_unobservable,dead_reckoning,20001009,0,0,,0,False,False,False,8,6,8,0.75,185.79999999999373,1.9942927825770338,4.412282025945156,0,92.46882309036286,-0.056440580710583,2.999712556978432,0.05,0.9999041856594774,2.6030541109107355,0.0005382131324004305,2.5012130116557656,5.189973643649501
E9_current_unobservable,fixed,20001009,0,1,,0,False,False,True,8,8,8,1.0,377.4000000000173,0.08211611006682686,0.24344398427551006,0,95.23139251144086,-0.028251096822032085,1.0212997203193035,0.1499735029146793,0.3404332401064345,0.009777733104220435,1.0,0.025203238278734264,0.03166317945473441
E9_current_unobservable,oracle,20001009,0,1,,0,False,False,True,8,8,8,1.0,189.6999999999935,0.05166986100639924,0.16757061468524626,0,94.77516038676373,-0.03290652666567617,2.0024985972182985,0.14994728518713754,0.6674995324060995,0.026725951640230096,0.9430680021085925,0.05158057778260156,0.0696530113406973
E9_current_unobservable,proposed,20001009,3,0,0.5000000000004476,2,False,False,True,8,8,8,1.0,189.9999999999935,0.0691835145571047,0.21510123348888932,0,94.5550772158128,-0.03515227330803261,2.9997363565264603,0.05,0.9999121188421535,0.025555087766461246,0.9826315789473684,0.051990097032075626,0.07958291789471009
E9_current_unobservable,residual_only,20001009,0,0,,0,False,False,True,8,8,8,1.0,189.9999999999935,0.0691835145571047,0.21510123348888932,0,94.5550772158128,-0.03515227330803261,2.9997363565264603,0.05,0.9999121188421535,0.025555087766461246,0.9826315789473684,0.051990097032075626,0.07958291789471009
